00:00:49.020125,I,920034ff86ff62005e000f41
00:00:49.020562,I,450008ffb4ff4c006d004441
00:00:49.021125,I,650002ff6dff570076007741
00:00:49.021750,I,39000eff80ff6a00ad00b141
00:00:49.022312,I,390008ff9aff7200a300c241
00:00:49.022937,I,7f0002ff80ff6500b000d541
00:00:49.023500,I,9e00d6fedaffa200f2001e42
00:00:49.024125,I,9e004dff8dffbb00a4001242
00:00:49.024687,I,2c001bff73ffc100c400e541
00:00:49.025312,I,980015ff9affbe00ee00c741
00:00:49.025875,I,590015ff6dffbc00a9007b41
00:00:49.026437,I,060015ffc1ff930088005c41
00:00:49.027062,I,5f002eff7aff3700ac001f41
00:00:49.027625,I,4c00aafe8dff76008800e440
00:00:49.028250,I,920015ff46ff4f0073000b41
00:00:49.028812,I,780060fff4ff65008c00f040
00:00:49.029437,I,7f0008ff6dff65008000e140
00:00:49.030000,I,9e00d0fec0ff360046000e41
00:00:49.030562,I,450008ff87ff3f003700f040
00:00:49.031187,I,58002eff9aff5500f1ff2f41
00:00:49.031750,I,b800e2fe9aff4b00faff8841
00:00:49.032375,I,78000effa0ff080009007741
00:00:49.032937,I,8b00bdfe8dffe9fff9ff9141
00:00:49.033562,I,9e00d0fe7aff4900f4ff8341
00:00:49.034125,I,9e00d0fe53ff0e00ffff9a41
00:00:49.034687,I,650041ff80ff4d00f9ffb441
00:00:49.035312,I,72003affc0ff1000deffa841
00:00:49.035875,I,f100c3fe59ff4900ebff9141
00:00:49.036500,I,6500fbfe80ff1900d4ff8041
00:00:49.037062,I,260040ff66ff460019002541
00:00:49.037687,I,5f0002ff53ff3f0020008241
00:00:49.038250,I,5f000eff59ff49001e002241
00:00:49.038812,I,39001bff59ff4c00f8ff3b41
00:00:49.039437,I,59000eff6dff430066000541
00:00:49.040000,I,9e00e2fe60ff510043001041
00:00:49.040625,I,850008ff9aff4e0082006241
00:00:49.041187,I,98002eff4cff3f006e006941
00:00:49.041812,I,5f0015ffbaff7e0098005941
00:00:49.042375,I,b100e9fe73ff68009900ac41
00:00:49.042937,I,580028ff53ff8d00b400e641
00:00:49.043562,I,520034ff39ff8d00c900e641
00:00:49.044125,I,3f00f5fe59ffa700e400ab41
00:00:49.044750,I,45003affc0ff9100dc00fd41
00:00:49.045312,I,5f00f5fe39ff9a00bd001242
00:00:49.045937,I,4c0047ff80ffae008b00dd41
00:00:49.046500,I,5f00e2fe86ffbe007f00f341
00:00:49.047062,I,39000eff93ff6c009800ba41
00:00:49.047687,I,5900aafe8dff8f006b009241
00:00:49.048250,I,720027ffc7ff56008a00ef40
00:00:49.048875,I,590021ff59ff410075000c41
00:00:49.049437,I,b1002eff93ff2c0099000a41
00:00:49.050062,I,8b0021ffa7ff50005e00f140
00:00:49.050625,I,920021ff87ff43008e001441
00:00:49.051187,I,5200dcfe94ff1c007f004741
00:00:49.051812,I,b10008ff6dff540042008d41
00:00:49.052375,I,390002ffceff280009007f41
00:00:49.053000,I,330008ffadff3c000d008f41
00:00:49.053562,I,4c000eff9aff0700f0ff9641
00:00:49.054187,I,7e00dcfe59ff020007009441
00:00:49.054750,I,780021ff9aff370016007e41
00:00:49.055312,I,7f0028ff93ff3d00ccff5841
00:00:49.055937,I,850021ff80ff3e00ebff8841
00:00:49.056500,I,6500effe80ff38000f00a641
00:00:49.057125,I,320015ff73ff56002d005c41
00:00:49.057687,I,a500f5fe73ff280036003c41
00:00:49.058312,I,9200dcfe80ff3400fdff4e41
00:00:49.058875,I,5200e9fe40ff2a004c009241
00:00:49.059437,I,780040ffc7ff2e0047005a41
00:00:49.060062,I,ab003aff80ff2a0065005041
00:00:49.060625,I,6b0034ffbaff490063007941
00:00:49.061250,I,3300effe73ff2a0040007a41
00:00:49.061812,I,9200bdfe73ff3f0075005141
00:00:49.062437,I,85001bffb4ff4300ac004d41
00:00:49.063000,I,4c0021ff80ff63008e00a241
00:00:49.063562,I,9e0015ffc1ffae00a300d441
00:00:49.064187,I,520002ff80ff96005300d241
00:00:49.064750,I,5800fbfec0ffae009900c341
00:00:49.065375,I,8b001bffa0ffbe009d00f841
00:00:49.065937,I,650008ff59ffc000aa00f941
00:00:49.066562,I,590002ff93ffd90097009a41
00:00:49.067125,I,5f00dcfe80ffa0007c009641
00:00:49.067687,I,3f000effadff9c009d008041
00:00:49.068312,I,6500effe86ff8b003f006841
00:00:49.068875,I,130008ffc0ffb2006c001a41
00:00:49.069500,I,b80008ffb3ff4c004100db40
00:00:49.070062,I,52001bffe1ff4f004600e040
00:00:49.070687,I,9800d6fe6dff21006400d840
00:00:49.071250,I,6c0002ffb4ff43007e00be40
00:00:49.071812,I,130027ff80ff3b003d002c41
00:00:49.072437,I,cb0015ff66ff61001e005041
00:00:49.073000,I,59002effa1ff20002700b941
00:00:49.073625,I,460060ff46ff39003100a241
00:00:49.074187,I,52000eff60ff1a001400a941
00:00:49.074812,I,a40021ffa0ff12001600c241
00:00:49.075375,I,19003aff46fffcffeeff9a41
00:00:49.075937,I,9e00dcfe86ff2e00e0ffa941
00:00:49.076562,I,5f002eff60ff1600e6ff5b41
00:00:49.077125,I,a5000eff66ff21001e006641
00:00:49.077750,I,3200e9fe1fff1800e2ff4041
00:00:49.078312,I,4c00d6fe93ff4a003b001141
00:00:49.078937,I,65004dff66ff4c000f001e41
00:00:49.079500,I,85000eff53ff790029002141
00:00:49.080125,I,85001bff86ff2b0036000741
00:00:49.080687,I,720015ff60ff1e003000ff40
00:00:49.081250,I,580034ff7aff4e0094002441
00:00:49.081875,I,b100c9fe8dff4d009c005c41
00:00:49.082437,I,6b0027ffadff6a0077003f41
00:00:49.083062,I,6500c3fe87ff6f00a3008141
00:00:49.083625,I,b80002ff87ff5a008400c841
00:00:49.084250,I,65001bff9aff8000a300dc41
00:00:49.084812,I,4c0008ff9aff78009f00f441
00:00:49.085375,I,6c0021ff60ff8200af00e041
00:00:49.086000,I,7200dcfe73ff9500a400cc41
00:00:49.086562,I,5f0034ff73ff88009e00ed41
00:00:49.087187,I,78000eff7affb200a500d641
00:00:49.087750,I,39000eff6dffd100aa009d41
00:00:49.088375,I,52004dff73ff6a0080004f41
00:00:49.088937,I,85003aff93ff830067000441
00:00:49.089500,I,330002ff6dff85008e001641
00:00:49.090125,I,1f0015ff6dff790052000541
00:00:49.090687,I,390034ff80ff6e006900dd40
00:00:49.091312,I,3f000fff67ff81005400de40
00:00:49.091875,I,ab0041ff94ff1e002f003141
00:00:49.092500,I,8b00effe66ff44004a001b41
00:00:49.093062,I,26003affa0ff240044002841
00:00:49.093625,I,1f00fbfe66ff080024008641
00:00:49.094250,I,39003affa0ff2e00d9ff8041
00:00:49.094812,I,460015ff59ff2d00faffb741
00:00:49.095437,I,65003aff93ff6000e7ffe141
00:00:49.096000,I,8b0034ff59ff15000800b441
00:00:49.096625,I,8500bdfe4cff73000a00a341
00:00:49.097187,I,650015ffa0ff1e000e00b541
00:00:49.097750,I,8b003aff86ff1c000700ba41
00:00:49.098375,I,b80040ff8dff390005004441
00:00:49.098937,I,8500c3fecdfff8ff1e005041
00:00:49.099562,I,6500dcfe53ff28001b005741
00:00:49.100125,I,cb00fbfe60ff570031005441
00:00:49.100750,I,390015ffb4ff1e002d002641
00:00:49.101312,I,5f0021ff26ff4b004e003541
00:00:49.101875,I,4c00c9fe9aff350054007441
00:00:49.102500,I,1f0002ff33ff7f0064008541
00:00:49.103062,I,a500e9fe86ff540080004341
00:00:49.103687,I,a50015ff4cff36009e005f41
00:00:49.104250,I,650041ffbaff620086007641
00:00:49.104875,I,720015ff19ff5e008800ad41
00:00:49.105437,I,580021ffb3ff9e00ce00c641
00:00:49.106000,I,7e0008ff60ffcd009c00f641
00:00:49.106625,I,78001bffa7ffa1009f00a041
00:00:49.107187,I,a500e9fe87ff93008a007441
00:00:49.107812,I,5800effe94ffb000c700b941
00:00:49.108375,I,8500cffe80ffaf00c1005241
00:00:49.109000,I,0c0021ffc0ff730074005d41
00:00:49.109562,I,9e00e2fe46ff7b0094003b41
00:00:49.110125,I,9200effe80ff760075002441
00:00:49.110750,I,7800fcfe93ff360073001441
00:00:49.111312,I,9100effeadff6d005000f340
00:00:49.111937,I,7f0015ffc0ff780068000341
00:00:49.112500,I,720002ff93ff490050003b41
00:00:49.113125,I,9e0015ffadff330020003b41
00:00:49.113687,I,65000effd4ff47000e009641
00:00:49.114250,I,720021ff8dffeeff20009241
00:00:49.114875,I,6c0008ffa0ff5c0004007541
00:00:49.115437,I,5800c9feadfff1ffe8ffc541
00:00:49.116062,I,6c000eff73ffe7ff0300df41
00:00:49.116625,I,3900effe6dffe4fff6ffcc41
00:00:49.117250,I,3f003affadff2f0005006241
00:00:49.117812,I,6b000eff7aff5200f2ff4741
00:00:49.118375,I,130053ffbaff240008006441
00:00:49.119000,I,78001bff7aff5e0012005641
00:00:49.119562,I,4500effe0cff54002b005f41
00:00:49.120187,I,520034ff9aff3400f6ff3741
00:00:49.120750,I,8b00aafe60ff20003b006841
00:00:49.121375,I,650021ff8dff1a0050003141
00:00:49.121937,I,6c00fcfe4cff36005e001841
00:00:49.122562,I,a40008ff2cff54006b005d41
00:00:49.123125,I,a5000eff8dff780089003841
00:00:49.123687,I,590021ff9aff5a0074008a41
00:00:49.124312,I,b10021ff59ff6b009d00c141
00:00:49.124875,I,5f00effe40ff7600b200e141
00:00:49.125499,I,3900effe93ff850085000442
00:00:49.126062,I,5f00fbfe87ff9f00b5000d42
00:00:49.126687,I,4600c3fe6dff9300ad00d441
00:00:49.127250,I,5200dcfea0ffaf00c000fa41
00:00:49.127812,I,5900d6fe4cff6d00c700f941
00:00:49.128437,I,8b001bffe1ff8d00bd00ab41
00:00:49.128999,I,f3ff3bff80ff8b00ab006f41
00:00:49.129624,I,ab00cffe4dff6e00a6006541
00:00:49.130187,I,9e004dffd4ff90007500f640
00:00:49.130812,I,7800e2fe53ff6300a4002141
00:00:49.131375,I,130021ffadff5f007000d240
00:00:49.131937,I,590041ff66ff58005100e440
00:00:49.132562,I,780021ff93ff10004000e040
00:00:49.133125,I,6c0002ff9aff2b005e001141
00:00:49.133750,I,b10015ffbaff2d005c000a41
00:00:49.134312,I,ab0008ff4dff240011007841
00:00:49.134937,I,650034ffc7ff1e002c008941
00:00:49.135500,I,7f00e2fec7ffe4fffeffa241
00:00:49.136062,I,9100fcfe86ff08000e00c641
00:00:49.136687,I,260034ff87ff00000a00b041
00:00:49.137250,I,6c00fcfebaff1600d6ffaa41
00:00:49.137875,I,8500d6fe46fffbff0d00ac41
00:00:49.138437,I,850002ff86ff30003c008841
00:00:49.139062,I,650028ff79ff1800dfff8c41
00:00:49.139625,I,7800d6fe7aff210009003841
00:00:49.140187,I,39000effdaff0e00e2ff4a41
00:00:49.140812,I,260027ff7aff490061003841
00:00:49.141375,I,8b00d6fefffe0c0062003141
00:00:49.142000,I,1900effeadff560054003641
00:00:49.142562,I,be0014ff4cff640062004d41
00:00:49.143187,I,6b0008ff7aff50005f004a41
00:00:49.143750,I,b100dcfe86ff6b0066004841
00:00:49.144312,I,8500e2fe7aff750069006541
00:00:49.144937,I,9800fbfe73ffa5009f009f41
00:00:49.145500,I,720066ffa7ffb1007200b641
00:00:49.146125,I,4c00aafe93ff72008a00e841
00:00:49.146687,I,ea0015ffcdff8600a3000942
00:00:49.147312,I,4500f5fe93ffc700ac002742
00:00:49.147875,I,4c0021ff79ffa10098001c42
00:00:49.148437,I,8b00f5fe86ffca00af000d42
00:00:49.149062,I,ab0015ff60ffad00c800ed41
00:00:49.149625,I,85002effadffa50097006741
00:00:49.150250,I,460028ffadff8900a7002441
00:00:49.150812,I,8b00e2fe2cff6e0090002341
00:00:49.151437,I,3200cffe87ff9b008c00fd40
00:00:49.152000,I,33000eff9aff550058000241
00:00:49.152562,I,6c00fbfeadff600074001d41
00:00:49.153187,I,7f00fbfe66ff43003600e740
00:00:49.153750,I,4c0015ff7aff45000f00fb40
00:00:49.154375,I,8b0040ff7afff9ffe4ff2841
00:00:49.154937,I,6c0054ff87ff3300f7ff7e41
00:00:49.155562,I,5f0002ff73ff3900daff7b41
00:00:49.156125,I,130015ff19ff100010008c41
00:00:49.156687,I,78001bff9aff290013008941
00:00:49.157312,I,5f00d0fea7ff1b00e4ffbf41
00:00:49.157875,I,8b0047ff6dff6200dbffd341
00:00:49.158500,I,26000fff73ff1b0004009141
00:00:49.159062,I,8b00e9fe80ff07001b007b41
00:00:49.159687,I,7200d6fe59ff1600e2ff7041
00:00:49.160250,I,3f00e2feb4ff3300faff6741
00:00:49.160812,I,520034ff59ff1e003d005841
00:00:49.161437,I,5200e2fe9aff3c0071001e41
00:00:49.162000,I,6c0002ff6dff23003a002341
00:00:49.162625,I,26004dff7aff290060005541
00:00:49.163187,I,be00d0fe6dff57004f001541
00:00:49.163812,I,98001bff66ff4c0063002241
00:00:49.164375,I,5200effe60ff9c0072005c41
00:00:49.164937,I,200008ff59ff640072008941
00:00:49.165562,I,8b000eff8dff7a00ae009f41
00:00:49.166125,I,b1002eff73ffa200ce00d241
00:00:49.166750,I,d100dcfe93ff6d008c000242
00:00:49.167312,I,5f0027ffadff6c00a8009b41
00:00:49.167937,I,45003aff59ffb1009e00c041
00:00:49.168500,I,ab00c3fe6dff96008400e341
00:00:49.169062,I,1f004dfffaff9300a800f941
00:00:49.169687,I,5f0008ffc7ff8e009200ab41
00:00:49.170250,I,130073ffa7ff81008f006341
00:00:49.170875,I,7e00dcfe53ff95006b005841
00:00:49.171437,I,98000eff73ffaa006c003e41
00:00:49.172062,I,850002ffa7ffac004e003641
00:00:49.172625,I,580008ff87ff410039000341
00:00:49.173187,I,780008ff66ff44005a00fa40
00:00:49.173812,I,8b00fbfe7aff350029001541
00:00:49.174375,I,590008ff53ff3600ebff5241
00:00:49.175000,I,390021ff5aff24000a007e41
00:00:49.175562,I,78003aff59ff3800fbff8241
00:00:49.176187,I,590067ffadff3000ecff2441
00:00:49.176750,I,9e001bff73ffefff16009341
00:00:49.177312,I,4c00effe86ff3a002f00ba41
00:00:49.177937,I,1f00e2fe93ff1100e6ffba41
00:00:49.178500,I,65000eff73ff2c000d00cd41
00:00:49.179125,I,2c0008ff93ff4b001a009741
00:00:49.179687,I,5f001bff86fff8ff10009e41
00:00:49.180312,I,6b001bff80ff0c00f9ff4941
00:00:49.180875,I,5200aafe8dff08000e004541
00:00:49.181500,I,780041ff8dff040068001641
00:00:49.182062,I,7200f5fefffee9ff7b000c41
00:00:49.182625,I,13004dffb3ff1c0058003041
00:00:49.183250,I,b20008ff9aff340084005741
00:00:49.183812,I,520027ff33ff3e005f004941
00:00:49.184437,I,6c0021ffd4ff780077006041
00:00:49.185000,I,9800effe53ff510092007441
00:00:49.185625,I,5f004dffa0ff6c006b00a141
00:00:49.186187,I,6b0021ff73ff57009100d041
00:00:49.186750,I,3f00e9feb3ff8e009300c341
00:00:49.187375,I,f700d6fe66ff9e00ed00ac41
00:00:49.187937,I,650015ff93ff9100c300c241
00:00:49.188562,I,6b0034ff9affa000a000c741
00:00:49.189125,I,7800effea0ffa200c100c041
00:00:49.189750,I,5900effecdff85008e00a641
00:00:49.190312,I,7f00e9fe4cff9d0057009c41
00:00:49.190875,I,8b0047fff4ff7b002d003e41
00:00:49.191500,I,9800b0fe8dff9a009100ff40
00:00:49.192062,I,6b0027ff9aff4e0098003041
00:00:49.192687,I,7f00e2fe7aff9d007f00f440
00:00:49.193250,I,7800fcfe66ff37006e00dc40
00:00:49.193875,I,5900d6fe6dff610043000c41
00:00:49.194437,I,4c0014ff60ff5c0025001841
00:00:49.195000,I,a500e9fe6dff490029001041
00:00:49.195625,I,000027ffa7ff2e0014002a41
00:00:49.196187,I,92003aff6dff260043004341
00:00:49.196812,I,2c0060ff9aff14002c006041
00:00:49.197375,I,1f0021ffa7ff1b00e4ffdd41
00:00:49.198000,I,6500e2fe9aff1e00f4ffdb41
00:00:49.198562,I,5900e9fe6dff1200ffffb741
00:00:49.199125,I,6b00e3fe0e003300f7ffa241
00:00:49.199750,I,5200effe73ff4700eeff7741
00:00:49.200312,I,390014ffa7ff24002d007d41
00:00:49.200937,I,b100dcfe6dff1c0023007a41
00:00:49.201500,I,4c0060ff9aff510020003041
00:00:49.202125,I,a500cffe53ff1e001f001441
00:00:49.202687,I,6b001bff80ff680044004741
00:00:49.203250,I,b100e2fe1fff340028003f41
00:00:49.203875,I,98002eff53ff700034004241
00:00:49.204437,I,45001bff6dff460050005141
00:00:49.205062,I,920073ff4cff690065005841
00:00:49.205625,I,980047ff80ff7800a1007a41
00:00:49.206250,I,de001bff60ff7a00b1009e41
00:00:49.206812,I,5900e9fe33ff60009c00ce41
00:00:49.207375,I,7200dcfe6dff93008e00d241
00:00:49.208000,I,450047ff87ffac00a900c141
00:00:49.208562,I,650028ff80ffb500bc000642
00:00:49.209187,I,5f001bffb4ffa70073000a42
00:00:49.209750,I,4c00fcfe66ffa4008900f341
00:00:49.210375,I,1f002eff87ff91008700dd41
00:00:49.210937,I,7200e2fe66ff750093004e41
00:00:49.211500,I,2c0034ffbaff9c0081004441
00:00:49.212125,I,5f00e2fe46ff800078003741
00:00:49.212937,U,b56201075c00a09ac716e6070a140a091637180000005443fcff0301ea1e45bd830612cb9d1a8f440100ea9000002a050000e90600000000000000000000f9ffffff0000000000000000af00000080a81201610000005c414f210000000000000000755f
00:00:49.212687,I,7800f5fe86ff630042004241
00:00:49.213312,I,be005aff73ff57006d00e240
00:00:49.213875,I,58000eff6dff77008700b540
00:00:49.214500,I,59002eff80ff35003800ec40
00:00:49.215062,I,520034ff93ff20001c000441
00:00:49.215625,I,0d0027ff59ff260025004d41
00:00:49.216250,I,4c0008ff80fff7ff30004741
00:00:49.216812,I,19002eff93ff0d0031006a41
00:00:49.217437,I,9800fcfe4dff160019006c41
00:00:49.218000,I,b100effe80ff1a00fdffba41
00:00:49.218625,I,3f0041ff73ff0e00f4ff9741
00:00:49.219187,I,5f00e2fe60ff4b003d008f41
00:00:49.219750,I,3900e2feb4ff700024008d41
00:00:49.220375,I,8500d6fe73ff2c0003007a41
00:00:49.220937,I,1f00e2fe80ff190011006241
00:00:49.221562,I,320008ff7aff270020006041
00:00:49.222125,I,7f00e2fe20ff2a0008002641
00:00:49.222750,I,7800f5fe73ff540042003141
00:00:49.223312,I,59004dff73ff020058003841
00:00:49.223875,I,be0021ff9aff1f002c000241
00:00:49.224500,I,ab001bff39ff4a005b000641
00:00:49.225062,I,59003aff7aff360079004e41
00:00:49.225687,I,980021ff9aff3a0083004341
00:00:49.226250,I,320041ff73ff85009000b341
00:00:49.226875,I,6c00f5fe60ff9f005d00d941
00:00:49.227437,I,65001bff4cff9d009100e941
00:00:49.228000,I,650002ffb4ffa800af00ed41
00:00:49.228625,I,780047ffa0ff9900a600e641
00:00:49.229187,I,7200d0fe7affbc00ab00df41
00:00:49.229812,I,8b0015ff80ffb6008d00d041
00:00:49.230375,I,3f0015ffb3ffb500b900b241
00:00:49.231000,I,6500effea0ff9100c5008341
00:00:49.231562,I,650021ffe1ff93007e006741
00:00:49.231750,U,b56201364000a09ac716000101000000c03f0000803f3363b43fe7e3cabd0c5d8fbf2af7ac3e2f6f443e41324840057d863c34d2c3b907c51abc0070a23b4416ea3a400f003dc409
00:00:49.232125,I,980034ff9aff8800b9004541
00:00:49.232750,I,ab00fbfea7ffa7007a002e41
00:00:49.233312,I,720002ff59ff750075003a41
00:00:49.233937,I,4c0015ffa7ff66005200de40
00:00:49.234500,I,520008ff66ff33003c00dd40
00:00:49.235125,I,6c0008ff40ff380025000741
00:00:49.235687,I,9e0002ff66ff33004700ea40
00:00:49.236250,I,650028ffadff0100ffff1b41
00:00:49.236875,I,85004dff4cff1b001e005841
00:00:49.237437,I,720002ff6dff07000d007541
00:00:49.238062,I,3f00effe4cff0500e7ffa541
00:00:49.238625,I,46000effc7ff1a00dfff9941
00:00:49.239250,I,580053ff80ff62002300c041
00:00:49.239812,I,9800effeb3ff3d00f8ffc641
00:00:49.240375,I,5900effe6dff3e00dfff9541
00:00:49.241000,I,9200f5fe87ff31002b009b41
00:00:49.241562,I,7800e9fe46ff3b000f005c41
00:00:49.242187,I,7800effe33ff1c0021005241
00:00:49.242750,I,52003aff93ff50001e000841
00:00:49.243375,I,72000eff60ff50005d001741
00:00:49.243937,I,1f0086ff80ff58002b004041
00:00:49.244562,I,9200c3fe6dff30005b000841
00:00:49.245125,I,7800f5fe60ff5b0094003141
00:00:49.245687,I,edff3affadff62005d002041
00:00:49.246312,I,cb00effe93ff320073004e41
00:00:49.246875,I,7e0060ff87ff6f00ab009f41
00:00:49.247500,I,590027ff7aff5d00b200e341
00:00:49.248062,I,650021ff66ff8400a700e741
00:00:49.248687,I,590015ff59ffb3009e000742
00:00:49.249250,I,520008ffadff8400d6001442
00:00:49.249812,I,58002eff8dff9e00be002342
00:00:49.250437,I,520021ff66ff9d009900ca41
00:00:49.250999,I,6500f5fe73ff9a007a006641
00:00:49.251625,I,2c000effd4ff6d00a7008641
00:00:49.252187,I,c400bdfe66ff97006f002841
00:00:49.252812,I,5f0034ffa7ff86008c000c41
00:00:49.253375,I,7f000effa7ff6b006a00c540
00:00:49.253937,I,a500e9fe87ff820094000d41
00:00:49.254562,I,8b00fcfe86ff2d005500db40
00:00:49.255124,I,6c00d0fea0ff36002d00e440
00:00:49.255750,I,200054ff80ff4a003e00bc40
00:00:49.256312,I,5f0014ffc0ff47004300db40
00:00:49.256937,I,9200f5fe80ff290037003141
00:00:49.257500,I,32000effceff2e004f007641
00:00:49.258062,I,5f0008ffc1ff2a0027009141
00:00:49.258687,I,5f004dff73ff3200d0ffb241
00:00:49.259249,I,580008ff86ff3c000a00d541
00:00:49.259875,I,650008ff73ff0e002a00fb41
00:00:49.260437,I,ab00f5fe6dff1e00e7ffa841
00:00:49.261062,I,450015ff9afffeffdeffb841
00:00:49.261624,I,72000eff73ff41000700d241
00:00:49.262187,I,780053ffadff1b001a00c441
00:00:49.262812,I,8b002effb4ff1800fbff6241
00:00:49.263375,I,520002ff73ff2f0042002041
00:00:49.264000,I,7200dcfe39ff3000faff3f41
00:00:49.264562,I,52002eff7aff52001f00e140
00:00:49.265187,I,8500c9fefffe54006000f140
00:00:49.265750,I,720053ffc7ff3e0066001a41
00:00:49.266312,I,d100fbfe39ff67002a002141
00:00:49.266937,I,b1004dff53ff64008a008641
00:00:49.267500,I,b10008ffa0ff8d00b300c441
00:00:49.268125,I,8c0008ff66ff71008600e141
00:00:49.268687,I,85002effa7ffa4004400d341
00:00:49.269312,I,9800effe87ffa2009a001342
00:00:49.269875,I,4c002eff6dffd200a0001d42
00:00:49.270437,I,650021ff4dff7e00b800f941
00:00:49.271062,I,8500e2fe9aff7d00b900fa41
00:00:49.271625,I,6c00e9feb4ffb0008700cf41
00:00:49.272250,I,d700a4fe7aff8e0092006d41
00:00:49.272812,I,650034ff66ff5d0069004941
00:00:49.273437,I,7f0021ffc7ff8900b900f840
00:00:49.274000,I,7f000effa7ff7b0092000341
00:00:49.274562,I,7800e2fe4cffad008200e140
00:00:49.275187,I,7f004dffcdff2f002900d240
00:00:49.275750,I,8500f5fec0ff69003b00da40
00:00:49.276375,I,920002ff9aff34006300c740
00:00:49.276937,I,52001bff80fff7ff3100f740
00:00:49.277562,I,2600f5feb4fffdff2e003041
00:00:49.278125,I,6b0002ff60ff0e0035009d41
00:00:49.278687,I,20003aff6dff0a0022006641
00:00:49.279312,I,b800e9fe6dff0000ecff9341
00:00:49.279875,I,85002eff7aff0800deff9f41
00:00:49.280500,I,7f001bff7aff3800ffffb441
00:00:49.281062,I,7f00b0fea7ff4700bbffc041
00:00:49.281687,I,720034ff86ff48000c00a741
00:00:49.282250,I,5f0008ffc1ff440009005641
00:00:49.282812,I,52001bffbaff5200c7ff4941
00:00:49.283437,I,72000eff60ff3c00ebff1641
00:00:49.284000,I,b80002ff66ff3d00f6ff4a41
00:00:49.284625,I,7f0002ff46ff330046002f41
00:00:49.285187,I,65000eff60ff4a0051001b41
00:00:49.285812,I,32000effa0ff24004f003c41
00:00:49.286375,I,5800f5fe2cff4100aa002841
00:00:49.286937,I,720002ff79ff94005c006441
00:00:49.287562,I,b10015ff4cff7e004b008141
00:00:49.288125,I,8b00f5fe8dff8f006c00aa41
00:00:49.288750,I,e0ff15ff6dff720097000b42
00:00:49.289312,I,7200dcfe73ff60007300fd41
00:00:49.289937,I,3300fcfe6dff9f00bb00ef41
00:00:49.290500,I,5f001bffa0ffb60093002442
00:00:49.291062,I,a500b0fe8dffa4009000e341
00:00:49.291687,I,8b001bff86ff82008800db41
00:00:49.292250,I,5200e3fec0ff9000a500d141
00:00:49.292875,I,c400effe46ffa80085008241
00:00:49.293437,I,d700f5fe80ffbc0074002841
00:00:49.294062,I,2c002effadffa1007d00ef40
00:00:49.294625,I,1f0008ff73ff17005000b940
00:00:49.295187,I,85002eff73ff3f0078008f40
00:00:49.295812,I,7f00d6fe73ff4e004900aa40
00:00:49.296375,I,2c00d6fee1ff00004500fd40
00:00:49.297000,I,9e003aff7affffff45001d41
00:00:49.297562,I,850034ff86ff280001000641
00:00:49.298187,I,2c0073ff80ff1e0030007a41
00:00:49.298750,I,58002effbaff050029006941
00:00:49.299312,I,6c0002ffa0ff16001900bb41
00:00:49.299937,I,3f003aff93ff4500fdffae41
00:00:49.300500,I,780028ff80ff2400f5fff841
00:00:49.301125,I,980028ff46ff4b00e0ffb441
00:00:49.301687,I,2c0047ff8dffe8fff0ff8841
00:00:49.302312,I,98000eff60ff2700f9ffa041
00:00:49.302875,I,ab0015ff46ff17001d004c41
00:00:49.303437,I,8500fcfe8dff3c000a003a41
00:00:49.304062,I,720028ffa7ff30004b000041
00:00:49.304625,I,9e00e9fe8dff29003c001c41
00:00:49.305250,I,6c00e3fe80ff190054002a41
00:00:49.305812,I,000021ff73ff2b001b002041
00:00:49.306437,I,2c004dff40ff450065001e41
00:00:49.307000,I,85000eff87ff600068006c41
00:00:49.307562,I,d1001bff26ff400059009441
00:00:49.308187,I,91001bffd4ff56006200db41
00:00:49.308750,I,130027ff39ff69005f00ed41
00:00:49.309375,I,6c00e9fe9aff66009300f541
00:00:49.309937,I,5f000eff8dff67006c002242
00:00:49.310562,I,6b00fbfe7affa00094000342
00:00:49.311125,I,6b00bdfe7aff94008c00e041
00:00:49.311687,I,4c000effd4ff850074009b41
00:00:49.312312,I,5800effe53ff920092007841
00:00:49.312875,I,590008ff59ff9e0082007541
00:00:49.313500,I,98001bff9aff820095005d41
00:00:49.314062,I,b100effe93ffa60086002041
00:00:49.314687,I,33000effc7ff83007f000d41
00:00:49.315250,I,330002ffc1ff9a008b00e740
00:00:49.315812,I,8500dcfedaff84004500ed40
00:00:49.316437,I,b800d6fe33ff4b0035002041
00:00:49.317000,I,c40008ff9aff1a0061000641
00:00:49.317625,I,0401effe66ff46001d00f440
00:00:49.318187,I,720015ff59ff2d0001005441
00:00:49.318812,I,7e003affadffd0ff05007f41
00:00:49.319375,I,8b004dff73ff2a000e00c441
00:00:49.319937,I,8b0034ff80ff28002000d441
00:00:49.320562,I,d100fcfe80ff43001c00c441
00:00:49.321125,I,850034ff6dff0200ebffd041
00:00:49.321750,I,4c0034ff6dff1000deffcc41
00:00:49.322312,I,7f00dcfea0ff1a000200b541
00:00:49.322937,I,390002ffb3ff4a00faffab41
00:00:49.323500,I,98000eff80ff4800eeff2a41
00:00:49.324062,I,85002eff53ff1f00e2fff340
00:00:49.324687,I,b100dcfea0ff360039000c41
00:00:49.325250,I,6c0034ff60ff3f0024001541
00:00:49.325875,I,9e00effe4dff500006001c41
00:00:49.326437,I,4c0015ff59ff35003c000f41
00:00:49.327062,I,8b00effe66ff4d004c005541
00:00:49.327625,I,65003aff87ff63005a008b41
00:00:49.328187,I,9800cffe39ff7b006200c241
00:00:49.328812,I,7e0041ff60ff85006200f641
00:00:49.329375,I,4c0034ff60ff8e009a00e541
00:00:49.330000,I,850028ff66ff7f00a000e541
00:00:49.330562,I,520015ff87ffa600a5004542
00:00:49.331187,I,650015ffa7ffb300c3000342
00:00:49.331750,I,7f0034ff79ffa000c900eb41
00:00:49.332312,I,8b0053ff6dffb700ab00c641
00:00:49.332937,I,850034ffc1ff9800a300ca41
00:00:49.333500,I,650008ff67ff880084009441
00:00:49.334125,I,ab0002ff40ffae005e004241
00:00:49.334687,I,4c0027ff8dff81008800f740
00:00:49.335312,I,9e0008ff66ff87008500c540
00:00:49.335875,I,85000eff6dff3b006100b940
00:00:49.336437,I,59002eff87ff2f006300af40
00:00:49.337062,I,590027ff73ff06005400e840
00:00:49.337625,I,8500fbfe93ff38004200f240
00:00:49.338250,I,72000effbaff2f0039003941
00:00:49.338812,I,ab0021ff9aff2d0040004041
00:00:49.339437,I,920014ffa7ffc9ff4000da41
00:00:49.340000,I,9e0027ff7aff3c004600c241
00:00:49.340562,I,520028ff9aff0d00f5ffe241
00:00:49.341187,I,9800c9fe7affeaff2500fe41
00:00:49.341750,I,5f004dff93ff2c00ffff2542
00:00:49.342375,I,5f00dcfe9aff0e000500ca41
00:00:49.342937,I,b1001bff66ff3d00e0ffb241
00:00:49.343562,I,8b001bffa0ff1c00faff5a41
00:00:49.344125,I,9200dcfe7aff3300f9ff5941
00:00:49.344687,I,3f003affa7ff140000002c41
00:00:49.345312,I,8b0002ff7aff1a002a000841
00:00:49.345875,I,cb001bff7aff1c0042001b41
00:00:49.346500,I,a500f5fe66ff1c004d002941
00:00:49.347062,I,a5000eff7aff1b0028002e41
00:00:49.347687,I,4600cffe4dff350052004841
00:00:49.348250,I,5f0008ff73ff69005f006041
00:00:49.348812,I,1300d6fe40ff690084009141
00:00:49.349437,I,8b00c9fe60ff5b0097009641
00:00:49.350000,I,850034ff46ff9600ab00dc41
00:00:49.350625,I,590027ff9aff8b00b6001042
00:00:49.351187,I,5f00fbfe9aff9f00b6004342
00:00:49.351812,I,ab000eff53ffa900ba003842
00:00:49.352375,I,1f0008ffa7ffe80075002042
00:00:49.352937,I,390034ff86ffb7009500cb41
00:00:49.353562,I,590027ff7aff8a0094009b41
00:00:49.354125,I,5200dcfe8dff8900a3008241
00:00:49.354750,I,6500fcfe73ff92008c001a41
00:00:49.355312,I,6b00b6fe86ff8e009900fc40
00:00:49.355937,I,a500c9fe7aff55008e00d140
00:00:49.356500,I,9f0060ffe7ff3c007400d540
00:00:49.357062,I,920034ffc0ff37005a00b740
00:00:49.357687,I,920008ff6dff3f005f00ea40
00:00:49.358250,I,6c000eff73ff25002a003a41
00:00:49.358875,I,650047ff9aff4b000f005f41
00:00:49.359437,I,8b0041ff80ff44005c007041
00:00:49.360062,I,92000eff7aff1a001500ba41
00:00:49.360625,I,52001bff80ff3a00d6ffcb41
00:00:49.361187,I,ab0021ff66ff05002c00ab41
00:00:49.361812,I,a5000eff6dff43000a00ea41
00:00:49.362375,I,52003affa0ff23002000fb41
00:00:49.363000,I,4c00fbfe86ff2a000600cc41
00:00:49.363562,I,6c00d6fea7ffa500fbff8941
00:00:49.364187,I,58003aff0cff2600fdff4c41
00:00:49.364750,I,3900f5fe4dff290024002741
00:00:49.365312,I,910008ff80ff770037002e41
00:00:49.365937,I,cb0002ffadfffeff58000a41
00:00:49.366500,I,4c0015ff60ff560038002b41
00:00:49.367125,I,6b00effe66ff24004000ed40
00:00:49.367687,I,2c006cff66ff5a0041000041
00:00:49.368312,I,9100f5fe2cff500060004841
00:00:49.368875,I,5200fbfe6dff4a0042008441
00:00:49.369437,I,580047ff8dff86008000c741
00:00:49.370062,I,a50002ff39ff85009400dd41
00:00:49.370625,I,850002ff66ff75005e001c42
00:00:49.371250,I,520034ff32ff9b0069004e42
00:00:49.371812,I,8500fbfe80ffa70096000942
00:00:49.372437,I,66002eff8dff9e009c001342
00:00:49.373000,I,4c00dcfe86ffae00b200d541
00:00:49.373562,I,39001bff9affa000aa00c641
00:00:49.374187,I,5f00dcfe73ffc2009e009d41
00:00:49.374750,I,1300dcfe80ffa7008900a041
00:00:49.375375,I,920002ff53ff6f0060002741
00:00:49.375937,I,5f00b6fe8dff7600a5000a41
00:00:49.376562,I,590040ff9aff70006500f140
00:00:49.377125,I,650027ffa7ff3b007d00d840
00:00:49.377687,I,9200f5fe53ff3b005700ce40
00:00:49.378312,I,be0034ff9aff3f006500d640
00:00:49.378875,I,46001bffb3ff2c003500fb40
00:00:49.379500,I,4c002effa0ffebff12001041
00:00:49.380062,I,4c000eff79fffeff2e006e41
00:00:49.380687,I,a50027ff93ff4c000f009f41
00:00:49.381250,I,a50034ff66ff3a001f00bc41
00:00:49.381812,I,920066ffb3ffdeffd3ffb141
00:00:49.382437,I,ab00fbfe80ff2c00ebfff241
00:00:49.383000,I,2c00d6fe40ff1e000500b241
00:00:49.383625,I,7f0027ff80ff130005009841
00:00:49.384187,I,98000eff6dff2a0024007441
00:00:49.384812,I,7f00b0fe60ff2400e4ff8941
00:00:49.385375,I,330034ffa0ff330006005741
00:00:49.385937,I,4c00effe33ff1d000c004c41
00:00:49.386562,I,b100fbfe46ff380045002741
00:00:49.387125,I,920027ff93ff4c0034003e41
00:00:49.387750,I,6c00e2fe46ff51001c004a41
00:00:49.388312,I,4c00d6fe66ff4b005e003441
00:00:49.388937,I,6500c9fe6dff38005b002041
00:00:49.389500,I,39003affa0ff4d002c005741
00:00:49.390125,I,b800effe80ff54006100a241
00:00:49.390687,I,7f000fff1fff62008000de41
00:00:49.391250,I,85003aff80ff8f009a00dd41
00:00:49.391875,I,ab001bff6dff9000a8000842
00:00:49.392437,I,6500c9febaff7c00bf003142
00:00:49.393062,I,45001bff93ffc200cb002942
00:00:49.393625,I,46001bff7aff91009e00f641
00:00:49.394250,I,3f0034ffd4ff9600a400b541
00:00:49.394812,I,6b00fbfea7ffd00083009741
00:00:49.395375,I,9e0034ff94ffd6007c007141
00:00:49.396000,I,7e0008ff87ff6d006b003441
00:00:49.396562,I,72001bff7aff94006d00e540
00:00:49.397187,I,580041ff4dff4d007d00be40
00:00:49.397750,I,580027ffa7ff30006500b840
00:00:49.398375,I,7800c9fe40ff590069002541
00:00:49.398937,I,8b00f5feadff38003f003541
00:00:49.399500,I,8b001bff46ff2f0034004341
00:00:49.400125,I,7f002effbaff34002c006b41
00:00:49.400687,I,98001bff93ff00002b006641
00:00:49.401312,I,1f002eff73ff1d001e00c041
00:00:49.401875,I,320021ff26ff2f00fcffc441
00:00:49.402500,I,5f00c3febaff3a000c00ca41
00:00:49.403062,I,2000fbfe7aff2200ffffe341
00:00:49.403625,I,650008ffc1fffcffe8ffd441
00:00:49.404250,I,4c0079ff66ff2a00b2ff8841
00:00:49.404812,I,b700effea7ff0600d9ff5441
00:00:49.405437,I,060002ff6dff2f00fdff3c41
00:00:49.406000,I,b80021ff80ff3000feff3e41
00:00:49.406625,I,4500d6fe9aff1e0043002a41
00:00:49.407187,I,72000fff73ff3c0044004441
00:00:49.407750,I,b80015ff66ff2d003f001841
00:00:49.408375,I,59002eff79ff1b003b001a41
00:00:49.408937,I,cb001bff39ff5c0052001641
00:00:49.409562,I,450015ff60ff3500b1005e41
00:00:49.410125,I,6b001bff87ff610079007441
00:00:49.410750,I,5200f5fe46ff5f008e00b441
00:00:49.411312,I,5200fcfe87ff87008f00f241
00:00:49.411875,I,5f0034ff60ff74007b00ca41
00:00:49.412500,I,520034ffb4ff81009e00e541
00:00:49.413062,I,be00dcfe7aff9100a0000742
00:00:49.413687,I,91001bffa0ffad00a500ef41
00:00:49.414250,I,8b000eff87ff89009f00d841
00:00:49.414875,I,7200fbfe73ff9400bb006f41
00:00:49.415437,I,ab00e2fe80ff8b00b2005c41
00:00:49.416000,I,6c00c9fea0ffb0007e000941
00:00:49.416625,I,8b0002ff53ff75009d00d940
00:00:49.417187,I,4c0015ffe7ff86008000e740
00:00:49.417812,I,520008ff80ff54004400d940
00:00:49.418375,I,7800c3fe93ff3f005100ef40
00:00:49.419000,I,450008ffa7ff4a004a003141
00:00:49.419562,I,8500fcfe86ff13001c00fd40
00:00:49.420125,I,5f001bffb4ff290028000441
00:00:49.420750,I,3900e2fe73ff030015004841
00:00:49.421312,I,5f0002ff86ffecff26008741
00:00:49.421937,I,5f001bff8dff0f003d009c41
00:00:49.422500,I,3f00effe9aff32000d008841
00:00:49.423125,I,850034ffa7ff01000a00ce41
00:00:49.423687,I,920021ff7affe7ffd2ffb941
00:00:49.424250,I,5200dcfe46ff4600f2ffae41
00:00:49.424875,I,130028ff7aff1d00f0ff8841
00:00:49.425437,I,5f00bdfe80ff2b00d2ff4c41
00:00:49.426062,I,7e00d6fe59ff2300e8ff2a41
00:00:49.426625,I,78003aff87ff020016004241
00:00:49.427250,I,390034ff7aff1e0038002d41
00:00:49.427812,I,780028ff66ff40004000f240
00:00:49.428375,I,920015ff73ff920041004641
00:00:49.429000,I,65001bff93ff480037007141
00:00:49.429562,I,8500fbfe53ff150041007d41
00:00:49.430187,I,590015ffdaff680073007d41
00:00:49.430750,I,9800c3feb3ff800069009041
00:00:49.431375,I,650021ff6dffa8007a00b241
00:00:49.431937,I,ab0015ff73ffa90088009d41
00:00:49.432500,I,ab001bff39ffa000c100c641
00:00:49.433125,I,5800d6feadff9e00a100e441
00:00:49.433687,I,7200effe9affc100be001b42
00:00:49.434312,I,3f001bff93ff9e008200de41
00:00:49.434875,I,2600dcfeb3ffcf00b000cd41
00:00:49.435500,I,85002eff4dffc50094009041
00:00:49.436062,I,be00e2fea7ffb200c1007541
00:00:49.436625,I,7200c9fe73ff6a0070003541
00:00:49.437250,I,7f0079ffd4ff70009c003a41
00:00:49.437812,I,3f0027ffbaff60008100f940
00:00:49.438437,I,2c00fbfe73ff5300ad00fa40
00:00:49.439000,I,720041ffb4ff4a006e001b41
00:00:49.439625,I,6500e2fe73ff33003a002341
00:00:49.440187,I,7f0015ff80ff1f0024001e41
00:00:49.440750,I,5f00e9fe8dff250011000b41
00:00:49.441375,I,1f003aff6dff4d00dbff1b41
00:00:49.441937,I,6c00e9fe8dff0a00fbff7841
00:00:49.442562,I,6c000effa0ff2d0020009941
00:00:49.443125,I,ab003aff93ff1400f7ff9241
00:00:49.443750,I,2600f5feb4ff2600ceff6841
00:00:49.444312,I,000041ff93ff3200d7ff7241
00:00:49.444875,I,6c00c9fea0ff4300f7ff9641
00:00:49.445500,I,650015ff94ffe1ffe7ff8c41
00:00:49.446062,I,d10034ff80ff270011006341
00:00:49.446687,I,720053ff59ff44001c003641
00:00:49.447250,I,8b00dcfea0ff5f0004000f41
00:00:49.447875,I,390021ff8dff430018003941
00:00:49.448437,I,8500f5fe80ff1b0051004a41
00:00:49.449000,I,6c0008ff66ff51003a001941
00:00:49.449625,I,85000eff66ff690053003541
00:00:49.450187,I,9e0021ff73ff740062005241
00:00:49.450812,I,650047ff73ff8d0054009441
00:00:49.451375,I,be00c9fe8dff8b006f009e41
00:00:49.452000,I,520047ff66ff7900cf008a41
00:00:49.452562,I,59003aff9aff9800a400c241
00:00:49.453125,I,850015ffc7ff9a00ce00ce41
00:00:49.453750,I,6c00fbfe1fffad00a300fd41
00:00:49.454312,I,330047ffbaffc4008900fe41
00:00:49.454937,I,590028ff4cff9c00a8000442
00:00:49.455500,I,8b001bff46ffe90076008241
00:00:49.456125,I,8b00effe66ffaf0068009c41
00:00:49.456687,I,8b0034ff66ff860052004f41
00:00:49.457250,I,8b00e9fec0ff650056001441
00:00:49.457875,I,b200e9fe9aff8800b2000841
00:00:49.458437,I,720014ff60ff77008300e040
00:00:49.459062,I,8b0040ff7aff5e006200d040
00:00:49.459625,I,1f003aff8dff310046000841
00:00:49.460250,I,78000eff93ff5f001f001641
00:00:49.460812,I,980021ff9aff320025001641
00:00:49.461375,I,520027ffcdff290023002e41
00:00:49.462000,I,9200cffe7aff160049007741
00:00:49.462562,I,20001bff8dff130030009c41
00:00:49.463187,I,e400d0fe7aff2b000d009441
00:00:49.463750,I,5200e2fe60ff2e004b00c341
00:00:49.464375,I,650034ff86ff31001300ba41
00:00:49.464937,I,6b00effe8dff2f003400c541
00:00:49.465500,I,5f00effe6dfff6ff26008041
00:00:49.466125,I,3f00cffe94ff550016008241
00:00:49.466687,I,b80002ff46ff35004e006e41
00:00:49.467312,I,46001bffa0ff3000f2ff2e41
00:00:49.467875,I,be00dcfe39ff44000f003c41
00:00:49.468500,I,5200effe39ff180052004441
00:00:49.469062,I,980008ff8dff6b004a002141
00:00:49.469687,I,1f0021ff6dff120071001841
00:00:49.470250,I,d100f5fe19ff3e007f001041
00:00:49.470812,I,780021ffadff600077003d41
00:00:49.471437,I,4c00f5fe6dff6e009e006041
00:00:49.472000,I,850027ffa0ff72009700b641
00:00:49.472625,I,9e0015ffbaffad00c900ba41
00:00:49.473187,I,460028ff6dff78009c00c341
00:00:49.473812,I,5200d6fe7aff80009400ea41
00:00:49.474375,I,5900effe80ff8500a000e141
00:00:49.474937,I,b800dcfe87ffa6005a00ce41
00:00:49.475562,I,32000effd4ff91005900d541
00:00:49.476125,I,7e00e2fe93ff9d009c00dc41
00:00:49.476750,I,45004dff6dffb5009b008541
00:00:49.477312,I,8b00e9fea7ff80009a005a41
00:00:49.477937,I,8500fcfe66ff750083003041
00:00:49.478500,I,4c00dcfeb4ff5c00a7003141
00:00:49.479062,I,be0028ff53ffa7006d002641
00:00:49.479687,I,6c00c3fea7ff500074000141
00:00:49.480250,I,780002ffa7ff49007300fa40
00:00:49.480875,I,5f0002ff66ff48002600c940
00:00:49.481437,I,9e0002ffa7ff4b0058001541
00:00:49.482062,I,4c002effcdff170034003341
00:00:49.482625,I,c40002ff87ff18002c002d41
00:00:49.483187,I,330041ffc0ff1f0031006e41
00:00:49.483812,I,cb0034ff60fff1ff04008a41
00:00:49.484375,I,7f0079ff59ff49001f008e41
00:00:49.485000,I,6c00fcfe66ff270019009541
00:00:49.485562,I,2c000fffadff1b00f2ff9341
00:00:49.486187,I,780034ff73ff300007009841
00:00:49.486750,I,3f0015ff93ff0a00e1ff9841
00:00:49.487312,I,9f000eff73ff1c0013009b41
00:00:49.487937,I,72002eff8dff3600f8ff4641
00:00:49.488500,I,4c00e2fe59ff4d002f002e41
00:00:49.489125,I,7f00f5fe66ff66003e001d41
00:00:49.489687,I,78002eff79ff360035004f41
00:00:49.490312,I,650034ffa0ff5d003e003e41
00:00:49.490875,I,9800d6fe40ff58005a005a41
00:00:49.491437,I,52002effb4ffa50066004c41
00:00:49.492062,I,5f00e2fe73ff550086007441
00:00:49.492625,I,6500d6fe53ff49006d007641
00:00:49.493250,I,45006dffa0ff59008c00b241
00:00:49.493812,I,5800e3fe2cff9d00a500b541
00:00:49.494437,I,ecff1bffa0ffab008800c241
00:00:49.495000,I,9e00f5fe87ff9500ac00c841
00:00:49.495562,I,0600f5fea0ff9d008000f341
00:00:49.496187,I,390008ff94ffb8007b00da41
00:00:49.496750,I,980015ff8dff6b007300be41
00:00:49.497375,I,8b0027ff93ffb60097005241
00:00:49.497937,I,4c003affadff8f0079004641
00:00:49.498562,I,9e0008ff94ffb200ad002041
00:00:49.499125,I,8b0047ffa7ff86008d00f040
00:00:49.499687,I,4500c3fe73ff48009c002441
00:00:49.500312,I,85005aff6dff21004700f340
00:00:49.500875,I,6c00f5fe60ff0a007600ce40
00:00:49.501500,I,6500e3fea0ff250016000441
00:00:49.502062,I,8b001bffadff370049003e41
00:00:49.502687,I,9200f5fe66ff140030003941
00:00:49.503250,I,8b000eff80ff04003b008241
00:00:49.503812,I,32003bffbaff2b0035008841
00:00:49.504437,I,6c0008ff53ff24001400a041
00:00:49.505000,I,7200fcfec0ff0e0008007341
00:00:49.505625,I,7f0021ffc0ff410027008b41
00:00:49.506187,I,6c0002ff53ff0e0016009641
00:00:49.506812,I,3f0021ff87ff0c00f2ff8841
00:00:49.507375,I,6c00e9fe93ff3200bcff7241
00:00:49.508000,I,8b00dcfe93ff260004007841
00:00:49.508562,I,4600effe66ff5c0012005341
00:00:49.509125,I,c400b6fe4cff4b0047005f41
00:00:49.509750,I,3f00effe59ff3a0012004d41
00:00:49.510312,I,8500f5fe86ff70001900ef40
00:00:49.510937,I,78003aff9aff480044004c41
00:00:49.511500,I,65002effedff08006e004c41
00:00:49.512125,I,7e002eff6dff470045005841
00:00:49.512687,I,6b0021ff40ff5e007b009741
00:00:49.513250,I,f3ff21ff80ff99007900d641
00:00:49.513875,I,450034ff66ff7b007400f241
00:00:49.514437,I,b100f5fe80ff55009500ca41
00:00:49.515062,I,4c0027ffc7ff73008100e041
00:00:49.515625,I,be0008ff93ff93009000fb41
00:00:49.516250,I,4c001bff80ffab00be00e741
00:00:49.516812,I,5800e2fec7ff6c00b4008f41
00:00:49.517375,I,7800effe59ffb700b3006241
00:00:49.518000,I,78002eff40ff7d009400fa40
00:00:49.518562,I,520047ffeeffa20088001941
00:00:49.519187,I,85003aff9affba008a00d040
00:00:49.519750,I,a500f5feadff7700c0000941
00:00:49.520375,I,130053ff8dff3c007700d140
00:00:49.520937,I,450047ffadff21005d00e640
00:00:49.521500,I,9200e2fe59ff120050003b41
00:00:49.522125,I,7800f5fe66ff4f003f002841
00:00:49.522687,I,850021ff60ff270036003a41
00:00:49.523312,I,580002ffa7ff46004e005241
00:00:49.523875,I,650034ff59ff140016007741
00:00:49.524500,I,8b0041ffa0ff100010006341
00:00:49.525062,I,6c0027ffadff360000009f41
00:00:49.525625,I,4c00effe59ff1400fbff9641
00:00:49.526250,I,8b0021ff4cff0f00e3ffae41
00:00:49.526812,I,780034ff86ff1d00faffda41
00:00:49.527437,I,980008ffa7ff4d00feff9a41
00:00:49.528000,I,9e00e3fe73ff1d00f8ff9741
00:00:49.528625,I,6b0015ffa7ff3600e5ff6541
00:00:49.529187,I,8b00f5fe53ff4e000f000e41
00:00:49.529750,I,6b000eff6dff240011002c41
00:00:49.530375,I,390034ff73ff050012002541
00:00:49.530937,I,4c000eff46ff080034000541
00:00:49.531562,I,7800e2fe60ff5a005f002341
00:00:49.532125,I,5f0060ff73ff580050006e41
00:00:49.532750,I,ab00effe6dff3b003e008f41
00:00:49.533312,I,78005aff6dff660063009e41
00:00:49.533875,I,be00f5fea7ff50009400a941
00:00:49.534500,I,390015ff9aff5700ac00a841
00:00:49.535062,I,7800e2fe33ffa900a1001442
00:00:49.535687,I,520053ffdaffab00bf00fb41
00:00:49.536250,I,9800b6fe7affdb00b3001842
00:00:49.536875,I,4c0041ff6dffa700e900ff41
00:00:49.537437,I,a500d0fe60ffa70096008241
00:00:49.538000,I,19000effa1ff9f009c006341
00:00:49.538625,I,520008ff9affb90096006641
00:00:49.539187,I,2c0001ff80ff8a0089000e41
00:00:49.539812,I,850027ffd4ff64008800e240
00:00:49.540375,I,980008ff73ff2700aa00bb40
00:00:49.541000,I,ab00c3fea7ff5e006600c740
00:00:49.541562,I,130047ff8dfff4ff9400f340
00:00:49.542125,I,8500e2fe6cff0e0040002641
00:00:49.542750,I,9e003affcdff32003c003e41
00:00:49.543312,I,59002eff6dff20004c005641
00:00:49.543937,I,3f0034ff87ff0c0039006441
00:00:49.544500,I,450008ff80ff2200eeffb541
00:00:49.545125,I,460047ff86ff3200c9ffe041
00:00:49.545687,I,2c0066ffcdff2a001a00aa41
00:00:49.546312,I,850021ffa7ff1000ffff6f41
00:00:49.546875,I,52004dffa7ff1200e1ff8f41
00:00:49.547437,I,4c00fbfe73ff0e00c7ff9241
00:00:49.548062,I,9e00e9fe80fffdffdaff2041
00:00:49.548625,I,a50008ff73ff1700f8ff4141
00:00:49.549250,I,8500fcfe6dff4d00f9ff0741
00:00:49.549812,I,460027ffadff4a0040001f41
00:00:49.550437,I,9e00fbfe33ff350058002141
00:00:49.551000,I,65002eff9aff580048001a41
00:00:49.551562,I,72000eff8dff4f004b005641
00:00:49.552187,I,be0021ff7aff4b003c005441
00:00:49.552750,I,ab002eff7aff4d0067005a41
00:00:49.553375,I,5f0021ffa0ff5f0096007041
00:00:49.553937,I,920047ff73ff76008700ae41
00:00:49.554562,I,78002eff73ff6a00a000cf41
00:00:49.555125,I,b10002ff59ff6d009500f941
00:00:49.555687,I,7f004dff6dff7a00bb001b42
00:00:49.556312,I,46002eff53ff9b00c000f241
00:00:49.556875,I,92002eff60ff9100a3000242
00:00:49.557500,I,be00e9feadffc500b600fc41
00:00:49.558062,I,5800c9fe9affba00f200ce41
00:00:49.558687,I,6b00f5fed4ffa900aa004541
00:00:49.559250,I,b1001bff86ff7f0074001141
00:00:49.559812,I,9100d0fe7aff98008400ee40
00:00:49.560437,I,6c000effadff92005a00b740
00:00:49.561000,I,4c00f5fe9aff66007c00b240
00:00:49.561625,I,a50047ff8dff49007200c440
00:00:49.562187,I,390034ff7aff3a003800dc40
00:00:49.562812,I,cb000eff59ff3c0069002c41
00:00:49.563375,I,330034ff86ff33002a006d41
00:00:49.563937,I,7200c3fe80ff220014007641
00:00:49.564562,I,19002effc0ff310032009d41
00:00:49.565125,I,780002ffadff31001500be41
00:00:49.565750,I,72001bff6dff4700ffffbb41
00:00:49.566312,I,ab0021ff46ff1400e0ffca41
00:00:49.566937,I,59000eff60ff41001500f041
00:00:49.567500,I,520002ff80ff4800f1ffa041
00:00:49.568062,I,5900b7feadff1d00f1ffb741
00:00:49.568687,I,780047ff60ff400015009841
00:00:49.569250,I,52006dffe7ff0400e7ff1841
00:00:49.569875,I,a5000eff46ff3800eeffef40
00:00:49.570437,I,52005aff53ff48002b000941
00:00:49.571062,I,580008ffa7ff4500fbfff840
00:00:49.571625,I,7200fcfe66ff44002b00e740
00:00:49.572187,I,00003affa0ff3a006a000741
00:00:49.572812,I,b1000effcdff34006a003841
00:00:49.573375,I,98000eff60ff6e0072008241
00:00:49.574000,I,ab00fbfe6dff640064009941
00:00:49.574562,I,5f0053ff87ff6b007100b041
00:00:49.575187,I,6c001bffa0ff71005d00d041
00:00:49.575750,I,8b00d6fe46ff5c008e00d841
00:00:49.576312,I,39000eff60ff7200ae000142
00:00:49.576937,I,6c0060ffc7ffa200f700e941
00:00:49.577500,I,650002ffbaff8500a200e241
00:00:49.578125,I,8b0014ff59ffa1009a00ca41
00:00:49.578687,I,19003aff9aff8e008000a241
00:00:49.579312,I,6c003aff9affbe00a3009441
00:00:49.579875,I,b80002ff9aff7c0084002341
00:00:49.580437,I,be001bffb4ff89005a003341
00:00:49.581062,I,8b00c9fe46ffa9005900ce40
00:00:49.581625,I,260079ffadff6b007200ec40
00:00:49.582250,I,9e0008ffe7ff53005300e640
00:00:49.582812,I,52001bff73ff50005400da40
00:00:49.583437,I,9800e2fe87ff09004100d540
00:00:49.584000,I,78005aff73ff260022004141
00:00:49.584562,I,3900d0fe40ff1d002b006d41
00:00:49.585187,I,650008ffa0ff37003e00b641
00:00:49.585750,I,7f0021ff7aff38000f00ed41
00:00:49.586375,I,390008ff6dff0400f5ffb741
00:00:49.586937,I,450028ff59ff46000d00ce41
00:00:49.587562,I,5f00c3fe0cff12002200e041
00:00:49.588125,I,5f002effa1ff2300e7ffee41
00:00:49.588687,I,6500effe66ff0b0013009e41
00:00:49.589312,I,ab00bcfe79ff1c004b002b41
00:00:49.589875,I,3f0021ff60ff2400d9ff2a41
00:00:49.590500,I,9200b0fec7ff450024003e41
00:00:49.591062,I,6c00f5fe93ff6b001f00e740
00:00:49.591687,I,9e001bff60ff2c002c002a41
00:00:49.592250,I,6c0015ff9aff73004600f340
00:00:49.592812,I,7e003aff80ff35006800dc40
00:00:49.593437,I,590002ff59ff4c003a004441
00:00:49.594000,I,98004dff86ff51003b005a41
00:00:49.594625,I,4c00e2fe4cff4d006b006c41
00:00:49.595187,I,5f0054ffa0ff6b0072009941
00:00:49.595812,I,78004dff39ff8d009c00b441
00:00:49.596375,I,3f002effa0ffcf00a800c241
00:00:49.596937,I,4c00d0fe80ff4e00e000e241
00:00:49.597562,I,8b0040ffa7ffa800c9000c42
00:00:49.598125,I,3f0002ffbaffdb009b002442
00:00:49.598750,I,7200a4fea0ffa4006f00ce41
00:00:49.599312,I,4c000eff66ffa700b1008a41
00:00:49.599937,I,a500d6fe66ff820073009541
00:00:49.600500,I,7e0054ff6dff7c007000f040
00:00:49.601125,I,6c00dcfea0ff7e008b00f040
00:00:49.601687,I,cb0002ffb4ff4f009700c240
00:00:49.602250,I,920028ff8dff5d006400d440
00:00:49.602875,I,b100e2fe53ff3c001f00bf40
00:00:49.603437,I,650008ffa0ff490022001a41
00:00:49.604062,I,92000eff7aff300045001241
00:00:49.604625,I,7f0034ffc1ff2d0044004e41
00:00:49.605250,I,460034ff7aff0c0027007f41
00:00:49.605812,I,920041ff80ffe0ff4200b241
00:00:49.606375,I,190041ff73ff25000300a141
00:00:49.607000,I,780002ffc0ff1800ecff9841
00:00:49.607562,I,590027ff7aff25003c00db41
00:00:49.608187,I,8b00c9fe60ff1600fbffd341
00:00:49.608750,I,b8002eff9afff7ff0d009041
00:00:49.609375,I,c5002eff8dff3e00e4ff7841
00:00:49.609937,I,b80014ff8dff0800e9ff8a41
00:00:49.610500,I,8500e9fe73ff45001d005041
00:00:49.611125,I,4c001bffc1ff38000a000a41
00:00:49.611687,I,6500fbfe4dff1f0021000241
00:00:49.612312,I,7f0054ffa7ff4a005e001e41
00:00:49.612875,I,52005aff66ff490049000541
00:00:49.613500,I,72004dffb4ff230050000441
00:00:49.614062,I,c400f5fe4dff56007a004141
00:00:49.614625,I,b100d6fe9aff3e0086004e41
00:00:49.615250,I,26005aff93ff9c0080006241
00:00:49.615812,I,5f0008ff73ff5000ae00a541
00:00:49.616437,I,650002ff7aff6700b200d441
00:00:49.617000,I,9e00fcfe87ff9c007200d841
00:00:49.617625,I,cb0015ff7aff7b007d001242
00:00:49.618187,I,a5002efffaffc2008e000842
00:00:49.618750,I,7800fcfe8dffcd009f00c341
00:00:49.619375,I,4500e2fe7aff9600b800c041
00:00:49.619937,I,390008ffbaffa600a000b441
00:00:49.620562,I,7200e2feb4ffa10068004241
00:00:49.621125,I,3f001bff80ff840064003e41
00:00:49.621750,I,720015ff80ffa9006e00dc40
00:00:49.622312,I,7200f5fe8dff63003800de40
00:00:49.622875,I,8b00c9feadff40007400bc40
00:00:49.623500,I,5f0021ffa7ff5f005b00ca40
00:00:49.624062,I,5900fbfe80ff63007100f340
00:00:49.624687,I,650021ff4cff19004500fb40
00:00:49.625250,I,780008ff9affe0ff2c002341
00:00:49.625875,I,190021ff86ff2d003e006541
00:00:49.626437,I,260034ffa7ff18003f00a041
00:00:49.627000,I,8b00c9fe6dff0e0006007341
00:00:49.627625,I,5900e9fea0ff3b000100d241
00:00:49.628187,I,6b0002ff53ff49002000bd41
00:00:49.628812,I,5900dcfe93ff23000100dc41
00:00:49.629375,I,9800d6fe19ff5200f2fff141
00:00:49.630000,I,5f00e2fe9aff4d00d9ff7841
00:00:49.630562,I,7800c3fe9aff320005004141
00:00:49.631125,I,7f00f5fe59fffeff06005741
00:00:49.631750,I,8b0002ff80ff490037001241
00:00:49.632312,I,3200e2fe46ff3e005d000841
00:00:49.632937,I,650027ff9aff410055001241
00:00:49.633500,I,4500fcfe60ff3c0035003b41
00:00:49.634125,I,130008ff80ff78005e004441
00:00:49.634687,I,1300fcfe59ff660060007741
00:00:49.635312,I,5f000eff7aff76008e008741
00:00:49.635875,I,6c000eff9aff6500b5009e41
00:00:49.636437,I,8500effe73ff96007600ab41
00:00:49.637062,I,6c0047ff59ff7f009c00ec41
00:00:49.637625,I,7f0002ff66ff85009e00e541
00:00:49.638250,I,32002eff9aff88009c002442
00:00:49.638812,I,5200d0fe80ff740085002942
00:00:49.639437,I,72003aff79ff9f007700f541
00:00:49.640000,I,920002ff8dffc7006700ac41
00:00:49.640562,I,52002effa0ff820082006841
00:00:49.641187,I,650008ffb3ff84005b007241
00:00:49.641750,I,8b0021ffb4ff7e0063002841
00:00:49.642375,I,3f00cffe40ff27008900f840
00:00:49.642937,I,7200e9fea0ff76009700dc40
00:00:49.643562,I,8500f5fe33ff24006000c940
00:00:49.644125,I,5f00fbfe86ff48004200e340
00:00:49.644687,I,2c00b6fe73ff15004b00f740
00:00:49.645312,I,3f0027ff53ff1b003a00c440
00:00:49.645875,I,5f001bff66ff20000b00d740
00:00:49.646500,I,b1005affa0ff2900f1ff6a41
00:00:49.647062,I,4c00fcfe93ff34001e00c141
00:00:49.647687,I,45005affbaff2a002600aa41
00:00:49.648250,I,9e00c9fe33ff32000500aa41
00:00:49.648812,I,650027ffb4ffe0ffeaffe341
00:00:49.649437,I,7200fcfe4dff120099ffae41
00:00:49.650000,I,780008ff9afff6ffe6ffc941
00:00:49.650625,I,a5001bffadff3500dbff7241
00:00:49.651187,I,060034ff8dff2d00f0ff3841
00:00:49.651812,I,ab00effe4cff000035005541
00:00:49.652375,I,6c00fcfe6dff010036003b41
00:00:49.652937,I,3900fcfe39ff5f003e002e41
00:00:49.653562,I,780002ff87ff7c002d002741
00:00:49.654125,I,3f0002ff6dff43003e000041
00:00:49.654750,I,5f0008ff93ff6f0059002541
00:00:49.655312,I,850002ff60ff5c0068002441
00:00:49.655937,I,3f0014ff6dff6c004d004d41
00:00:49.656500,I,b1000eff46ff6a007a00b941
00:00:49.657062,I,45001bff93ff7c005f00a941
00:00:49.657687,I,b100fbfe39ff70008c001242
00:00:49.658250,I,9200d6fe66ff730096002042
00:00:49.658875,I,5f0060ffc7ffd900a7001642
00:00:49.659437,I,7200f5fe93ffb2008e00e241
00:00:49.660062,I,5200f5fe93ff79009e00e441
00:00:49.660625,I,b800c9fe4dffb100a600b241
00:00:49.661187,I,130021ffb3ff6a00ba008641
00:00:49.661812,I,a500fcfe6dff8b00a8004441
00:00:49.662375,I,650021ffd4ffa00086001a41
00:00:49.663000,I,7f0008ff73ff9b0080002d41
00:00:49.663562,I,58001bffb4ff510094001341
00:00:49.664187,I,720014ff39ff4f005200fa40
00:00:49.664750,I,720015ffbaff2b008000e540
00:00:49.665312,I,59001bff7aff16004200ee40
00:00:49.665937,I,7f0034ff73fff7ff43000541
00:00:49.666500,I,910034ffa7ff3f002b003241
00:00:49.667125,I,6c0002ff6dff41002b006a41
00:00:49.667687,I,65002effa7ff400036007141
00:00:49.668312,I,980008ffadff1100dbff8b41
00:00:49.668875,I,85000eff7aff35002200cb41
00:00:49.669437,I,5f0002ff73ff55002300f841
00:00:49.670062,I,9800effe66fff5ffe3ffcb41
00:00:49.670625,I,85001bff53ff0d00f7ff9841
00:00:49.671250,I,52003aff53ff1a00bcff7241
00:00:49.671812,I,460002ff8dff420007004741
00:00:49.672437,I,a500effe59ff2b0010001b41
00:00:49.673000,I,b1002eff73ff5d003b003a41
00:00:49.673562,I,8500fbfe60ff3a0033001041
00:00:49.674187,I,b10028ff73ff2a003e00ea40
00:00:49.674750,I,7800fcfe6dff4f003d00ea40
00:00:49.675375,I,52000eff66ff5b0091009041
00:00:49.675937,I,be0015ff80ff790090008e41
00:00:49.676562,I,a40041ff80ff31007800c441
00:00:49.677125,I,98004dff66ff410090009641
00:00:49.677750,I,4c00e9fe9aff700065008e41
00:00:49.678312,I,b10008ffb4ff8d00c800a741
00:00:49.678875,I,59000eff6dff7a00aa00da41
00:00:49.679500,I,8b0066ff80ff8700cc00ec41
00:00:49.680062,I,92000eff86ff5d008c00cf41
00:00:49.680687,I,3f004dff5aff93008b00d541
00:00:49.681250,I,6b000effbaff9e009a00a441
00:00:49.681875,I,3f0008ff7affba00a2005941
00:00:49.682437,I,520002ffb4ff7600ad003041
00:00:49.683000,I,2c0053ffa7ff8a0098000541
00:00:49.683625,I,7800e2fe46ff36009b00d540
00:00:49.684187,I,4c0021ffb4ff61008500d640
00:00:49.684812,I,060021ffbaff17005b00b240
00:00:49.685375,I,a500d0fe46ff49007400e340
00:00:49.686000,I,f7000eff6dff4e004a001241
00:00:49.686562,I,580014ff93ffffff07004c41
00:00:49.687125,I,a50008ff7aff2b000c005b41
00:00:49.687750,I,6b0008ff87ff3300fcff8441
00:00:49.688312,I,450047ffa0ff1c001300b041
00:00:49.688937,I,be0027ff86ff21000700ce41
00:00:49.689500,I,5f0015ffbaff5400ffffd341
00:00:49.690125,I,1f003aff73ff2400d3ffaf41
00:00:49.690687,I,78001bff73ff0c00eeff7a41
00:00:49.691250,I,8b00f5fea7ff0900ecff8241
00:00:49.691875,I,65001bff94ff250018006b41
00:00:49.692437,I,6c000eff9aff240016007441
00:00:49.693062,I,9e0008ff39ff170023000c41
00:00:49.693625,I,9e0053ff6dff3b0043000741
00:00:49.694250,I,b10002ff7aff400022004c41
00:00:49.694812,I,850028ff6dff22002e000d41
00:00:49.695375,I,65003aff87ff1f002d004841
00:00:49.696000,I,f7002eff9aff6a005e005041
00:00:49.696562,I,b800fbfe80ff3c0047007541
00:00:49.697187,I,46000eff9affa3006e00a241
00:00:49.697750,I,4c0008ff8dff68008600ab41
00:00:49.698375,I,cb0028ff59ff9200be00db41
00:00:49.698937,I,b100c3feadff78009c00fc41
00:00:49.699500,I,520021ff19ff8b00b2002e42
00:00:49.700125,I,7200d6fe8dffc800b2003c42
00:00:49.700687,I,320028ffadff8a00bf00f541
00:00:49.701312,I,a50008ff8dff8d00ca006e41
00:00:49.701875,I,460002ffa0ff900091009e41
00:00:49.702500,I,3f00f5fe93ff8f00b5005341
00:00:49.703062,I,6500fcfea7ff8d006e002d41
00:00:49.703625,I,ab00dcfe60ff86009e00f440
00:00:49.704250,I,5f00effeadff6b007e00ef40
00:00:49.704812,I,8b00e3fe6dff6d004400dd40
00:00:49.705437,I,1f0054ffa7ff23004600e240
00:00:49.706000,I,b10008ff6dff02005000fb40
00:00:49.706625,I,2c0047ffe7ff00001b00fd40
00:00:49.707187,I,72009dfe66ff3c0015005841
00:00:49.707750,I,7f00fcfea0ff0b0035006541
00:00:49.708375,I,6c003bffb4ff0f0023008e41
00:00:49.708937,I,580015ff8dff3500ebffa241
00:00:49.709562,I,190027ff9aff3100feffc741
00:00:49.710125,I,9800dcfea7ff30001700c741
00:00:49.710750,I,650021ffa7ff1400eeffbe41
00:00:49.711312,I,7f00f5fea7ffceffbbff7c41
00:00:49.711875,I,5900d6fe80ff2100e9ff6341
00:00:49.712500,I,590027ff8dff30003a004b41
00:00:49.713062,I,0c000effa0ff290014002d41
00:00:49.713687,I,9e0021ff6dff150015003241
00:00:49.714250,I,72001bff7aff370067002641
00:00:49.714875,I,ab00fcfe60ff30004e001941
00:00:49.715437,I,9e0002ff53ff460039000541
00:00:49.716000,I,b1000eff86ff33003f004041
00:00:49.716625,I,4c000eff4dff16002e006141
00:00:49.717187,I,5200fbfe46ff59006d006641
00:00:49.717812,I,8b0028ff9aff8d0089008041
00:00:49.718375,I,460028ff4cff8b00ac009e41
00:00:49.719000,I,3f009dfe66ff8a00ba009f41
00:00:49.719562,I,650053ff53ff9f00a400be41
00:00:49.720125,I,7e001bff59ffb1009e00b941
00:00:49.720750,I,72002eff7affa200e4000142
00:00:49.721312,I,780008ff60ff8800ab00ea41
00:00:49.721937,I,b800e9fe87ff9b009500d341
00:00:49.722500,I,460021ff53ff9a00a8009841
00:00:49.723125,I,3f0060ff94ff760086003b41
00:00:49.723687,I,3f001bff73ff7a0055000041
00:00:49.724250,I,780015ff80ff4c009e00c540
00:00:49.724875,I,6b003aff4cff56005c00aa40
00:00:49.725437,I,ab00f5fea0ff41006d00b340
00:00:49.726062,I,390053ffa7ff540058000c41
00:00:49.726625,I,4c0021ff86ff42004000cf40
00:00:49.727250,I,7800fcfe9afff6ff2d003c41
00:00:49.727812,I,8b00f5fe60ff21001f003f41
00:00:49.728375,I,85003aff7aff62001a007b41
00:00:49.729000,I,7f00effe93ff3f00ceff8941
00:00:49.729562,I,1300e2fe6dff0800fbffd041
00:00:49.730187,I,b80015ff40ff1900caffce41
00:00:49.730750,I,8b0008ff8dff1b001400e941
00:00:49.731375,I,260015ffa7ff4100f0ffcb41
00:00:49.731937,I,85003bff9aff2600e3ffd241
00:00:49.732500,I,780041ff46ff25000900b641
00:00:49.733125,I,920034ff8dff4200f0ff5841
00:00:49.733687,I,3f0008ff87ff47000e003741
00:00:49.734312,I,1900c3fe8dff2e002c002441
00:00:49.734875,I,45000effa0ff4e0024000341
00:00:49.735500,I,780034ff80ff2e004e004041
00:00:49.736062,I,b80008ffa7ff4f0082002b41
00:00:49.736625,I,9200f5fea7ff460063005741
00:00:49.737250,I,98002eff8dff37004d005241
00:00:49.737812,I,7f000eff67ff5d0078004a41
00:00:49.738437,I,b800effeb4ff6d007e00bb41
00:00:49.739000,I,8b00effe60ff8900aa00f141
00:00:49.739625,I,850014ff6dff5f009900cc41
00:00:49.740187,I,720021ff80ff8100a400cf41
00:00:49.740750,I,6500effe79ff9400b800af41
00:00:49.741375,I,8b00fbfe66ffa300b800f541
00:00:49.741937,I,7800e2fe9affb4009600b841
00:00:49.742562,I,2c0015ff7affc200af00b241
00:00:49.743125,I,0d0047ff6dff8f0097009241
00:00:49.743750,I,780015ff60ff740083005341
00:00:49.744312,I,8500d6fe59ff79005400de40
00:00:49.744875,I,780015ff7aff4f007d00be40
00:00:49.745500,I,6c000eff9aff40004c00bb40
00:00:49.746062,I,7f0047ff8dff34002900e540
00:00:49.746687,I,650015ff60ff46003a00d140
00:00:49.747250,I,7200effe87ff27002c00ec40
00:00:49.747875,I,ab00b0fe80ff4f001e00f140
00:00:49.748437,I,6c000eff4cff330039006841
00:00:49.749000,I,7200f5fe80ff3600f0ffaa41
00:00:49.749625,I,4c0047ff53ff23002f00a341
00:00:49.750187,I,b100d6fe66ff09001a009c41
00:00:49.750812,I,720008ff8dff3f00f0ffd041
00:00:49.751375,I,b80008ff40ff09001700c641
00:00:49.752000,I,7f00c9fe6dff4e00f5ff8641
00:00:49.752562,I,5900fbfeadff1900e1ff6841
00:00:49.753125,I,6c000eff86ff5e001e005541
00:00:49.753750,I,3f0047ff86ff1c0005004841
00:00:49.754312,I,650054ff9aff440019002141
00:00:49.754937,I,5f0034ffb4ff1f0045003141
00:00:49.755500,I,6c00e9fe4cff350045000b41
00:00:49.756125,I,5f00fbfe4cff490027002841
00:00:49.756687,I,4c00f5fe93ff49006f00f440
00:00:49.757250,I,5f00fbfe80ff74008e003e41
00:00:49.757875,I,7f00e2fe66ff540057002641
00:00:49.758437,I,7800effe60ff5b0060007441
00:00:49.759062,I,33004dff4dff6e008900e241
00:00:49.759625,I,390028ff87ff820088000242
00:00:49.760250,I,450021ff73ff7b005300e541
00:00:49.760812,I,59001bff59ffbd0084001242
00:00:49.761437,I,520014ffbaff95009f00b441
00:00:49.762000,I,72001bff5affa400ca00e741
00:00:49.762562,I,9f0008ff53ff9300aa000742
00:00:49.763187,I,850040ffa0ffb2008e008641
00:00:49.763750,I,6c001bff66ff9700bc006241
00:00:49.764375,I,980015ff8dff6d007c001a41
00:00:49.764937,I,b200f5fe8dff6d006000f640
00:00:49.765562,I,460008ffb4ff95007600db40
00:00:49.766125,I,390002ffc7ff580079009b40
00:00:49.766687,I,65000eff80ff40004400b140
00:00:49.767312,I,65001bffa7ff7f0046000f41
00:00:49.767875,I,5f005aff93ff07003400de40
00:00:49.768500,I,5f00c9fe9aff14001c003341
00:00:49.769062,I,8b0027ff86ff2a0023002e41
00:00:49.769687,I,6c00c9fe60ff210011006341
00:00:49.770250,I,65002eff8dff1e00e6ffc941
00:00:49.770812,I,850021ff80ff0000f0ffb441
00:00:49.771437,I,a400f5fea0ff6600f8ffcb41
00:00:49.772000,I,52001bff7affedff0b009441
00:00:49.772625,I,4600effe53ffdcff2c009441
00:00:49.773187,I,460040ffb4ff26003400a441
00:00:49.773812,I,5f00effe39ff320035006041
00:00:49.774375,I,92002eff26ff24001f004141
00:00:49.774937,I,3f00fbfe6dff42000e00fd40
00:00:49.775562,I,7f00effe53ff3b000f000041
00:00:49.776125,I,580041ff86ff59002f000041
00:00:49.776750,I,ab00dcfe66ff3c002a001c41
00:00:49.777312,I,5f0034ff73ff38005a001341
00:00:49.777937,I,590054ffadff3f0066000141
00:00:49.778500,I,520021ff7aff5b0061004441
00:00:49.779062,I,9e004dff2cff410079006241
00:00:49.779687,I,92000eff6dffc0007d00a141
00:00:49.780250,I,980066ff40ffd0008400cc41
00:00:49.780875,I,7200e9fe40ffb200b700da41
00:00:49.781437,I,3f00e2fe8dff8c00a800cd41
00:00:49.782062,I,7e0028ff93ffb800b000cc41
00:00:49.782625,I,7200e9fe73ffd2008d00c241
00:00:49.783187,I,6500f5fefbffce008a00ab41
00:00:49.783812,I,5f0028ff66ffb50098006541
00:00:49.784375,I,8500b6fe80ff7200b4003541
00:00:49.785000,I,720021ff59ff9c009000fb40
00:00:49.785562,I,78003aff66ff9900b600c440
00:00:49.786187,I,580054ffa0ff6c008500b240
00:00:49.786750,I,850034ff8dff6d005900d740
00:00:49.787312,I,720002ff7aff59008300c440
00:00:49.787937,I,920041ff87ff26002d00d640
00:00:49.788500,I,720008ff87ff1a002a000041
00:00:49.789125,I,91001bff80ff1c0009001f41
00:00:49.789687,I,7e002eff7aff40001e008041
00:00:49.790312,I,ab00e9fe60ff3600e4ff7d41
00:00:49.790875,I,5f002effdaff0e0003005441
00:00:49.791437,I,9800f5fe46ff320001008441
00:00:49.792062,I,46001bffbaff3300f3ffa341
00:00:49.792625,I,b1001bff59ff2a00dfff9841
00:00:49.793250,I,590034ffdaff1500e4ff8041
00:00:49.793812,I,6c0027ff66ff0400efff7241
00:00:49.794437,I,7200e9fe8dff000010003d41
00:00:49.795000,I,a5002eff8dff1d0004001841
00:00:49.795562,I,720002ff66ff4d00fefffa40
00:00:49.796187,I,8b0021ff53ff05000400fc40
00:00:49.796750,I,9e000eff6dff2b00f5ff1c41
00:00:49.797375,I,be00d0fe7aff6e002300ee40
00:00:49.797937,I,920015ffbaff510055002a41
00:00:49.798562,I,6500dcfe1fff6c005b003241
00:00:49.799125,I,4c0002ff73ff76008a008041
00:00:49.799687,I,33004dff9aff8500a0008a41
00:00:49.800312,I,6b0066ffa0ff9800b100b941
00:00:49.800875,I,850041ffa7ff7600b000d041
00:00:49.801500,I,7800fcfe6dffa8008f00d641
00:00:49.802062,I,85002eff73ff8400bb00ef41
00:00:49.802687,I,5f0028ffa7ff8800b500bb41
00:00:49.803250,I,78000effa7ff8a008900e841
00:00:49.803812,I,8b00fcfe9affb800c4008241
00:00:49.804437,I,920021ff9affa9008b004041
00:00:49.805000,I,d100fbfe9aff5800a1000141
00:00:49.805625,I,4c0015ff9aff9300ac00ff40
00:00:49.806187,I,7f0028ffbaff660059000241
00:00:49.806812,I,9e00d6fe66ff92005600eb40
00:00:49.807375,I,5f0041ff53ff5c007300ca40
00:00:49.807937,I,520047ffadff1b005b00d340
00:00:49.808562,I,6c00e9fe33ff480052002641
00:00:49.809125,I,4c00f5fec0ff3f0039005641
00:00:49.809750,I,7f00cffe87ff320016005441
00:00:49.810312,I,9e0021ff93ff5900e0ff4d41
00:00:49.810937,I,6b0002ff6dfff8ff0f005c41
00:00:49.811500,I,7f0034ff8dff16001b008441
00:00:49.812062,I,650021ff9aff5e00faff9441
00:00:49.812687,I,9800e9fe73fff2ff03008141
00:00:49.813250,I,2c003bff7aff5800f7ff6741
00:00:49.813875,I,b80008ff5aff0500f3ff7a41
00:00:49.814437,I,59004dff7aff3f00d9ff7841
00:00:49.815062,I,6c0002ff60ff3200cfff8c41
00:00:49.815625,I,c40002ff46ff330005001841
00:00:49.816187,I,6500c3fe9aff380030000f41
00:00:49.816812,I,85002eff46ffe9ff1d001141
00:00:49.817375,I,5f0008ff3fff0e001c001141
00:00:49.818000,I,650002ff59ff1a004e000d41
00:00:49.818562,I,9800effe86ff620068000041
00:00:49.819187,I,8b0047ffceff9a0070004741
00:00:49.819750,I,450008ff60ff72006a007241
00:00:49.820312,I,4c0002ffc7ffad008d007441
00:00:49.820937,I,720008ff87ff7700ad00aa41
00:00:49.821500,I,9200e2fe73ffa0008400ad41
00:00:49.822125,I,3900effe6dffa300c600f641
00:00:49.822687,I,98002eff7aff9400dc001742
00:00:49.823312,I,6b002eff46ffd700ae00d641
00:00:49.823875,I,a50047ffc0ffd300c600bb41
00:00:49.824437,I,65000eff80ff86009d005c41
00:00:49.825062,I,9800fcfeadff82007e006d41
00:00:49.825625,I,6500fbfec7ff6c00c3004d41
00:00:49.826250,I,5200e2fea0ff6f0092003241
00:00:49.826812,I,92000eff80ff68007200fc40
00:00:49.827437,I,4600fbfe73ff34006a00dc40
00:00:49.828000,I,3f00fbfef4ff4e006a00ef40
00:00:49.828625,I,5f00effea7ff5b006c00e840
00:00:49.829187,I,b100f5fe7aff53004200e740
00:00:49.829750,I,450002ff94ff5d00fdff0b41
00:00:49.830375,I,520034ff6dff4600efff2c41
00:00:49.830937,I,4600effe5aff07001f006441
00:00:49.831562,I,8b003aff8dff48000a008441
00:00:49.832125,I,6c00e9fe94ff380014007c41
00:00:49.832687,I,7800dcfe8dff2c00e3ff9541
00:00:49.833312,I,0c006dff60ff3f0009009041
00:00:49.833875,I,720021ff1fff1d0015005c41
00:00:49.834500,I,260027ff66ff1d00f4ff5641
00:00:49.835062,I,b800fbfe59ff36001c007041
00:00:49.835687,I,390027ff73ff540014003941
00:00:49.836250,I,6c0002ff8dff6e0008000d41
00:00:49.836875,I,5f00fcfe66ff67002c000341
00:00:49.837437,I,6c00e9fe86ff4f004c001a41
00:00:49.838000,I,3f002effbaff630061002c41
00:00:49.838625,I,7f002eff93ff38005a001841
00:00:49.839187,I,ab000eff80ff76007a005a41
00:00:49.839812,I,3f001bff8dff5a0087005641
00:00:49.840375,I,65001bff8dff4f00a6001041
00:00:49.841000,I,720021ff93ff5200bf008041
00:00:49.841562,I,ab0034ff73ff75009d00cd41
00:00:49.842125,I,4c0002ff80ff7a008900d241
00:00:49.842750,I,6500d6fea0ffa700a000cf41
00:00:49.843312,I,38001bff26ff6300a100e141
00:00:49.843937,I,8500f5fe73ff8400aa00b141
00:00:49.844500,I,6b0034ffa1ffa50094009041
00:00:49.845125,I,8b00e9fe5affb000a0007f41
00:00:49.845687,I,7f001bff8dff8800ac007441
00:00:49.846250,I,7200fbfe9aff880091002841
00:00:49.846875,I,5200effe73ff65007c00e140
00:00:49.847437,I,4c0040ff4dff92005900f240
00:00:49.848062,I,9800e9fe73ff70004f00f640
00:00:49.848625,I,65002eff60ff5a003e00d340
00:00:49.849250,I,39005aff6dff42004d001541
00:00:49.849812,I,0c003affadff5100f6ff1d41
00:00:49.850375,I,520014ff66ff58003c00f140
00:00:49.851000,I,7e0008ffa1ff2a0022002941
00:00:49.851562,I,b800e2fe80ffe6fff4ff4b41
00:00:49.852187,I,72002eff80ff0000deff4941
00:00:49.852750,I,ab00dcfe8dfffeff1d007441
00:00:49.853375,I,980034ff80ff00000b008b41
00:00:49.853937,I,5f0041ff6dff290015008741
00:00:49.854500,I,d10002ffc1fffcffcdffa941
00:00:49.855125,I,8500fbfe94ff2e0006008941
00:00:49.855687,I,980008ff80ff3e000a008241
00:00:49.856312,I,9e0021ff6dff2f002a003e41
00:00:49.856875,I,520008ffadff3a0006002841
00:00:49.857500,I,9e00c3fe6dff3e0046005a41
00:00:49.858062,I,cb00c9fec7ff350037001341
00:00:49.858625,I,5f001bffceff6b0055002f41
00:00:49.859250,I,3200effe8dff7f0064003841
00:00:49.859812,I,450008ff6dff4f0050003941
00:00:49.860437,I,3200fcfe39ff5b00b3006941
00:00:49.861000,I,7e0015ffbaff600071005441
00:00:49.861625,I,78000eff39ff7a00a9004a41
00:00:49.862187,I,26006dffbaff72008d009441
00:00:49.862750,I,450021ff40ff9700b6009a41
00:00:49.863375,I,7800fbfea7ff9300b000a741
00:00:49.863937,I,7f00cffe4cffa800b000ae41
00:00:49.864562,I,65000eff7aff5d009e00b041
00:00:49.865125,I,8b0008ff73ff7600a5009841
00:00:49.865750,I,5f00b6fe59ff930066009d41
00:00:49.866312,I,32002eff9aff640055004d41
00:00:49.866875,I,9e00e2fe7aff4f009b003f41
00:00:49.867500,I,ab001bff7aff770076002541
00:00:49.868062,I,9e00effe39ff50005100d340
00:00:49.868687,I,850027ffc0ff58000f00bb40
00:00:49.869250,I,8b00c3fe59ff60005a00c640
00:00:49.869875,I,6c004dffc7ff43002200b440
00:00:49.870437,I,3200e2fe80ff51002900f240
00:00:49.871000,I,650027ff6dff48003400f240
00:00:49.871625,I,8b00a3fed4ff040018002e41
00:00:49.872187,I,52002effb4ff4d0029005841
00:00:49.872812,I,ab00fcfe7aff1e002c008841
00:00:49.873375,I,6c00e9fe79ff5b002700aa41
00:00:49.874000,I,2600f5fe8dff29003700c141
00:00:49.874562,I,9100e9fe60ff0d00d4ff8141
00:00:49.875125,I,5f0027ff93ff0900f1ff6641
00:00:49.875750,I,78001bff4dff1500f3ff6241
00:00:49.876312,I,2c0027ffa7ff2300deff4d41
00:00:49.876937,I,6c001bff6dff6b00efff5641
00:00:49.877500,I,32001bff6dff48004f004841
00:00:49.878125,I,330015ff6dff1c004f001841
00:00:49.878687,I,3f000eff53ff340031003b41
00:00:49.879250,I,4c0041ffa0ff450037002941
00:00:49.879875,I,5f002eff40ff43002c003041
00:00:49.880437,I,8b0079ffc1ff4f007c002d41
00:00:49.881062,I,7200dcfe46ff7d004b004541
00:00:49.881625,I,390034ff53ff9e008d004841
00:00:49.882250,I,5f002eff6dff7300aa00b341
00:00:49.882812,I,58001bffc7ff9a009000a041
00:00:49.883375,I,910015ff8dff73009100c441
00:00:49.884000,I,7e00d6feceff7c00bc00e041
00:00:49.884562,I,720041ff40ff9a00ae003e42
00:00:49.885187,I,520008ff6dff71007a00de41
00:00:49.885750,I,1f003aff80ff90007800b141
00:00:49.886375,I,b80002ff73ffaa00a0008141
00:00:49.886937,I,7800fcfec7ff7b009e003c41
00:00:49.887562,I,b800c9fe9aff7a007700e540
00:00:49.888125,I,460008ff46ff89009000f340
00:00:49.888687,I,780008ffa7ff6b007900b040
00:00:49.889312,I,4500fcfe94ff51007d00d340
00:00:49.889875,I,b1000eff9aff36005a00df40
00:00:49.890500,I,390008ff26ff4b00faff0041
00:00:49.891062,I,780060ff80ff4c0026000441
00:00:49.891687,I,920002ff9aff32002c002341
00:00:49.892250,I,78003aff8dff3c0025004b41
00:00:49.892812,I,4500e2fe87ff250019007641
00:00:49.893437,I,ab0008ff9affe8fff3ff9941
00:00:49.894000,I,9e00cffe73fffeffcdffa641
00:00:49.894625,I,2c0047ffb3ff0100f1ff9e41
00:00:49.895187,I,5f000fff7aff2600d8ff7f41
00:00:49.895812,I,7f002eff87ff3f00fcff8841
00:00:49.896375,I,5f001bffc7ff0000f0ff9641
00:00:49.896937,I,4500fcfe6dff660010003041
00:00:49.897562,I,590008ff66ff2400ffff3441
00:00:49.898125,I,720021ff8dff340051003041
00:00:49.898750,I,7800c3fe93ff24003a001c41
00:00:49.899312,I,b200e2fe8dff16004e00e740
00:00:49.899937,I,7200f5fe79ff5a007200fa40
00:00:49.900500,I,3f00fbfe87ff9c002700fc40
00:00:49.901062,I,780014ffa7ff41005d00e440
00:00:49.901687,I,520060ff8dff48005a003f41
00:00:49.902250,I,5f003aff7aff540050007441
00:00:49.902875,I,6c00dcfe66ff8e00ab00bc41
00:00:49.903437,I,650027ff66ffc000bc000742
00:00:49.904062,I,7200fbfe79ffaf00b400e441
00:00:49.904625,I,330027ff59ff7c009600d041
00:00:49.905187,I,9200f5fe40ff7f0094000942
00:00:49.905812,I,6c0027ffbaff8b007900f241
00:00:49.906375,I,ab00fbfe79ffa700ab00e141
00:00:49.907000,I,13001bffd4ff9600ca007c41
00:00:49.907562,I,2c00f5fe73ffc500b6004841
00:00:49.908187,I,4c000eff9aff71006a001f41
00:00:49.908750,I,59003affbaff64008100c140
00:00:49.909312,I,450002ff8dff88007500c940
00:00:49.909937,I,72001bffb4ff84008d00c840
00:00:49.910500,I,780008ffbaff6b0054009540
00:00:49.911125,I,5f005affd4ff2d004c00fa40
00:00:49.911687,I,590041ff9aff1e002a000241
00:00:49.912312,I,98002effa7ff46001200e440
00:00:49.912875,I,13003aff87fff5ff01006941
00:00:49.913437,I,7f002dff46ff1000cbff7441
00:00:49.914062,I,4c00f5fecdff3800f7ffa741
00:00:49.914625,I,200027ff87ff0400f0ffd641
00:00:49.915250,I,720040ff7afff6ff1800ae41
00:00:49.915812,I,72002eff66ff1200dfff9f41
00:00:49.916437,I,7800e8fe93ff1a001a009341
00:00:49.917000,I,980021ff9aff0d00e4ff9641
00:00:49.917562,I,a50028ff8dff2a000e003b41
00:00:49.918187,I,7f002eff80ff39002000fc40
00:00:49.918750,I,7f00dcfe80ff4d0026003141
00:00:49.919375,I,7f0034ff7aff260045000c41
00:00:49.919937,I,a500c3fe2cfffdff42002641
00:00:49.920562,I,ab001bff53ff2a0035002741
00:00:49.921125,I,5200f5fe53ff42004200ed40
00:00:49.921687,I,b1001bff9aff4d0084003241
00:00:49.922312,I,8b0021ffa0ff76003a009741
00:00:49.922875,I,6b00e2fe4cff80008f009141
00:00:49.923500,I,720034ff73ff57008800c441
00:00:49.924062,I,8500effe86ff83008a00b841
00:00:49.924687,I,ab00b6fe40ff73007c00c541
00:00:49.925250,I,4600e9fea7ff8c00ae00ff41
00:00:49.925875,I,9e00f5fe53ff9500ae00ef41
00:00:49.926437,I,6500cffe6dff8c00a900b741
00:00:49.927000,I,7f00d6fea0ffd500a1005c41
00:00:49.927625,I,7f0021ff7aff85009d005641
00:00:49.928187,I,7800e9fe8dff920072000441
00:00:49.928812,I,720021ffc1ffa9008700c040
00:00:49.929375,I,8b00f5fec0ff6e008300db40
00:00:49.930000,I,c400c3fe8dff50007e00be40
00:00:49.930562,I,520015ffc7ff46006e00bc40
00:00:49.931125,I,2c0015ff86ff36003100c340
00:00:49.931750,I,be000eff7aff46002a00f640
00:00:49.932312,I,7f0067ffe1ff1c0010001e41
00:00:49.932937,I,39000eff93fff5fff4ff4941
00:00:49.933500,I,78001bffa7ff1200f8ff6941
00:00:49.934125,I,6c0008ff80ff17000800b841
00:00:49.934687,I,6500d6fe39ff04000f00c241
00:00:49.935250,I,46006dffa0ff2e00f1ffe841
00:00:49.935875,I,5800bdfe73ff2a00e2ffe641
00:00:49.936437,I,7f0034ff66ff2d00cbffb841
00:00:49.937062,I,780021ffbaff2200e8ff6841
00:00:49.937625,I,590028ff19ff100012000c41
00:00:49.938250,I,5f0027ffa0ff26001b001541
00:00:49.938812,I,b20002ff7aff4f001b00cd40
00:00:49.939375,I,c4000eff7aff510031000141
00:00:49.940000,I,4c00e9fe86ff74001e00c840
00:00:49.940562,I,d1001bff40ff6d003000cc40
00:00:49.941187,I,92004dff93ff48003800e040
00:00:49.941750,I,be000eff53ff5b0051000441
00:00:49.942375,I,39004dff9aff78005c001041
00:00:49.942937,I,a50034ff59ff720090002441
00:00:49.943500,I,7f003aff73ff8d00b6008441
00:00:49.944125,I,390034ffc7ff6f00a300ba41
00:00:49.944687,I,e400cffe66ff7d00b900f841
00:00:49.945312,I,b1006dffadff7900f0001e42
00:00:49.945875,I,65001bff94ff7700da003d42
00:00:49.946500,I,2c00dcfe9affa800b900fd41
00:00:49.947062,I,6c0027ff9affb400c600d041
00:00:49.947625,I,9800e2fe66ff9700f0008241
00:00:49.948250,I,78001bffd4ffb200a2002b41
00:00:49.948812,I,be00effe66ff8e00b5000641
00:00:49.949437,I,920021ffa7ff84008800bd40
00:00:49.950000,I,72000effd4ff440044009c40
00:00:49.950625,I,330015ff9aff800056009540
00:00:49.951187,I,8500f5fe60ff44003a008340
00:00:49.951750,I,5800fcfe73ff20004000a540
00:00:49.952375,I,b10053ff59ff22004300cf40
00:00:49.952937,I,92004dffbaff22002200c740
00:00:49.953562,I,a50027ff46ff18005c003541
00:00:49.954125,I,6b00fbfe6dffe5fff9ff7a41
00:00:49.954750,I,4c001bffc7ffe0ffdeff7c41
00:00:49.955312,I,9800d6fe3fff29003100b641
00:00:49.955875,I,720021ff66ff3900feffbb41
00:00:49.956500,I,9e0008ff93ff2000eeffc841
00:00:49.957062,I,980008ff6dff2e0002008a41
00:00:49.957687,I,ab004dff7aff2e0010005841
00:00:49.958250,I,b100d6fe9aff2e0001003d41
00:00:49.958875,I,cb00e2fe9aff0800eeff3a41
00:00:49.959437,I,3900f5fea0ff2900f1ff4b41
00:00:49.960062,I,72001bfff2fe3c006a002441
00:00:49.960625,I,720047ffc7ff40003b00fa40
00:00:49.961187,I,46000eff66ff59004f00ea40
00:00:49.961812,I,78001bff60ff52007000e240
00:00:49.962375,I,5f0021ff2cff530057000241
00:00:49.963000,I,78000eff6dff78006e002841
00:00:49.963562,I,52001bff73ff4d009a006841
00:00:49.964187,I,450008ff6dff6400a4008841
00:00:49.964750,I,6500f5fe86ff8200aa00b041
00:00:49.965312,I,6c0015ffa7ffc0008000b041
00:00:49.965937,I,9800e2fe80ff72008000e041
00:00:49.966500,I,580034ff8dffd2009000df41
00:00:49.967125,I,5f00f5fe6dff9c0058007841
00:00:49.967687,I,65003aff60ff78005a006a41
00:00:49.968312,I,5f00fbfe73ffa000a5006041
00:00:49.968875,I,65000eff33ff7a0093003d41
00:00:49.969437,I,32003affa0ff8d00d7002b41
00:00:49.970062,I,4c000eff79ff82004e00f340
00:00:49.970625,I,4c0047ffb4ff3e005d00ec40
00:00:49.971250,I,1f00d6febaff4a006600c340
00:00:49.971812,I,85000effa7ff52003e00ca40
00:00:49.972437,I,8b002eff6dff30005e00d440
00:00:49.973000,I,2c0021ffd4ff4f001b000641
00:00:49.973562,I,7f001bff9aff220006000d41
00:00:49.974187,I,920002ff80ff390027007241
00:00:49.974750,I,5f00e9fe80ff03000400cd41
00:00:49.975375,I,8500fcfe9aff1e0003005f41
00:00:49.975937,I,a500b0fedaff1200f6ff7741
00:00:49.976562,I,52001bffa0ff4c001800a341
00:00:49.977125,I,130021ff66ff2300feff7741
00:00:49.977687,I,65006dffc7ff0200d4ff5141
00:00:49.978312,I,7200effe80ff1f0000004641
00:00:49.978875,I,9800f5fea0ff1d0012001f41
00:00:49.979500,I,8b000eff4cff76001c00fb40
00:00:49.980062,I,8b002effb3ff5e0046001241
00:00:49.980687,I,9800e9fe4dff3c002000da40
00:00:49.981250,I,6c0041ffadff23003e002141
00:00:49.981812,I,4500d0fe59ff1d003c002e41
00:00:49.982437,I,a50041ff66ff440042004d41
00:00:49.983000,I,6b0034ff73ff49007f006841
00:00:49.983625,I,5f000effb4ff43007a007a41
00:00:49.984187,I,a50002ff2cff570095007241
00:00:49.984812,I,4c00a5ffa7ff8b006400ba41
00:00:49.985375,I,6500c9fe66ff4e00ba00da41
00:00:49.985937,I,650021ff73ff68009b00f941
00:00:49.986562,I,4c0015ffadffa900a300df41
00:00:49.987125,I,5800e2fe59ffc1007700db41
00:00:49.987750,I,7200c9fe73ffb9005900c941
00:00:49.988312,I,ab0073ffa7ffce0075009a41
00:00:49.988937,I,8500fbfe8dff6a0083003e41
00:00:49.989500,I,980002ff80ff86006f00ff40
00:00:49.990062,I,5900d6fe59ffad007500d440
00:00:49.990687,I,6b004dffbaffae00a200d440
00:00:49.991250,I,1f00f5fe46ff75007c00c040
00:00:49.991875,I,390047ff80ff3c0042008440
00:00:49.992437,I,6c00fcfe73ff2a003000d240
00:00:49.993062,I,7f0060ff93ff1e0055000841
00:00:49.993625,I,3f00effe80ff1f0008002b41
00:00:49.994250,I,8b0015ffcdff200056007e41
00:00:49.994812,I,6500c3fe4cfff1ff29006841
00:00:49.995375,I,7f0008ff4dff36001c006641
00:00:49.996000,I,32004dffbaff1600f4ff9e41
00:00:49.996562,I,1f00fcfe66ff48001000b841
00:00:49.997187,I,5f000effbaff280006008741
00:00:49.997750,I,7200d6fe94ff2600faff8841
00:00:49.998375,I,390008ffc1ff2300ffff5941
00:00:49.998937,I,2c0047ffc1ff28001e006641
00:00:49.999500,I,9e0034ff60ff3f00ddff4241
00:00:50.000125,I,590021ff59ff20001b001a41
00:00:50.000687,I,8500e9fe9aff24003e001341
00:00:50.001312,I,3f00dcfe66ff100016000441
00:00:50.001875,I,cb0008ff6dff29003400e640
00:00:50.002500,I,6500e9fe5aff24002e00e740
00:00:50.003062,I,650002ff7aff2f006c00cd40
00:00:50.003625,I,6c0028ff8dff42007b000f41
00:00:50.004250,I,1f0034ff9aff630070004a41
00:00:50.004812,I,d1001bff93ffa500b6003041
00:00:50.005437,I,6c006dff7aff84009800d241
00:00:50.006000,I,6b0021ffbaff61007c00a341
00:00:50.006625,I,7800dcfe46ffca009300d841
00:00:50.007187,I,650027ffa7ffb400aa00c641
00:00:50.007750,I,720002ff7affc600e7009f41
00:00:50.008375,I,52003affbaff9300a5008741
00:00:50.008937,I,45004dff73ff9000b800a941
00:00:50.009562,I,5f0021ff7aff5800ab003041
00:00:50.010125,I,3f003aff86ff90005f004441
00:00:50.010750,I,850028ff8dff8f009900d840
00:00:50.011312,I,5200d6fe40ff55005400e040
00:00:50.011875,I,850008ffc1ff56005a00b240
00:00:50.012500,I,720034ffa7ff6d004000c740
00:00:50.013062,I,cb002eff86ff2b004b00c040
00:00:50.013687,I,5f0028ff9aff53002b00b640
00:00:50.014250,I,460066ff7aff340028000441
00:00:50.014875,I,b800d6fe53ff060051004441
00:00:50.015437,I,720027ffa0ff2200fdff6a41
00:00:50.016000,I,5f001bff94ff020014003941
00:00:50.016625,I,78000eff87fff6ff02008641
00:00:50.017187,I,8500fcfe93ff2300d6ff8241
00:00:50.017812,I,52001bff9aff2800a4ff9341
00:00:50.018375,I,c400f5fe86ff1500d1ff6841
00:00:50.019000,I,9100fcfe73ff1800ddff7a41
00:00:50.019562,I,8b002effd4ff61001c006741
00:00:50.020187,I,6b0028ff46ff4e000d001241
00:00:50.020750,I,7f00d6fe73ff380041003c41
00:00:50.021312,I,c5001bffa7ff2f002f003041
00:00:50.021937,I,6500e9fe93ff75004b003241
00:00:50.022500,I,330047ff59ff3c002f001541
00:00:50.023125,I,7f004dffa7ff330078004d41
00:00:50.023687,I,72000fffcdff25005a003641
00:00:50.024312,I,8500e9fea0ff32006b007d41
00:00:50.024875,I,460021ffceff6d0063008d41
00:00:50.025437,I,7f00fcfe46ff7500a500af41
00:00:50.026062,I,7f0060ffc0ff6f00ac00c141
00:00:50.026625,I,9200c3fe6dff68007e00b141
00:00:50.027250,I,7800f5fe73ff9700ac00a041
00:00:50.027812,I,5900fcfea0ffc80092009641
00:00:50.028437,I,650034ffa7ffae00a6009f41
00:00:50.029000,I,980034ff6dffdd00c2008a41
00:00:50.029562,I,85000eff80ff9a00a2007e41
00:00:50.030187,I,780008ff80ff9d009a003941
00:00:50.030750,I,9f001bffa7ff77007b002d41
00:00:50.031374,I,5200d6fe93ff65005b00e240
00:00:50.031937,I,59001bff6dff5b006d00e840
00:00:50.032562,I,a500f5fe60ff84006300f840
00:00:50.033125,I,3f0008ffa0ff67004000aa40
00:00:50.033687,I,6c0015ff66ff15001300e640
00:00:50.034312,I,7f003affadffeeff4f00bf40
00:00:50.034875,I,8b0008ffcdff23001e003741
00:00:50.035500,I,98002effd4ff11002e006441
00:00:50.036062,I,520021ff59ff2c0036005b41
00:00:50.036687,I,920001ff93ff00000f007341
00:00:50.037250,I,6c0002ff53ff0600deffab41
00:00:50.037812,I,59005aff7aff2200e0ff7041
00:00:50.038437,I,65000eff53ff0d00adff8241
00:00:50.039000,I,8500d0fe7aff1300c2ff5f41
00:00:50.039625,I,5f0041ff40ff120018008b41
00:00:50.040187,I,4c00fbfea7ff4c0010003a41
00:00:50.040812,I,6b00e8fe59ff390001000f41
00:00:50.041375,I,5900dcfe33ff4200f1ffff40
00:00:50.041937,I,7200fbfe80ff3700e0ff3f41
00:00:50.042562,I,850040ff93ff40001d00fa40
00:00:50.043125,I,8500e2fe79ff75002e00f840
00:00:50.043750,I,7f0047ff60ff5e0084002e41
00:00:50.044312,I,fe0002ffa7ff680092003441
00:00:50.044937,I,3f0027ff9aff1d0053003b41
00:00:50.045500,I,ab0008ff53ff5000be008341
00:00:50.046062,I,ab002eff9aff6b007500bf41
00:00:50.046687,I,5900d6fec0ffa300da009441
00:00:50.047250,I,b8002eff7affbb00c600e541
00:00:50.047875,I,9e0015ffadff9300cd00d641
00:00:50.048437,I,1f00effe33ffc700a4008d41
00:00:50.049062,I,720008ff93ffa200a2007b41
00:00:50.049625,I,850002ff79ff9900e3009541
00:00:50.050250,I,4c0002ff80ffa500b2009441
00:00:50.050812,I,a500f5fe73ffad008a004841
00:00:50.051375,I,7200e8fe93ff57006600e540
00:00:50.052000,I,7900effe8dff48004200c740
00:00:50.052562,I,6c0002ff9aff3e008e00bc40
00:00:50.053187,I,520021ffa0ff6d006a008c40
00:00:50.053750,I,6b000eff79ff33007a00d740
00:00:50.054375,I,8b001bff60ff23002300dd40
00:00:50.054937,I,720008ffa7ff0f0017000341
00:00:50.055500,I,b80040ffa0ff3d001c004b41
00:00:50.056125,I,a500e8fe7afff8ffcfff3841
00:00:50.056687,I,520054ff8dff3500c7ff7541
00:00:50.057312,I,390015ff9aff2100d0ff7a41
00:00:50.057875,I,26002eff8dff1a00cdff7741
00:00:50.058500,I,3f0059ff3fff1c0007008d41
00:00:50.059062,I,7f00fbfe66ff2b00d6ff9a41
00:00:50.059625,I,650008ff80ff2b00fcffa441
00:00:50.060250,I,4c0047ff9aff4a00f8ff9641
00:00:50.060812,I,580014ff9aff2100e2ff7141
00:00:50.061437,I,39002eff66ff5a00f7ff4541
00:00:50.062000,I,a500f5fe7aff3f0035002e41
00:00:50.062625,I,92002eff73ff57001500ca40
00:00:50.063187,I,d1001bff73ff1f004100d240
00:00:50.063750,I,260008ff93ff32004c00be40
00:00:50.064375,I,650002ff6dff3d007f001741
00:00:50.064937,I,7200fbfe86ff400061001b41
00:00:50.065562,I,780066ff33ff6e007c008d41
00:00:50.066125,I,a50047ff6dff92009e009c41
00:00:50.066750,I,520015ff93ff8b009a00d341
00:00:50.067312,I,5f0047ff46ff6a00b500ca41
00:00:50.067875,I,7200f5fea7ff9000c600ec41
00:00:50.068500,I,1f000eff8dff9600cb00e341
00:00:50.069062,I,260008ffa7ff8d00a7009541
00:00:50.069687,I,9e00dcfe8dff7c0089009241
00:00:50.070250,I,3900d6fe80ff8a0090008141
00:00:50.070875,I,3f002eff6dffaa009c009341
00:00:50.071437,I,780002ffcdffa500a0002e41
00:00:50.072000,I,590028ff8dff8e008200ef40
00:00:50.072625,I,a500dcfe9aff7e009600d540
00:00:50.073187,I,920002ff4cff62007000e940
00:00:50.073812,I,590021ffa0ff4a006000c740
00:00:50.074375,I,590002ff80ff61002100fd40
00:00:50.075000,I,98002eff66ff5c003f00ec40
00:00:50.075562,I,6c00e2fea7ff30000c002f41
00:00:50.076125,I,4c0008ffadff4e00f0ff2741
00:00:50.076750,I,190041ffa7ff380013005041
00:00:50.077312,I,be00c9fe1fff3b0005005b41
00:00:50.077937,I,13004dffa0ff230009005f41
00:00:50.078500,I,b8001bff59ff2000feff9241
00:00:50.079125,I,8b0034ff4dff1b00f4ff8d41
00:00:50.079687,I,8b0047ff8dff18001c005a41
00:00:50.080250,I,330028ff60ff1f0000008b41
00:00:50.080875,I,b80015ff7aff0e00f1ff7541
00:00:50.081437,I,52001bffa7ff4b00feff5e41
00:00:50.082062,I,9e001bff93ff330013000341
00:00:50.082625,I,650021ff39ff4a001000fd40
00:00:50.083250,I,32001bffa7ff33003000fc40
00:00:50.083812,I,72000eff60ff300047000741
00:00:50.084375,I,59001bff59ff63005200fa40
00:00:50.085000,I,650002ff80ff4b0060001c41
00:00:50.085562,I,6c00f5fe7aff430047002a41
00:00:50.086187,I,92001bff60ff580089005e41
00:00:50.086750,I,78002eff6dff8a00a7005641
00:00:50.087375,I,9e0021ff80ff6a007d009f41
00:00:50.087937,I,a500c9fe86ffa3008800b841
00:00:50.088562,I,4c0008ff73ff9400b000a741
00:00:50.089125,I,9200dcfe9aff8700b900eb41
00:00:50.089687,I,590034ff8dffac00e300d341
00:00:50.090312,I,9200d0fe60ff84009c00b741
00:00:50.090875,I,45000eff6dff87009d00c241
00:00:50.091500,I,ab0008ff86ff970053004e41
00:00:50.092062,I,5800effe86ff44003a00ff40
00:00:50.092687,I,a50028ff6dff90006b00d240
00:00:50.093250,I,6c00f5fe7aff30006100e540
00:00:50.093812,I,8b001bff80ff61008e00ad40
00:00:50.094437,I,650041ff9aff5c005b008a40
00:00:50.095000,I,980028ff93ff35003300f840
00:00:50.095625,I,6c00d6fe80ff47001b000141
00:00:50.096187,I,3f005aff80ff110018000341
00:00:50.096812,I,9200f5fe7aff290042003541
00:00:50.097375,I,5f00e2fe94ff080007003541
00:00:50.097937,I,190002ff9aff3b0006008041
00:00:50.098562,I,2c00fbfe8dff010000006241
00:00:50.099125,I,7f00e9fe73ff19000e008a41
00:00:50.099750,I,0c00fcfea0ff0800f9ff7141
00:00:50.100312,I,780008ff6dff130011006841
00:00:50.100937,I,4500fbfe7aff470013008141
00:00:50.101500,I,d80008ff4dff1600fdff5841
00:00:50.102062,I,780008ff66ff1000e2ff2941
00:00:50.102687,I,920002ff8dff120020004341
00:00:50.103250,I,3f0027ff59ff500046000d41
00:00:50.103875,I,98002eff46ff370063000541
00:00:50.104437,I,ab00e2fe46ff41002900e640
00:00:50.105062,I,1f000eff8dff53008c00ff40
00:00:50.105625,I,1900f5fe8dff18008b000d41
00:00:50.106187,I,52004dff33ff700078002e41
00:00:50.106812,I,260047ff6dff990060003f41
00:00:50.107375,I,92003aff86ff90009b007d41
00:00:50.108000,I,9800fbfec1ff760078008841
00:00:50.108562,I,ab0008ff73ffb300ba00ca41
00:00:50.109187,I,7200fbfea7ff8600a300d141
00:00:50.109750,I,e4000eff60ff7c008600e541
00:00:50.110312,I,d10015ff9aff6c00c600c041
00:00:50.110937,I,85000eff8dffb900aa009241
00:00:50.111500,I,8b00dcfe6dff74006e008c41
00:00:50.112125,I,330008ffa7ff7c0085004e41
00:00:50.112687,I,6c003bffb4ff860053001441
00:00:50.113312,I,780028ff9aff790067000341
00:00:50.113875,I,7e0015ff87ff7b007600de40
00:00:50.114437,I,6c0028ffbaff41003600c840
00:00:50.115062,I,980008ff73ff570065000941
00:00:50.115625,I,190002ffa0ff33003c00bd40
00:00:50.116250,I,92000eff80ff3d000e00ef40
00:00:50.116812,I,d100fbfe86ff18001b00fb40
00:00:50.117437,I,46001bff6dfffdffffff2041
00:00:50.118000,I,780040ffadfff7ff02004441
00:00:50.118562,I,b2000eff59ff3400f1ff3b41
00:00:50.119187,I,46002eff7aff0400ddff6641
00:00:50.119750,I,450008ff80ff2b00e3ff9141
00:00:50.120375,I,98001bff6dff40000a00af41
00:00:50.120937,I,a500f5fe33ff0500abff9041
00:00:50.121562,I,650066ffb4ff3c00fdff6a41
00:00:50.122125,I,b800d6fe80ff0a00d3ff4d41
00:00:50.122750,I,390047ffa0ff600012004a41
00:00:50.123312,I,9800dcfe4dff2a000a000941
00:00:50.123875,I,9200b6fe73ff0a0060001641
00:00:50.124500,I,5f001bff60ff440020001b41
00:00:50.125062,I,650027ffa0ff5a002f000c41
00:00:50.125687,I,7f0015ff93ff56002f003341
00:00:50.126250,I,6c000eff6cff34005e002e41
00:00:50.126875,I,590001ff86ff890046005441
00:00:50.127437,I,65000eff6dffb0008e005141
00:00:50.128000,I,9200e9fe6dff950080007641
00:00:50.128625,I,6c0027ff9aff9c008d008f41
00:00:50.129187,I,320021ff59ff92008800a141
00:00:50.129812,I,450028ff46ffae0095009841
00:00:50.130375,I,7f00cffe8dffbc00a200a641
00:00:50.131000,I,580015ffc1ffd60099009f41
00:00:50.131562,I,4c0008ff9aff86009600a941
00:00:50.132125,I,65000effa7ff820091006d41
00:00:50.132750,I,130027ffa7ff730076005c41
00:00:50.133312,I,5f00dcfe6cff75005700fc40
00:00:50.133937,I,59006dffa7ff64006300da40
00:00:50.134500,I,7f0021ff86ff350058000a41
00:00:50.135125,I,2c00f5fe9aff40000e00ab40
00:00:50.135687,I,ab0002ff60ff6f001d009b40
00:00:50.136250,I,580015ffe1ff52003b00ee40
00:00:50.136875,I,780021ffa0ff43001700e140
00:00:50.137437,I,7f0034ffbafff4ff0d001241
00:00:50.138062,I,780008ff93ff35000c002b41
00:00:50.138625,I,65004dff93ff2a0000003d41
00:00:50.139250,I,98001bff8dff25000b003241
00:00:50.139812,I,b100fbfec7ff160019004b41
00:00:50.140375,I,920021ffa0ff3b000b008f41
00:00:50.141000,I,ab00f5fe73ff2500fcff7441
00:00:50.141562,I,f3ff28ffbaff0e00f4ff7441
00:00:50.142187,I,8b00e9fe53ff3a0030003841
00:00:50.142750,I,6500fbfe60ff0100f3ff2e41
00:00:50.143375,I,be0034ff93ff320026001541
00:00:50.143937,I,460002ff59fffeff4a004e41
00:00:50.144500,I,720060ff7aff470039001641
00:00:50.145125,I,8500f5fe73ff440032004641
00:00:50.145687,I,8b001bff9aff66006800e740
00:00:50.146312,I,9e0021ff60ff66004b001341
00:00:50.146875,I,32001bff94ff74005d002741
00:00:50.147500,I,650008ff66ff5f008c004a41
00:00:50.148062,I,650041ff7aff730086006c41
00:00:50.148625,I,780041ff86ff89008c006041
00:00:50.149250,I,52000eff73ffab0083007f41
00:00:50.149812,I,a5003aff66ffb2009a008841
00:00:50.150437,I,8b0041ff46ff96009a008941
00:00:50.151000,I,ab0008ff8dffb8008c008841
00:00:50.151625,I,6500fbfe53ff95009c008141
00:00:50.152187,I,46000eff73ff8e00be007f41
00:00:50.152750,I,8b0027ff80ff86008a00a841
00:00:50.153375,I,85002eff93ff8e0077006041
00:00:50.153937,I,b100effe73ff6b0094004941
00:00:50.154562,I,320015ffe7ff62006400eb40
00:00:50.155125,I,45000effbaff5a003900d440
00:00:50.155750,I,1f005affadff7a002b00b640
00:00:50.156312,I,720002ff26ff43003900d940
00:00:50.156875,I,6b0015ff8dff4c003300c840
00:00:50.157500,I,2c0015ff93ffe8ff2800e440
00:00:50.158062,I,780027ffc0ff090007001a41
00:00:50.158687,I,a50002ffcdff240057004a41
00:00:50.159250,I,2c0015ff9aff1e0000004641
00:00:50.159875,I,5200f5fe66ffffffdaff3741
00:00:50.160437,I,190021ff86fffaff10006041
00:00:50.161000,I,39000eff53ff0400edff5e41
00:00:50.161625,I,6c001bffadff0500b7ff7941
00:00:50.162187,I,b800fcfe60ff1a00e8ff6241
00:00:50.162812,I,85000fff7afffaff0f006641
00:00:50.163375,I,ab00f5fe6dfff6fffaff4c41
00:00:50.164000,I,920021ffadff23003c004941
00:00:50.164562,I,6500effe6cff450019003a41
00:00:50.165187,I,78000eff59ff480032000341
00:00:50.165750,I,780053ff80ff4b0039002241
00:00:50.166312,I,cb00fbfe6dff53006b003841
00:00:50.166937,I,9e001bff6dff710049001341
00:00:50.167500,I,8b00e8fe66ff320052001841
00:00:50.168125,I,260021ff80ff51005b004641
00:00:50.168687,I,720021ff73ffa00049007941
00:00:50.169312,I,85003aff8dff6d00bd005641
00:00:50.169875,I,7200effe8dff6c00aa007c41
00:00:50.170437,I,920008ffa6ffad007d008641
00:00:50.171062,I,7800f5fe93ff74008e00b541
00:00:50.171625,I,3f0034ffa0ff91007e00a841
00:00:50.172250,I,58003aff8dffbc008a004641
00:00:50.172812,I,850021ff66ff7b0081007641
00:00:50.173437,I,7f0066ff4cff8a007f004a41
00:00:50.174000,I,8500effe60ff8000a2000841
00:00:50.174562,I,5900fbfe8dff700086000441
00:00:50.175187,I,3f000eff6dff77009600cb40
00:00:50.175750,I,920021ff8dff58005700e440
00:00:50.176375,I,190079ffadff57007e00a840
00:00:50.176937,I,6500effe2cff44004d00d040
00:00:50.177562,I,59001bffadff21003500f240
00:00:50.178125,I,8b0053ff53ffffff1a00fd40
00:00:50.178687,I,720014ffdaff36005d002441
00:00:50.179312,I,850027ffadff220044004641
00:00:50.179875,I,6500f5fe7aff100002004d41
00:00:50.180500,I,260002ff6cff0300e9ff3341
00:00:50.181062,I,a50040ff80ffffff11004c41
00:00:50.181687,I,52000effa0fff0ffdfff4e41
00:00:50.182250,I,ab002eff86ff2d00c8ff7541
00:00:50.182812,I,720015ff86ff2d00ecff6441
00:00:50.183437,I,78002eff73ff910014006241
00:00:50.184000,I,7e00e2fe6dff380024002e41
00:00:50.184625,I,7200e3fe53ff5a00fcff0641
00:00:50.185187,I,3900d6fe6dff54002f001d41
00:00:50.185812,I,4c00f5febaff600029002b41
00:00:50.186375,I,6c00d0fe53ff590035000241
00:00:50.186937,I,450008ffa7ff5c0074002f41
00:00:50.187562,I,5f00d6fe6dff32002e002c41
00:00:50.188125,I,460008ff87ff5f0060005441
00:00:50.188750,I,460002ff9aff710061005441
00:00:50.189312,I,6c002effc7ff8000ac006a41
00:00:50.189937,I,4c0027ffa7ff8f009c00b441
00:00:50.190500,I,8b00e9fe39ff85007200b041
00:00:50.191062,I,6c00fbfe59ff74008a00a541
00:00:50.191687,I,7f001bff9aff5d00a700bb41
00:00:50.192250,I,5900effe6dff56006e00a241
00:00:50.192875,I,720021ff80ff7a008b007e41
00:00:50.193437,I,8b00f5fe94ffc2009c006d41
00:00:50.194062,I,520021ff73ffaa00ad001841
00:00:50.194625,I,5f00e8fea0ffac0068001541
00:00:50.195187,I,3f0060ff93ff84003600ce40
00:00:50.195812,I,5f001bff3fff7a003f00c740
00:00:50.196375,I,72004dffbaff540048007c40
00:00:50.197000,I,9e00e9fe6dff57008b005340
