02:29:11.494125,I,2b018cfe07fffefd64ff4b40
02:29:11.150250,U,b56205010200068a98c1
02:29:11.494250,I,5f013ffe47ff10fe01ffff3f
02:29:11.154312,U,b56205010200068a98c1
02:29:11.161250,U,b56205000200068a97bc
02:29:11.494875,I,2501acfe8dff85fe8afe4340
02:29:11.495437,I,32014bfe07ffaffefefddc40
02:29:11.496062,I,4501d9fe1affcbfedcfd4f41
02:29:11.496625,I,f10085fe6dff7cfec6fd4741
02:29:11.497250,I,7f0132fe34ffd7fef2fd4441
02:29:11.497812,I,2b015ffe27ff01ff2afe7e41
02:29:11.498437,I,780152fe87ffe3fe20fe3c41
02:29:11.499000,I,45011efe5affe2fe86fe3841
02:29:11.499625,I,1e018bfe3aff5dfe48ffe940
02:29:11.500187,I,12016cfe1aff00fe26ff7540
02:29:11.500812,I,520138fe8dffcafd34ff3940
02:29:11.501375,I,2b015ffe74ff3afe20ff5240
02:29:11.501999,I,6b014bfeaefe7afeb2fed33f
02:29:11.502562,I,3e01d9fe94ffa8fe9efe863f
02:29:11.503187,I,0b0198fe7afff9fe93fed03f
02:29:11.503750,I,78017ffe2eff0bff2cfe8940
02:29:11.504374,I,5801a5fe3aff21ff24fee840
02:29:11.504937,I,1e014bfe21fff9fe11fe2e41
02:29:11.505562,I,5801fffd47fff2fe59fe4241
02:29:11.506124,I,650165fe07ff0dff9dfe6541
02:29:11.506750,I,850132fe67ffc9fed5fe9341
02:29:11.507312,I,25019ffe61ff61fe67feb241
02:29:11.507937,I,2b0192fe07ffccfda9fe4041
02:29:11.508499,I,38016bfe41ffcbfd8cfe1141
02:29:11.509125,I,f80072fe4eff07fe6dfe0941
02:29:11.509687,I,250158fe7aff76fe6cfef340
02:29:11.510312,I,450158fe47ffe2fe82fe2b41
02:29:11.510875,I,4b0185fe47ff4bff85fe0341
02:29:11.511437,I,450178fe54ff0effbffe3c40
02:29:11.512062,I,1f016bfe54ffc6fefafec43f
02:29:11.512624,I,580118fe0eff4ffec2fe0240
02:29:11.513250,I,45013ffe27ff5efe3bff8d40
02:29:11.513812,I,f8008bfe67ff6cfe83ffa140
02:29:11.514437,I,1f017ffe34ff56feb5ff6840
02:29:11.515000,I,c500b2fe47ff14fe2effb03f
02:29:11.515625,I,9f012bfe2eff0cfe65fecc3f
02:29:11.516187,I,05014bfe0eff10fedefdbb40
02:29:11.516812,I,df008bfe41ff80fe40fd3941
02:29:11.517375,I,1f017ffef4fec7fea6fd9a41
02:29:11.518000,I,1e0172fe54ff0aff11fe4041
02:29:11.518562,I,580178fe21ff22ff31fee840
02:29:11.519187,I,ac0145fe6dff28ff32fecf40
02:29:11.519750,I,6c0145fe6eff39fef2feca40
02:29:11.520375,I,050112fe2eff01fe3eff2241
02:29:11.520937,I,380152fe07ff04fe7bffc140
02:29:11.521562,I,3f0145fe61ffb3fe4eff5e40
02:29:11.522125,I,4b01a5fe47ffe6fe1bff1c40
02:29:11.522750,I,1801c5fe54ffa1fecdfea13f
02:29:11.523312,I,3f0158fe3aff52fe77fed03f
02:29:11.523937,I,4c0152fe54ff5efe1dfe7540
02:29:11.524500,I,1f01a5fe67ffabfe21fe4041
02:29:11.525125,I,45017ffee7fe47ff10fe4741
02:29:11.525687,I,7f014bfe47ff6aff0efeed40
02:29:11.526312,I,b20158fe67ff2cff17fefc40
02:29:11.526875,I,6b0152fe67ffc4fea4fe0241
02:29:11.527500,I,2b01f8fd14ff2afe70fe5b41
02:29:11.528062,I,ff006cfe34ff06fec8fefc41
02:29:11.528687,I,450152fe5aff53febbfe8d41
02:29:11.529250,I,4b0185feeefe47febafeae40
02:29:11.529875,I,3801ccfe34ffa3fe9ffe5640
02:29:11.530437,I,58015ffe41ff9afebefe7a40
02:29:11.531062,I,1e014bfe47ff90fe68fec740
02:29:11.531625,I,4b0118fe5aff9afe5afe0c41
02:29:11.532250,I,32012bfe2eff17ff9cfec940
02:29:11.532812,I,59016cfe41ff21ffc8fe2a40
02:29:11.533437,I,320172fe4effeefeebfe0a40
02:29:11.534000,I,5f018bfe34ff5efe58ff5d40
02:29:11.534625,I,ff0078fe74ffa7fd7cff4c40
02:29:11.535187,I,380125fe3affa7fd58ff6440
02:29:11.535750,I,780138fe3afff0fde9fe3c40
02:29:11.536375,I,3801a5fe54ff6bfe39fe9640
02:29:11.536937,I,4501dffe2dffdbfec2fdba40
02:29:11.537562,I,e50058fe6dffc2feb6fdbf40
02:29:11.538125,I,45019ffe3aff98feb3fde540
02:29:11.538750,I,320145fe34ff77fefdfde840
02:29:11.539312,I,8b011efe41ffdafe1bfe3941
02:29:11.539937,I,250165fe34ff10ff90fe1e41
02:29:11.540500,I,8c0172fe54ffaafe25ff2041
02:29:11.541125,I,180198fe5aff74fe64ffad40
02:29:11.541687,I,580112fe2efff8fd82ff0940
02:29:11.542312,I,520165fe21ff38fe3bff3240
02:29:11.542875,I,1f0138fe41ff84fe10ff5440
02:29:11.543500,I,050192fe60ff9afebafe1440
02:29:11.544062,I,250152fe1aff87fe92febf3f
02:29:11.544687,I,5201a5fe4eff86fe68fe5e40
02:29:11.545250,I,85016cfe54ffa0fe44fe0e41
02:29:11.545875,I,580158fe34fffafe03fe0d41
02:29:11.546437,I,f20058fe47ffbdfe6cfef340
02:29:11.547062,I,3f0152fe21fff7fea7fef940
02:29:11.547625,I,450152fe54ff09ffeafe1a41
02:29:11.548250,I,4b01abfe1aff55febbfec441
02:29:11.548812,I,38016cfe60ff30fed7fe8b41
02:29:11.549437,I,250172fe47ffdbfdaafe1841
02:29:11.550000,I,520132fe07ffeafda0feb940
02:29:11.550625,I,6b013ffe21ff5ffea5fee440
02:29:11.551187,I,650145fe54fffefec0fe0e41
02:29:11.551812,I,2b01acfe7affc3fe95fe5341
02:29:11.552375,I,f8005ffe5affd5fef0fe2141
02:29:11.553000,I,7201a5fe41ffe5fec2fe4440
02:29:11.553562,I,3f0152fe2dffbdfec3fef83f
02:29:11.554187,I,580125fe67ffb6fe28ff1840
02:29:11.554750,I,65010bfe01ff8bfe90ff4340
02:29:11.555375,I,1801b2fe6dff39fe94ff5d40
02:29:11.555937,I,f80085fe41fffcfd61ff6c40
02:29:11.556562,I,6501a5fe21ff2efeeafe5340
02:29:11.557125,I,380178fe21ff20fe24fe5e40
02:29:11.557750,I,2b016cfe41ff58fe9efd3e40
02:29:11.558312,I,320118fe27ffc0febdfda040
02:29:11.558937,I,380172fe74ffdffedcfd1a41
02:29:11.559500,I,650178fe1affcefef8fda441
02:29:11.560125,I,450185fe74fff5fe3efe6641
02:29:11.560687,I,e500c5fe40ffb5fe84fee140
02:29:11.561312,I,850138fe2dff5cfe19ff5f40
02:29:11.561875,I,3e010bfe47ff43fe60ff9840
02:29:11.562500,I,320165fe47ff4afe54ffd640
02:29:11.563062,I,180152fe07ff61fe4fffb340
02:29:11.563625,I,1801d9fe54ffd7fe0aff1440
02:29:11.564250,I,0501b9fe41ffb9fedbfec23f
02:29:11.564812,I,520132fe3affa7fe5bfe0b40
02:29:11.565437,I,0b0192fe54ffddfe30fe8540
02:29:11.566000,I,78014cfe0dffa3fe18fe2c41
02:29:11.566625,I,250158fe34ff9dfe77fe2841
02:29:11.567187,I,320185fe47ffb6fe9cfeeb40
02:29:11.567812,I,65017ffe47ff1dff9dfe0841
02:29:11.568375,I,520152fe6dffa6fe79fe2441
02:29:11.569000,I,3f01b8fe54ff3ffe9cfe9541
02:29:11.569562,I,2b0145fe47ff23fe7bfecb41
02:29:11.570187,I,25015ffe41ff00feaefe6b41
02:29:11.570750,I,320138fe54ffa4fe5efe3a41
02:29:11.571375,I,fe005ffe54ff19ffb6fee440
02:29:11.571937,I,3f0165fe27ff17ffaafeb840
02:29:11.572562,I,32018cfe67fffafed0fe6a40
02:29:11.573125,I,920145fe4dff6afed4fe5b40
02:29:11.573750,I,120118fe81ff77fea1fe3140
02:29:11.574312,I,5e014cfe67ffa8feecfe4d40
02:29:11.574937,I,fe007ffe41ffb7fe31ff1240
02:29:11.575500,I,4b017ffe21fff2fe4fff743f
02:29:11.576125,I,3f01c5fe4dff2efe72ff913f
02:29:11.576687,I,8c016cfe67ffd1fd0afff13f
02:29:11.577312,I,b80178fe14ffa6fd4afeae40
02:29:11.577875,I,120178fe3aff22fefafdda40
02:29:11.578500,I,920172fe67ffccfedefdfa40
02:29:11.579062,I,050178fe4dff2efff1fd0441
02:29:11.579687,I,25019ffe73fffdfecafd1041
02:29:11.580250,I,7f0199fe54fff0fe15fe7e41
02:29:11.580875,I,650145fe5aff62fe42fe5d41
02:29:11.581437,I,3e0118fefafeeefd83fe5941
02:29:11.582062,I,32011ffe67ff2cfedffee540
02:29:11.582625,I,1f0158fe6dffa1fefcfe8d40
02:29:11.583250,I,450172fe27ffd3fe60ff7140
02:29:11.583812,I,450192fe1bff7afe88ff4d40
02:29:11.584437,I,320192fe07ff74fe16ff793f
02:29:11.585000,I,3f016cfe67ff4ffe99fe5b3f
02:29:11.585625,I,0b0178fe3affa0fe52fe2640
02:29:11.586187,I,1f0138fe54ffe6fe42feda40
02:29:11.586812,I,1f0172fe2eff2dff2ffee940
02:29:11.587375,I,2b01d8fe7affd8fe8bfece40
02:29:11.588000,I,52019ffe41ff70fe7efe9c40
02:29:11.588562,I,3e016cfe3aff84fe3afea940
02:29:11.589187,I,580165fe54ff62fe51fe2741
02:29:11.589750,I,380165fe3bff76fe4bfeb741
02:29:11.590312,I,f80092fe2effa8fe92feb141
02:29:11.590937,I,250198fe14ff93feacfe5a41
02:29:11.591500,I,6501bffe34ff5cfe8cfec040
02:29:11.592125,I,ac010bfe34ff82fe8cfef340
02:29:11.592687,I,b90152fe7aff5dfea3febd40
02:29:11.593312,I,320112fe34ff92fedcfecc40
02:29:11.593875,I,5801acfe54ff10ff04ffb840
02:29:11.594500,I,0b016cfe21ff10ff04ff4240
02:29:11.595062,I,0b01b9fe61ff8ffed1feda3f
02:29:11.595687,I,b2010bfe14ff1afee8feca3f
02:29:11.596250,I,58013ffe61ffe8fd46ff1a40
02:29:11.596875,I,8b0152fe81ff18fe2eff6a40
02:29:11.597437,I,2b015ffe07ffa4feeefe4440
02:29:11.598062,I,180192fe47ffdefeb2fe4640
02:29:11.598625,I,fe00ccfe4eff70fef6fd9640
02:29:11.599250,I,e50098fe67ff32feb4fd9d40
02:29:11.599812,I,380125fe21ff47febcfdda40
02:29:11.600437,I,c50072fe74ff79fe1cfe7341
02:29:11.601000,I,32011ffe47ff3bff3afee741
02:29:11.601625,I,450178fe21ff4eff42fe4441
02:29:11.602187,I,2b01ccfe61ffcffeabfec640
02:29:11.602812,I,52019ffe07ff81fe06ffac40
02:29:11.603375,I,6c017ffe3affeafde5fe4640
02:29:11.604000,I,a50145fe2effd3fd16ff6640
02:29:11.604562,I,12014bfe34ff3afe6fffab40
02:29:11.605187,I,850165fe34ffd2fe1fff0f40
02:29:11.605750,I,3901d2fe5aff22fff3feba3f
02:29:11.606375,I,720172fe41fffefe9cfea03f
02:29:11.606937,I,4b01bffe4eff33fe47fe6a40
02:29:11.607562,I,7801b8fe54ff76feeffd1641
02:29:11.608125,I,f2002bfe0eff7efe4bfe5541
02:29:11.608750,I,450152fe47ff14ff91fead41
02:29:11.609312,I,f800a5fe6dff3cffaafe7441
02:29:11.609937,I,250178fe2dffd2fe7dfeea40
02:29:11.610500,I,3201ccfe27ff3efe69fe8241
02:29:11.611125,I,85016cfe4effe4fd53fed441
02:29:11.611687,I,380138fe3affabfd5efe6841
02:29:11.612312,I,450192fe67ff46feb5fefb40
02:29:11.612875,I,de003ffe3aff14ffe8fed340
02:29:11.613500,I,45019ffe5aff0dffd7fe2240
02:29:11.614062,I,2b0125fe34ffb6fecdfe0a40
02:29:11.614687,I,650178fe54ff92fee3feab40
02:29:11.615250,I,45015ffe34ff3efeb2fe5c40
02:29:11.615875,I,380132fe1aff7bfecafeb53f
02:29:11.616437,I,2b013ffe5affd8fe00ffdb3f
02:29:11.617000,I,450158fe27ffc0fef6fef23f
02:29:11.617625,I,3201abfe47ff85fe04ff1b40
02:29:11.618187,I,e500d2fe54ff1efef4fea140
02:29:11.618812,I,18014bfe01fffffd92fedd40
02:29:11.619375,I,250178fe61ff5bfe2cfeb140
02:29:11.620000,I,38010bfe47ffa0fedcfded40
02:29:11.620562,I,2b0178fe5affbafefbfd3441
02:29:11.621187,I,850152fe54ffb9fe24fe2241
02:29:11.621750,I,52016cfe5affc8fe70fef240
02:29:11.622375,I,85017ffe8dffa8fecbfeec40
02:29:11.622937,I,b8014bfe93ffb5fee1fe6840
02:29:11.623562,I,65013efe14ffaefee1fe9a40
02:29:11.624125,I,f20098fe94ff3afefdfec240
02:29:11.624750,I,38013ffe14ffb7fe56ffee40
02:29:11.625312,I,f80092fe61ff9cfe5dffdb3f
02:29:11.625937,I,1801c5fe2eff9bfe06ffe73f
02:29:11.626500,I,1f014bfe0effd6fe8afe4040
02:29:11.627125,I,e5008cfe47ffcefe46fe1b40
02:29:11.627687,I,320178fe07ff51fe42fe4e40
02:29:11.628312,I,25019ffe3aff45fe7dfe3f41
02:29:11.628875,I,2b0158fe41ff54fe75fe5941
02:29:11.629500,I,4501acfe34ffd8fe7bfee240
02:29:11.630062,I,250185fe41fffcfe8efe4a41
02:29:11.630687,I,5f0145fe47fffefe8afe6b41
02:29:11.631250,I,3e017ffe5aff6cfe5dfe4241
02:29:11.631875,I,12018cfe34ff22fe7bfe8141
02:29:11.632437,I,050172fe4dff19fe7dfe9941
02:29:11.633062,I,7f0132fe14ff75fe92fe3d41
02:29:11.633625,I,18016bfe8dffd1fed3fea040
02:29:11.634250,I,25016bfe5aff1aff0aff7840
02:29:11.634812,I,ff008bfe21fff0fee8fe7640
02:29:11.635437,I,3f015ffe14ff5ffee7fe7540
02:29:11.636000,I,2b0185fe41ff4ffec8fe7e40
02:29:11.636625,I,4b0138fe1bff44feaafe5440
02:29:11.637187,I,25014bfe3aff4efefafee73f
02:29:11.637812,I,450132fe5affc2fef9fee63f
02:29:11.638375,I,45012bfe27ffbdfe26ff8e40
02:29:11.639000,I,f800d2fe34ff6efee7fe7240
02:29:11.639562,I,1201dffe34ff16fea7fe7040
02:29:11.640187,I,3f01b8fe74ffd6fd29fe7840
02:29:11.640750,I,6b0158fe41ff2cfeb6fd9440
02:29:11.641375,I,380158fe21ff7dfef1fd4141
02:29:11.641937,I,4b015ffe54fff5fe45fe6f41
02:29:11.642500,I,050152fe2effc0fe9bfe8941
02:29:11.643125,I,58014cfe41ffc7fed4fe0841
02:29:11.643687,I,650198fe2eff78fe92feb440
02:29:11.644312,I,7f017ffe67ff4afea6feac40
02:29:11.644875,I,180118fe54ff1cfee7fe8b40
02:29:11.645500,I,580165fe8eff96fe1dff2e40
02:29:11.646062,I,320125fe0eff9efe2eff0a40
02:29:11.646687,I,5f019ffe4effe3fe4ffff83f
02:29:11.647250,I,2c0165fe2eff97fec2feff3f
02:29:11.647875,I,6b01b9fe4dff93fe68fe0e40
02:29:11.648437,I,45018bfe4eff9efe6afe3140
02:29:11.649062,I,580172fe27ffadfe9afe8140
02:29:11.649625,I,3801b2fe4effa9fe5bfedf40
02:29:11.650250,I,850158fe01ff03ff7efe3e41
02:29:11.650812,I,12018cfe21ffc6fe53fe6e41
02:29:11.651437,I,3201d2fe67ff94fe80fe6e41
02:29:11.652000,I,850132fe1bff9dfe36fe6941
02:29:11.652625,I,1e01a5fe74ff53fe44fe9541
02:29:11.653187,I,05017ffe27ff81fe48fe9c41
02:29:11.653812,I,380158fe47ffd5fe7efe0841
02:29:11.654375,I,2b0172fe81ff6dfef1fec040
02:29:11.655000,I,250158fe4dff62fee5fec540
02:29:11.655562,I,380152fe21ffdffec7fe7c40
02:29:11.656187,I,58015ffe61ff79fe92fe9240
02:29:11.656750,I,1f016cfe2eff9afecdfe7340
02:29:11.657375,I,0b017ffe5aff97fe01ffef3f
02:29:11.657937,I,4c014bfe01ff6efed7fe843f
02:29:11.658562,I,92016cfe61ff5ffe25ffc83f
02:29:11.659125,I,4c0152fe2eff4bfef1fe6e40
02:29:11.659750,I,7f01b2fe5aff6dfec6feac40
02:29:11.660312,I,0b0198fe41ff8bfe9bfeb440
02:29:11.660937,I,180178fe61ffa5fe47feda40
02:29:11.661500,I,380132fe80ff7dfed1fdae40
02:29:11.662125,I,580118fe47ffc4fe02fe0341
02:29:11.662687,I,3f0178fe67ff52fe2ffe8541
02:29:11.663312,I,1f015ffe6dff93fe57fe7541
02:29:11.663875,I,120172fe41ff88fe51fed340
02:29:11.664500,I,7f012bfe40ffb5fe78fe7540
02:29:11.665062,I,58015ffe47ff77fe8efe7140
02:29:11.665687,I,450152fe6dff1cfedffe2b40
02:29:11.666250,I,25011efe4eff1cfe27ff5740
02:29:11.666812,I,0501a5fe74ffa1fe37ff3240
02:29:11.667437,I,ff00b2fe27fffefe60ffe43f
02:29:11.668000,I,4c0178fe5aff28ffcefec43f
02:29:11.668625,I,5f016cfe1aff9ffe84fef93f
02:29:11.669187,I,eb00a5fe8dff5afe60fe6f40
02:29:11.669812,I,72013efe14ff4cfe87fedd40
02:29:11.670375,I,25017ffe47ff8afe0cfe5441
02:29:11.671000,I,32016bfe54ffcdfe0dfe5741
02:29:11.671562,I,3801acfe14ffd3fe25fe2841
02:29:11.672187,I,250185fe47ffdffe31fe1f41
02:29:11.672750,I,12015ffe54ff59fe1ffe5d41
02:29:11.673375,I,1f013ffe7aff46fe6bfee041
02:29:11.673937,I,e50079fe3aff62fe7afefb41
02:29:11.674562,I,4b016bfe5aff7efeb4fe6f41
02:29:11.675125,I,52016cfe21ff15ff01ffb640
02:29:11.675750,I,380118fe47ff45ffeffef43f
02:29:11.676312,I,5f012bfe34ffcafee8fe4c40
02:29:11.676937,I,79013ffe34ff82fee6fe8e40
02:29:11.677500,I,720165fe27ff57fe03ff6b40
02:29:11.678125,I,720198fe41ff37fe17ff0640
02:29:11.678687,I,7801b2fe6dff3efe21ffbd3f
02:29:11.679312,U,b56201075c00f0191b12e6070a130c161c37190000000dea06000303ea1ed7ec760639fc911a52ce01006a1a01009604000075090000ffffffff02000000120000000200000016de1401c000000080a81201650000005c414f210000000000000000a2e7
02:29:11.679312,I,58016bfe54ff90fee2fe9f3f
02:29:11.679875,I,180178fe47ff9ffe70fe3b40
02:29:11.680500,I,250192fe74ff64fe7efeb740
02:29:11.681062,I,4b012bfe1aff68fe61feb640
02:29:11.681687,I,6b01acfe3aff6cfe21feb840
02:29:11.682250,I,6b0112fecefed9fefdfdec40
02:29:11.682875,I,050152fe21ffadfef7fddd40
02:29:11.683437,I,380138fefafea1fe89fe7741
02:29:11.684062,I,0501a5fe8dff3dfed6fe2b41
02:29:11.684625,I,380165fe3aff4afeadfeb040
02:29:11.685250,I,7f0172fe21ff83feb2fea440
02:29:11.685812,I,72015ffe2dffa3fe56fec740
02:29:11.686437,I,c50045fe61ffd5fea9fe6440
02:29:11.687000,I,45018cfe27ff6bfedefefc3f
02:29:11.687625,I,3f0178fe40ff21fe23ff3740
02:29:11.688187,I,580179fe27ff72fe08ff4140
02:29:11.688812,I,4b0172fe54ffaefe8afe7640
02:29:11.689375,I,f8007ffe87ffc0fe7dfea340
02:29:11.690000,I,3e0198fe61ffb6fe80fea040
02:29:11.690562,I,f200b2fe2effc7fe5afefb40
02:29:11.691187,I,92012bfe5aff68fe4efe3341
02:29:11.691750,I,05016cfefafe7ffe2dfeb341
02:29:11.692375,I,58013ffe47ffb0fe2afe3141
02:29:11.692937,I,5f01a5fe21ffa8fe98fef440
02:29:11.693500,I,f80092fe41ff65fe94fea841
02:29:11.694125,I,450178fe27ff74fe94feac41
02:29:11.694687,I,4b01ccfe67ff66fe9cfe1f41
02:29:11.695312,I,380132fe60ff45fed3fefe40
02:29:11.695875,I,fe0085fe61ffbcfeb5feb640
02:29:11.696500,I,5201fffd41fff4fe6afe0f40
02:29:11.697062,I,65017ffe60ffe2fe99fe5c40
02:29:11.697687,I,58017ffe0eff80fe18ff9040
02:29:11.698250,I,6c01c5fe61ff2cfe1afff83f
02:29:11.698875,I,58014bfe2dff06fe23ffb43f
02:29:11.699437,I,32014bfe4dff2efe45ffbe3f
02:29:11.700062,I,780158fe14ff78fecdfe1040
02:29:11.700625,I,520178fe3affc5feaefe8e40
02:29:11.701250,I,32016bfe3affc4fe87fef040
02:29:11.701812,I,3f01acfe2effcefe4afe4a41
02:29:11.702437,I,25015ffe41ffdefed7fdba40
02:29:11.703000,I,7f0145fe4effbefec2fd1941
02:29:11.703625,I,1f013efe67ffd2fef0fd5541
02:29:11.704187,I,1f0125fe41ff97fe4ffe2841
02:29:11.704812,I,e5007ffe61ff6efeb4fe0441
02:29:11.705375,I,38015ffe54ff7dfee5fed940
02:29:11.706000,I,520198fe2eff7dfea4fea240
02:29:11.706562,I,5f0125fe54ff3efe9efef23f
02:29:11.707187,I,3f01a5fe1bff54feb5fe2e40
02:29:11.707750,I,450125fe47ff89feedfe3240
02:29:11.708375,I,7201b2fe41ff22ffd3fe9440
02:29:11.708937,I,5201a5fe67ffdcfee6fe6040
02:29:11.709562,I,4b01b2fe34fff7fedafe0640
02:29:11.710125,I,32018cfe47ff9ffe92fee23f
02:29:11.710750,I,65014cfe54ff53fe64fecf40
02:29:11.711312,I,45015ffe34ff6dfe7efe9c41
02:29:11.711937,I,65019ffe4dff76fe49fe8b41
02:29:11.712500,I,2501e5fe14ff76fe9ffe2941
02:29:11.713125,I,6c0185fe1affaafe48feee40
02:29:11.713687,I,52017ffe1bff86fe36fe2941
02:29:11.714312,I,6c0165fe3bffc0fe49fe6541
02:29:11.714875,I,320152fe67ff75fe5cfe0e42
02:29:11.715500,I,8b015ffe14ff9bfeb7fea541
02:29:11.716062,I,250192feeefe85feb6fe9c40
02:29:11.716687,I,98013ffe4effdffe98fe8a40
02:29:11.717250,I,4c0158fe1affaafeacfe9b40
02:29:11.717875,I,f8005efe41ff55fe00ff3e40
02:29:11.718437,I,45016bfe3aff2dfe2fffe13f
02:29:11.719062,I,780178fe47ff03fe04ffeb3f
02:29:11.719625,I,180152fe2eff5cfe01ffb23f
02:29:11.720187,I,3f0198fefbfeaffee0feac3f
02:29:11.720812,I,3f01ccfe5bff7ffeeefe2d40
02:29:11.721375,I,d2008cfefafec9fedcfe2d40
02:29:11.722000,I,4501b2fe5aff82fe7afe6e40
02:29:11.722562,I,5f0172fe1affaffe3dfe3b41
02:29:11.723187,I,2b013efe6dffb6fefcfdae41
02:29:11.723750,I,25018cfe74ffcbfe0cfe6841
02:29:11.724375,I,1f010bfe3bff86fe16feca40
02:29:11.724937,I,380192fe3aff68fe5ffed240
02:29:11.725562,I,380125fe3affaafeaafeba40
02:29:11.726125,I,4b013ffe61ff88fe9bfeac40
02:29:11.726750,I,2b0192fe34ff28feccfec840
02:29:11.727312,I,450198fe0eff2efefefe1840
02:29:11.727937,I,2501a5fe87ff5bfe00ff833f
02:29:11.728500,I,7f0178fe21ffa8fedcfef63f
02:29:11.729125,I,f200acfe5affcdfec6fe5c40
02:29:11.729687,I,3f0178fe21ff0effb3fe4640
02:29:11.730312,I,2b015ffe41ff02ff93fe3640
02:29:11.730875,I,120138fe67ffb8feb0feb840
02:29:11.731500,I,6c016bfe21ffe7fe39fe5c41
02:29:11.732062,I,05015ffe9aff96fe22fe6841
02:29:11.732687,I,5f016cfe1afffffd81fe7941
02:29:11.733250,I,f20092fe80ff46fe6bfe3041
02:29:11.733875,I,eb006cfe1bff2afe89fec840
02:29:11.734437,I,790172fe2eff6afe97fe2541
02:29:11.735062,I,580192fe54ffa6fe68fe9c41
02:29:11.735625,I,4b018bfe21ff67fe86fea841
02:29:11.736250,I,0b015ffe67ff9efe80feec40
02:29:11.736812,I,450185fe54ffd3feb5fefe40
02:29:11.737437,I,7f0118fe2dfff3fe77fede40
02:29:11.738000,I,0b0145fe67ff1cffa6fe8c40
02:29:11.738625,I,520152fe34ff1cfffffeb540
02:29:11.739187,I,45015ffe54ffb4fe38ff4c40
02:29:11.739812,I,2501acfe87ffebfd12ffe83f
02:29:11.740375,I,050158fe4dfffbfd29ffd63f
02:29:11.741000,I,32016cfe61fff2fdf8fe1940
02:29:11.741562,I,72013ffe47ff76fec0fe2840
02:29:11.742187,I,de0092fe34ff7ffe9dfe7b40
02:29:11.742750,I,6b01b2fe1affcafe59fed440
02:29:11.743375,I,1201a5fef4fefefe0cfee140
02:29:11.743937,I,65017ffe60ffe9fed0fd1641
02:29:11.744562,I,110185fe2dffc2fee2fd1841
02:29:11.745125,I,eb0025fe21ff9ffe1afe0941
02:29:11.745687,I,d8001efe8dff6efe93fe6741
02:29:11.746312,I,320152fe5affe6fecefefd40
02:29:11.746875,I,720125fe34ffa6fef3fec840
02:29:11.747500,I,12017ffe21ff5cfef2fe9040
02:29:11.748062,I,3201bffe3affc8fdd6fee43f
02:29:11.748687,I,450138fe7affb1fda8fef13f
02:29:11.749250,I,850132fe2dff56fe85fe1c40
02:29:11.749875,I,5e0125fe34ffdcfedefe6b40
02:29:11.750437,I,0b01bffe3aff25ffc3fe7e40
02:29:11.751062,I,4501acfe21ff16ff9bfe5240
02:29:11.751625,I,180152fe47ffc5fe8afe3240
02:29:11.752250,I,2b0138fe1aff82fe81fec640
02:29:11.752812,I,2b0118fe2dff96fe5afe7e41
02:29:11.753437,I,250145fe54ffa8fe48fea941
02:29:11.754000,I,3f013ffe14ffe6fe8efe1d41
02:29:11.754625,I,f800abfe47ff78fea6febd40
02:29:11.755187,I,380172fe2dff51fe4ffeb140
02:29:11.755812,I,38015ffe67fff7fd3ffe4741
02:29:11.756375,I,520185fe74ff38fe5ffec341
02:29:11.757000,I,18013ffe27ff84fe71feae41
02:29:11.757562,I,580165fe0dffbafecdfe3541
02:29:11.758187,I,65015ffe47ff18ff06ffb540
02:29:11.758750,I,120118fe34ff27fffdfeaa40
02:29:11.759375,I,52016cfe34ff1fffb4fea040
02:29:11.759937,I,6b013efe7affc0fe0aff8040
02:29:11.760562,I,78015ffe41ff5dfe3aff7040
02:29:11.761125,I,520152fe47ffc9fdeffef93f
02:29:11.761750,I,6b017ffe27ff34feeafe983f
02:29:11.762312,I,1e016bfe47ff0cfeb0feec3f
02:29:11.762937,I,38018cfe54ff4efe66fedb3f
02:29:11.763500,I,4b016cfe40ff54fe54fe2f40
02:29:11.764125,I,380152fe60ffa1fe01fe5640
02:29:11.764687,I,5201b8fe4dffa3fed7fdea40
02:29:11.765312,I,650152fe21ff04ff2dfe3941
02:29:11.765875,I,fe0098fe74ffc7fe4cfe4f41
02:29:11.766500,I,5f0165fe34ffb9feaafe4741
02:29:11.767062,I,720158fe47ffb2fe07ff1141
02:29:11.767687,I,32012bfe21ff8cfefffeec40
02:29:11.768250,I,2b01ccfe6dff90fef5fe7640
02:29:11.768875,I,8c013ffe0dff34fed2fe7c40
02:29:11.769437,I,45015ffe54ff2afe96fe2040
02:29:11.770062,I,580165fe27ff2cfe79fe2340
02:29:11.770625,I,1e0172fe27ff78fea4fe7a40
02:29:11.771250,I,250152fe34ffc4feb9fe2840
02:29:11.771812,I,fe00d2fe7afffdfecefefe3f
02:29:11.772375,I,6c0132fe54ffddfecefe6440
02:29:11.773000,I,78019ffe2effecfed9fecc40
02:29:11.773562,I,380138fe4dfff3fe9efe6941
02:29:11.774187,I,3f0145fe3aff9bfe54fe6d41
02:29:11.774750,I,3e012bfe21ff72fe36fef940
02:29:11.775375,I,f2006cfe41ffa2fe7efe2641
02:29:11.775937,I,65017ffe3aff59fe4efe0641
02:29:11.776562,I,520158fe67ff6ffe59fe5a41
02:29:11.777125,I,650172fe47ff19fe73fe8141
02:29:11.777750,I,1f0198fe6eff3bfe93fe4f41
02:29:11.778312,I,520165fe2eff31feaffefa40
02:29:11.778937,I,4501cbfd21ffadfe85feba40
02:29:11.779500,I,38017ffe4eff2effc8feba40
02:29:11.780125,I,250125fe41ff2eff09ff9c40
02:29:11.780687,I,05016bfe41ff0bff56ff5440
02:29:11.781312,I,0b0178fe4dffa5fe90ff2240
02:29:11.781875,I,52018bfe54ff36fe36ffd73f
02:29:11.782500,I,cb007ffe27ff01fe0fff1140
02:29:11.783062,I,3f0145fe21ffc4fddafed13f
02:29:11.783687,I,380172fe41ff1cfebcfe3640
02:29:11.784250,I,520192fe01ffacfe31febe40
02:29:11.784875,I,2501d8fe21ffecfedffddd40
02:29:11.785437,I,5801a5fe14ffa4fea2fdbd40
02:29:11.786062,I,580152fe3aff74fec0fdd740
02:29:11.786625,I,3f014bfe34ffa0fe2ffe4841
02:29:11.787250,I,2b014bfe34ffb0fe77fe4841
02:29:11.787812,I,380158fe81ffdefeedfe7b41
02:29:11.788437,I,32017ffe4effe5fe60ff0441
02:29:11.789000,I,ac0138fe41ff61fe82ff1a40
02:29:11.789625,I,3f01b9fe4efffdfdf4fefe3f
02:29:11.790187,I,720165fe74ff00fe16ff0d40
02:29:11.790812,I,1f0165fe47ff62fec3fe6040
02:29:11.791375,I,18019ffe27ffeffe7dfe4640
02:29:11.792000,I,1e0152fe41ff5fffa8fe2c40
02:29:11.792562,I,32019ffe34ff1aff76fe1640
02:29:11.793187,I,25018bfe3bff41ff76fe6440
02:29:11.793750,I,98017ffe54ff79fe43fe2141
02:29:11.794375,I,120179fe2eff3ffe15fe9a41
02:29:11.794937,I,650132fe67ff9efe70fe9941
02:29:11.795562,I,5e017ffe14ffd5fe57fe6a41
02:29:11.796125,I,25017efe47ffc7fe7efe1741
02:29:11.796750,I,e500b2fe4eff31fe84feed40
02:29:11.797312,I,520192fe21ffc0fd76fe8441
02:29:11.797875,I,25019ffe41ffdafd6afe9041
02:29:11.798500,I,2c0192fe47ff46fe65fe5f41
02:29:11.799062,I,650138fe5afffafe7efefc40
02:29:11.799687,I,2b014bfe3aff2dffa2fe6a40
02:29:11.800250,I,5f0165fe54ffeffeaafe1440
02:29:11.800875,I,850125fe41ff44fef4fe5040
02:29:11.801437,I,3e019ffe67ff46fe54ffc840
02:29:11.802062,I,f8005ffee8fe58fe38ffaf40
02:29:11.802625,I,580165fe74ff82fe2bff0540
02:29:11.803250,I,eb0092fe14ff47fe13ffd83f
02:29:11.803812,I,32012bfe0eff41febdfe0f40
02:29:11.804437,I,eb00a5fe81ff57fe7bfe8e40
02:29:11.805000,I,58019ffe27ff8cfe53fe0d41
02:29:11.805625,I,5f016bfe8dffa0fe0cfe4341
02:29:11.806187,I,2b01acfe21ffd0fee8fd2041
02:29:11.806812,I,38012bfe3aff06ffd0fd0441
02:29:11.807375,I,6c016bfe74ffe6fe22fe0d41
02:29:11.808000,I,050138fe87ff53fe87fe3141
02:29:11.808562,I,3f014cfe1bff3dfedbfe1a41
02:29:11.809187,I,5f0192fe21ff66fe6dffe640
02:29:11.809750,I,38017ffe27ffe0fe4bff4140
02:29:11.810375,I,6501ecfe74ff67fef0fe1940
02:29:11.810937,I,320178fe47ff81febefe5240
02:29:11.811562,I,2b013ffe81ff7cfea9fe4840
02:29:11.812125,I,ff007ffe61ffa3fea4fe8c40
02:29:11.812750,I,f80072fe1aff58ffd8fe6d40
02:29:11.813312,I,b20152fe21ff32ff8efe5f40
02:29:11.813937,I,4c01d9fe3affe8fe5efe5540
02:29:11.814500,I,3801b2fe54ff59fe75feab40
02:29:11.815125,I,250125fe41ff39fe7efe4d41
02:29:11.815687,I,4b013ffe47ff59fe4efe4441
02:29:11.816312,I,ff0065fe54ffb2fe8cfe7741
02:29:11.816875,I,6c01a5fe7affc0fe6cfe2f41
02:29:11.817500,I,45019ffe21ffa8fe4afef940
02:29:11.818062,I,120178fe4eff38fe4cfeef40
02:29:11.818687,I,520192fe41fff2fd8afe4e41
02:29:11.819250,I,65016bfe61ff4bfe8bfe6841
02:29:11.819875,I,180125fe07ffd9fed8fef840
02:29:11.820437,I,98015ffe60ff67ffc4fe7940
02:29:11.821062,I,720152fe41ff61ffd1fe4d40
02:29:11.821625,I,d800b8fe4efffcfe03ff0840
02:29:11.822250,I,38015ffe08ff35fef7fe6440
02:29:11.822812,I,0b0192fe21ff13fea6fe5a40
02:29:11.823375,I,38013efe2efff7fdbbfefe3f
02:29:11.824000,I,3801b2fe14ff81fef3feda3f
02:29:11.824562,I,5f01a5fe27ff80fee5fee33f
02:29:11.825187,I,3801d2fe4eff82fed7fe5f40
02:29:11.825750,I,720172fe07ff43fe46fee240
02:29:11.826375,I,d20092fe4eff33fe1bfe4d41
02:29:11.826937,I,25016bfe2effacfebbfd3c41
02:29:11.827562,I,78011ffe54ffedfebafd2841
02:29:11.828125,I,6b0145fe34ff50ff01fe5441
02:29:11.828750,I,5f0158fe0effe3fe75fe3c41
02:29:11.829312,I,2b0192fe27ff65fe0ffffa40
02:29:11.829937,I,3f015ffe3affe4fd05ffa240
02:29:11.830500,I,650178fe7affd6fd28ff4740
02:29:11.831125,I,78014bfe34ff5dfebdfe1a40
02:29:11.831687,I,320192fe3aff9cfecefe2740
02:29:11.832312,I,2c0179fe27fff7feb5fe5140
02:29:11.832875,I,1201c5fe41ffd3fec5fe5840
02:29:11.833500,I,3f01d2fe7affd2fea4fe4a40
02:29:11.834062,I,65016bfe14ffaffe3bfe4840
02:29:11.834687,I,25014bfe4dffd6fe42febe40
02:29:11.835250,I,2c0132fe41ffb8fe57fe4241
02:29:11.835875,I,0b0138fe41ff75fe6efe6a41
02:29:11.836437,I,8c01bffee1fe30fe7cfe5d41
02:29:11.837062,I,520138fefbfe4dfeb4fe2741
02:29:11.837625,I,520165fe4eff4bfe6efe7d41
02:29:11.838250,I,05019ffe2eff98fe53fe4441
02:29:11.838812,I,32017ffe27ff92feacfe4a41
02:29:11.839437,I,4c0185fe5aff68fe93fe7e41
02:29:11.840000,I,250172fee7fe5cfe9cfe6941
02:29:11.840625,I,0c018cfe41ffe1febafe1041
02:29:11.841187,I,850118fe41ff24ff9ffe8040
02:29:11.841812,I,3f0158fe34ff52ffd0fe1040
02:29:11.842375,I,7f013ffe47ffe6fe0fff4a40
02:29:11.843000,I,2c0158fe34ff7cfef5fe8440
02:29:11.843562,I,580192fe34ffd5fdd7fe2940
02:29:11.844187,I,180198fe61ffb1fdfafe1a40
02:29:11.844750,I,7f01a5fe4dffc8fd30ff1640
02:29:11.845375,I,780185fe47ff87fef9fe0040
02:29:11.845937,I,12016bfe61fff1fec1fe3440
02:29:11.846562,I,0b017ffe34ffbbfe28fef940
02:29:11.847125,I,1801acfe8dff5ffec1fd4f41
02:29:11.847750,I,32013efe41ffc4fe93fd7a41
02:29:11.848312,I,3f0138fe5affddfefcfd7441
02:29:11.848875,I,380118fe41ff17ff3efe0e41
02:29:11.849500,I,650125feeefef8fed1fefb40
02:29:11.850062,I,2b0132fe21ff83fe40ff1241
02:29:11.850687,I,250152fe41ff1bfe09ffa140
02:29:11.851250,I,1f014cfe14fff0fd0cff0740
02:29:11.851875,I,520172feeefe58fed8fe1640
02:29:11.852437,I,2b014bfe41ffd2fed4fe0c40
02:29:11.853062,I,38014cfe47ff3dffb1fe5340
02:29:11.853625,I,52017ffe07ff08ffcffe5040
02:29:11.854250,I,18018cfe2dffd5febcfe6140
02:29:11.854812,I,7f0185fe1aff7afe83fe9840
02:29:11.855437,I,380185fe54ff7afe9bfedd40
02:29:11.856000,I,380172fe21ffc5fe78fe3041
02:29:11.856625,I,5f0172fe5affb3fe65fe7341
02:29:11.857187,I,250172fe61ff93fe88fe8a41
02:29:11.857812,I,580192fe07ffccfe7afecd41
02:29:11.858375,I,1f0198fe7aff56fe6bfe3341
02:29:11.859000,I,4b017ffe6eff3cfe86fe2a41
02:29:11.859562,I,4b0192fe4dff8afe8ffe6641
02:29:11.860187,I,18015ffe41ffcefeb3feaa41
02:29:11.860750,I,380192fe34ffb2febcfe1241
02:29:11.861375,I,6b017ffe8dffe9feb2fe8140
02:29:11.861937,I,ac012bfe34ff8dfebbfe4640
02:29:11.862562,I,38012bfe5affeafeb2fe3840
02:29:11.863125,I,790158fe6dffc5fed7fe3740
02:29:11.863750,I,ff007ffe54ffaefe18ff4440
02:29:11.864312,I,18016bfe27ff79fe3aff3040
02:29:11.864937,I,2501c5fe47ff00fe1aff9e3f
02:29:11.865500,I,3801a5fe94ff8efd04ffaa3f
02:29:11.866125,I,df0025fe21ff8dfd91fe3640
02:29:11.866687,I,f20012fe41ff5afe4dfeb140
02:29:11.867312,I,eb0072fe5affc7fe21fe1241
02:29:11.867875,I,4c01b8fe54ffcefe0bfe6541
02:29:11.868500,I,0c017efe3afffcfee3fd1741
02:29:11.869062,I,1f017efe34ff61fee6fd3b41
02:29:11.869687,I,2c0138fe6dff5bfe14fe7f41
02:29:11.870250,I,ec003efe94ffa7fe6cfe7f41
02:29:11.870875,I,720112fe1bfffffefafe2b41
02:29:11.871437,I,120138fe2effeafe29ffa440
02:29:11.872062,I,65018bfe14ffb0fe1afffb3f
02:29:11.872625,I,1f01abfe2effecfdccfe5f3f
02:29:11.873250,I,3f011efe01ff8afd98fea93f
02:29:11.873812,I,ff003efe74ffd0fd88fe9340
02:29:11.874437,I,1f015efe27ffe8fe03ff6d40
02:29:11.875000,I,4501acfe01ff72ffb5fe4640
02:29:11.875625,I,32015efe34ff6bffacfe2840
02:29:11.876187,I,3201ccfe61ffcdfe3cfe4640
02:29:11.876750,I,19014bfe6dffd3fd1bfecb40
02:29:11.877375,I,1f014bfe0effeefd26fec841
02:29:11.877937,I,05015ffe6dffa3fe67fe5f42
02:29:11.878562,I,45016cfe2eff0eff87fea241
02:29:11.879125,I,65015ffe21fffffeecfe1541
02:29:11.879750,I,3801b2fe47ff54fed4feaf40
02:29:11.880312,I,6c0178fe14ffcbfda1fec340
02:29:11.880937,I,d80078fe8effe0fd72fea141
02:29:11.881500,I,8c010bfe27ff52fec6fef041
02:29:11.882125,I,320158fe4eff50ff02ffea40
02:29:11.882687,I,ec0065fe7affc6ffc0feb93f
02:29:11.883312,I,720178fe74ff89ffe9fe0640
02:29:11.883875,I,520192fe4effcffed6fe8740
02:29:11.884500,I,f2004bfe3aff21feeefeba40
02:29:11.885062,I,39014bfe21ffc6fd49ff4d40
02:29:11.885687,I,f80045fe3bff13fe47ff0840
02:29:11.886250,I,0c0192fe41ffd9fefafebd3f
02:29:11.886875,I,65019ffe14ffa6fe7afed73f
02:29:11.887437,I,3f01b2fe67ff79feb6fee140
02:29:11.888062,I,1e01d2fe60ff10fe46fe5941
02:29:11.888625,I,180192fe47ff42fe20fe3d41
02:29:11.889250,I,050158fe47ffe2feabfd8741
02:29:11.889812,I,5f0158fe54ff55ffacfd7141
02:29:11.890437,I,520185fe67ff66ff11fe8841
02:29:11.891000,I,3f0178fe4effe6fee7fef240
02:29:11.891625,I,bf0125fe3aff45fe63ff1441
02:29:11.892187,I,780158fe01ff0efe1fffb840
02:29:11.892812,I,450158fe67fff8fddafe6440
02:29:11.893375,I,650152fe54ff5afebcfe4040
02:29:11.894000,I,180152fe07ff77fefbfecd3f
02:29:11.894562,I,850165fe47ffacfef0fe833f
02:29:11.895187,I,0b01a5fe47ff80fe48ff1e40
02:29:11.895750,I,180178feeefea1fee6fe6b40
02:29:11.896375,I,4c014bfe4efffefe78feb140
02:29:11.896937,I,7f01a5fe5afff3fe18fed340
02:29:11.897562,I,25015efe1affd6fe2dfe3341
02:29:11.898125,I,3f0145fe54ffcefe5efe6e41
02:29:11.898750,I,4b01b8fe4dffb1fe6dfea141
02:29:11.899312,I,25016bfe0eff8efe89fec641
02:29:11.899937,I,f200a5fe2eff36fed4fe5141
02:29:11.900500,I,7f017ffe5aff54fec4fe2941
02:29:11.901125,I,4b01acfe74ff48fe92fe1341
02:29:11.901687,I,0b016bfe41ff63fe98fe8541
02:29:11.902312,I,0c0125fe2eff9cfeacfe2c41
02:29:11.902875,I,180152fe4dffd3fe90fe7140
02:29:11.903500,I,320145fe61ff2eff95fe0e40
02:29:11.904062,I,5f0138fe5aff63ffcffe2c40
02:29:11.904625,I,0b01b2fe34fff7fe26ff6040
02:29:11.905250,I,120185fe54ff5afe0fff9040
02:29:11.905812,I,38016bfe41ff3cfe4aff2e40
02:29:11.906437,I,ff0078fe47ff0efedefeb33f
02:29:11.907000,I,1f018bfe6eff16fefefef03f
02:29:11.907625,I,25018bfe2eff87feb1fe5b40
02:29:11.908187,I,2c018bfe7aff62feadfed240
02:29:11.908812,I,b800abfe74ff8bfe1efec340
02:29:11.909375,I,2c018bfe61ff5efeb5fd0941
02:29:11.910000,I,f200b8fe9affcbfe8afd1141
02:29:11.910562,I,380145fe54ffd0fe9dfd2541
02:29:11.911187,I,12019ffe2eff0bff4afe7441
02:29:11.911750,I,790132fe21ff34ffe1fe5f41
02:29:11.912375,I,6c0165fe4eff95fe15ffe540
02:29:11.912937,I,79012bfe4eff69fefcfeb540
02:29:11.913562,I,1801a5fe8eff72fec9fe7540
02:29:11.914125,I,59011efe41ff04fedcfed63f
02:29:11.914750,I,0c0185fe54ff21feebfe593f
02:29:11.915312,I,3f0198fe87ff34fe09ffd13f
02:29:11.915937,I,7f019efe27ff6efecbfe7340
02:29:11.916500,I,1f01a5fe54ffb6fe67fe4340
02:29:11.917125,I,2501bffe34ffbafe4bfe8440
02:29:11.917687,I,320131fe34ffcffe26fe9a40
02:29:11.918312,I,5f011efe21ffd9fe19feee40
02:29:11.918875,I,520151fe74ffd7fe0afe0242
02:29:11.919500,I,3f0165fe1bfff2fe3efe3842
02:29:11.920062,I,380192fe67ff94feb5feb941
02:29:11.920687,I,1f017efe47ff80fe18ffc840
02:29:11.921250,I,85013ffe54ff12fee6feea40
02:29:11.921875,I,460172fe14ff4bfe78fe0441
02:29:11.922437,I,450138fe0eff4efe81fe4241
02:29:11.923062,I,f8008bfe61ff99fecafe2241
02:29:11.923625,I,2c0118fe67ffa0fec8fe7e40
02:29:11.924250,I,ff00abfe5aff23ff97fee53f
02:29:11.924812,I,46010bfe6eff3dff77fee43f
02:29:11.925437,I,1f0152fe2effb3feb9feae40
02:29:11.926000,I,f20085fe34ff7dfe36ffb040
02:29:11.926625,I,3f018bfe2eff0efe57ff3540
02:29:11.927187,I,650178fe27ff00fe88ff7c40
02:29:11.927812,I,3f018bfe41ff3cfe16ff3e40
02:29:11.928375,I,3f0172fe27ff81fed9fefa3f
02:29:11.929000,I,1f019efe61ff2dfe6afe9940
02:29:11.929562,I,0501a5fe87fffbfd25fe0841
02:29:11.930187,I,2c0145fe34ff35feaefdba40
02:29:11.930750,I,5f011efe21ffb0fedcfdd740
02:29:11.931312,I,2501bffe67ffbffe00fe9241
02:29:11.931937,I,5f0118fe41ff32ff4bfe0241
02:29:11.932500,I,320178fe34ffe0fe05ff7c40
02:29:11.933125,I,32016bfe67ff80fee2fe3241
02:29:11.933687,I,52014bfe01ff71fedefe1c41
02:29:11.934312,I,ff00b2fe8dff5afeb5fe9340
02:29:11.934875,I,52019efe1aff61fe16ff3840
02:29:11.935500,I,ec006bfe2effa6fe06ff3b40
02:29:11.936062,I,32019ffe2effe3fe0cff1c40
02:29:11.936687,I,3f0192fe54ffa4fee3fe6240
02:29:11.937250,I,4c016bfe54ff76fea7febe40
02:29:11.937875,I,120198fe5aff3bfe3cfe7040
02:29:11.938437,I,99012bfe34ffd3feaffd5a40
02:29:11.939062,I,6c0152fe4efff7fe06fe5341
02:29:11.939625,I,5f0125fe5aff30ff08fea141
02:29:11.940250,I,0c01b2fe47fff5feacfe7f41
02:29:11.940812,I,25016bfe41ff80fec3fefa40
02:29:11.941437,I,1f01abfe74ff0ffebcfe0a41
02:29:11.942000,I,5f016bfe4efff4fd92fe1541
02:29:11.942625,I,320138fe6eff19fea1fe9041
02:29:11.943187,I,050158fe2eff99fec1feda41
02:29:11.943812,I,4c0132fe5aff0effb2fe3741
02:29:11.944375,I,520158fe27ff14ff5efe7940
02:29:11.945000,I,2c0145fe1bfffefe34fe2640
02:29:11.945562,I,72014bfe74ff4ffe3ffe3840
02:29:11.946187,I,12013ffe21ff59fea8fe9640
02:29:11.946750,I,ff003efe54ff5efe47ffb040
02:29:11.947375,I,eb00acfe54ff92fe72ff1d40
02:29:11.947937,I,78018cfe34ffa0feb2ffec3f
02:29:11.948562,I,45019ffe61ff71fe3fff0640
02:29:11.949125,I,4b0198fe34ffd2fd9efe5a40
02:29:11.949750,I,d2007efe14ffe9fd14fee840
02:29:11.950312,I,2c0165fe2eff65fefdfd5f41
02:29:11.950937,I,1f01b2fe47ff0cfff3fd5041
02:29:11.951500,I,580198fe0eff62ffedfd1141
02:29:11.952125,I,780172fe61ff3cffd4fdb940
02:29:11.952687,I,05015ffe3bff71fe10fed640
02:29:11.953312,I,3f011efe1bffbffd79fef640
02:29:11.953875,I,4b0132fe9afff4fdd6fe3141
02:29:11.954500,I,ff0065fe5aff86fefffeaa40
02:29:11.955062,I,6c0192fe14ffd1fe59ff0440
02:29:11.955687,I,5801a5fefbfe0fff6dff783f
02:29:11.956250,I,3f0185fe61ff4afe20ffa13f
02:29:11.956875,I,0b0192fe4effd3fddafe1740
02:29:11.957437,I,32018cfe67ff1dfedffec640
02:29:11.958000,I,450198fe0dffb5fe3cfee740
02:29:11.958625,I,450185fe61ff5cff2cfe0941
02:29:11.959187,I,7f01a5fe3aff64ffe0fdc340
02:29:11.959812,I,120198fe9aff31ff12fef040
02:29:11.960375,I,65014cfe27ff60fe31feaf41
02:29:11.961000,I,450145fe54fff6fd7ffe0c42
02:29:11.961562,I,05011ffe27ff12fe3ffee441
02:29:11.962187,I,3f0198fe67ff8dfe94feab41
02:29:11.962750,I,7f015efe3affb9fedefe6b41
02:29:11.963375,I,cc0072fe34ffe9fed7feb040
02:29:11.963937,I,3f016bfe47ff48febffe7040
02:29:11.964562,I,0c017ffe21ff3bfeadfe0741
02:29:11.965125,I,4c0125fe3aff6ffe6afedf40
02:29:11.965750,I,2c0151fe27ff24ff4afeb840
02:29:11.966312,I,2c012bfe6eff4eff78fe2640
02:29:11.966937,I,4c01a5fe2eff1cffcdfe0c40
02:29:11.967500,I,c6011efefbfe5efe5bffc43f
02:29:11.968125,I,2c01a5fe61ff65fd6aff0540
02:29:11.968687,I,8c012bfe21ff83fd4bff6e40
02:29:11.969312,I,320158fe67ff3bfef6fe7f40
02:29:11.969875,I,2c0165fe28ffbefed9fea640
02:29:11.970500,I,190192fe1affbafe25fea840
02:29:11.971062,I,8501d2fe47ffaefefcfdda40
02:29:11.971687,I,e50085fe2eff44fee2fde040
02:29:11.972250,I,390178fe5aff56fec4fd9f41
02:29:11.972875,I,ec0052fe4effacfed5fd9d41
02:29:11.973437,I,650152fe6eff02ff48fe0341
02:29:11.974062,I,450138fe34ff3dffd9fef940
02:29:11.974625,I,2c0198fe27ffc5fef0fed140
02:29:11.975250,I,590152fe1aff2cfe2eff5f40
02:29:11.975812,I,72012bfe67ffcffd46ff4c40
02:29:11.976437,I,d8008bfe0eff10fe5dffe73f
02:29:11.977000,I,9f0125fe3bffd4fe26ffaf3f
02:29:11.977625,I,780138fe2eff60ffb8fe2a40
02:29:11.978187,I,0501d2fe54ffe3fed1fe6640
02:29:11.978812,I,4c0198fe1aff8cfe94fe7840
02:29:11.979375,I,5f0192fe27ff4afe41fe9840
02:29:11.980000,I,590145fe3bff01ff19fef940
02:29:11.980562,I,d20065fe27fff8fe0efe4641
02:29:11.981187,I,39015efe34ff42ff44fed641
02:29:11.981750,I,590172fe34ffd8fec8fe9e41
02:29:11.982375,I,38019ffe1aff8bfe94fe7f41
02:29:11.982937,I,180152fe5affd7fd72fe4641
02:29:11.983562,I,72012bfe2dff0ffe77fe3241
02:29:11.984125,I,520158fe1aff22fea8fe4241
02:29:11.984750,I,050185fe41ffb3fee6fe2a41
02:29:11.985312,I,3f0152fe34ffd8fe8cfeb640
02:29:11.985937,I,7801dffe47fffefe2bfe5240
02:29:11.986500,I,7f011efe47ffa4fe2afe9740
02:29:11.987125,I,850132fe6dff74fe40fe4040
02:29:11.987687,I,3f013ffeb4ff54fea4fe3440
02:29:11.988250,I,45012cfe67ff7afe26ff8e40
02:29:11.988875,I,250192fe81ff7bfec3ff8140
02:29:11.989437,I,1f0172fe74ff6ffea4ff8840
02:29:11.990062,I,2501b8fe47ffeafd18ffe93f
02:29:11.990625,I,ff00b2fe74fffefd7afeed3f
02:29:11.991250,I,2c013ffe54ff57fe38fefa40
02:29:11.991812,I,18019ffe74ffacfee0fd7741
02:29:11.992437,I,780152fe34ffe4fef3fd7c41
02:29:11.993000,I,65019ffe3afffdfefafdf940
02:29:11.993625,I,050165fe4effbbfe17fe9a40
02:29:11.994187,I,99012bfe41ffa7fe36fec040
02:29:11.994812,I,450132fe21ffc6feabfe5741
02:29:11.995375,I,580178fe41ff70fe00ff1e41
02:29:11.996000,I,32015ffe1bff23fe65ff9a40
02:29:11.996562,I,1f019ffe34ff55fe9dff2040
02:29:11.997187,I,6c0125fef4feb7fe72fff53f
02:29:11.997750,I,320192fe87ff93fee4fe0c40
02:29:11.998375,I,fe0072fe27ffa7fea1fe4540
02:29:11.998937,I,180158fe4eff94fe99fe8a40
02:29:11.999562,I,ff006bfe01ffa0fe48fe5c40
02:29:12.000125,I,45016cfe87ff77fe14fe5f40
02:29:12.000750,I,12018bfe14ffe6fee1fd0041
02:29:12.001312,I,520152fe67ff00ffeffdfa40
02:29:12.001937,I,f20038fe7affbbfe40fe4441
02:29:12.002500,I,9f014bfe27ff94fe72fe6441
02:29:12.003125,I,18016bfea0ff64fee0fe8941
02:29:12.003687,I,05019ffe47ff1efec8fe3d41
02:29:12.004312,I,1f015ffe47ff19fec1fe6041
02:29:12.004875,I,380165fe67ff21fed6fe1441
02:29:12.005500,I,520118fe21ff70fec4fe2d41
02:29:12.006062,I,f80078fe61ff44ffc2fe4041
02:29:12.006687,I,450158fe47ff72ff6dfe0241
02:29:12.007250,I,18015ffe74ff3bff71fe3c40
02:29:12.007875,I,de005ffe34ffd2fe6afed23f
02:29:12.008437,I,320145fe47ff54fecdfe1f40
02:29:12.009062,I,65010bfe21ff37fef8fe6040
02:29:12.009625,I,3f01d9fe74ff40fe49ff4c40
02:29:12.010250,I,3201acfe47ff59fe7dff3840
02:29:12.010812,I,3801e5fe7aff53fefefef63f
02:29:12.011437,I,eb0072fe27ff0efe46fec43f
02:29:12.012000,I,0b01c5fe41ff2cfebcfdbb40
02:29:12.012625,I,eb003efe21ffa6fe76fdb241
02:29:12.013187,I,12016cfe7aff1ffff4fda641
02:29:12.013812,I,520172fe07ff3cff12fe4741
02:29:12.014375,I,8c0165fe54ff3aff2dfe1a41
02:29:12.015000,I,580178fe1bffcafe2efef840
02:29:12.015562,I,250172fe94ff5efe80fefb40
02:29:12.016187,I,f80098fe47ffeefd21ff3241
02:29:12.016750,I,580105fe21ff37fe4bff7c40
02:29:12.017312,I,58019ffe34ff91fe62ffd33f
02:29:12.017937,I,18016bfe5aff98fe27ffd83f
02:29:12.018500,I,120192fe01ff9efec4fef93f
02:29:12.019125,I,2b0165fe5aff6ffe62fe2740
02:29:12.019687,I,18017ffe14ff5cfe72fe9140
02:29:12.020312,I,320165fe2eff9cfe4cfef040
02:29:12.020875,I,720172fe21ff38ff19fec740
02:29:12.021500,I,720152fe61ff0dff16fecd40
02:29:12.022062,I,65014bfe61ffabfe44fe2f41
02:29:12.022687,I,520145fe54ff5dfe8cfe4d41
02:29:12.023250,I,ff0085fe54ff54fe9bfe9d41
02:29:12.023875,I,58019ffe07ff51feb2feb941
02:29:12.024437,I,650172fe07ff9efeacfe7941
02:29:12.025062,I,3201abfe8dff86fea7fec440
02:29:12.025625,I,520132fe34ff39fed7fea440
02:29:12.026250,I,2c0178fe47ff27fee1fe2c41
02:29:12.026812,I,45012bfe2eff5cfe8cfe2b41
02:29:12.027437,I,85017ffe54ffe2fe92feaa40
02:29:12.028000,I,6501ccfe7aff49ff92fe6740
02:29:12.028625,I,3f0178fe21ff1dffcefe1140
02:29:12.029187,I,1f019ffe34ff52fefcfe0240
02:29:12.029812,I,3f014bfeb4ffd9fd39ff7c40
02:29:12.030375,I,1f014bfe74ffd6fd45ffb740
02:29:12.031000,I,850145fe14ff61fe38ff7740
02:29:12.031562,I,1f017ffe4efff7fecefef13f
02:29:12.032187,I,6b01b8fe27ff04ffa1fe2e40
02:29:12.032750,I,f2007ffe14ffa4fe07fe8840
02:29:12.033375,I,250192fe4dfff1fd0dfed040
02:29:12.033937,I,0c0178fe4dffe4fde8fd7241
02:29:12.034562,I,72013ffe27ffa8fe07fea341
02:29:12.035125,I,650138fe67ff0aff26fe0f41
02:29:12.035750,I,58018cfe21ff67ff6ffea440
02:29:12.036312,I,5f0158fe21fff0fef1fe0541
02:29:12.036937,I,18016cfe81ff38fe43fff440
02:29:12.037500,I,520152fe0effd9fd48ffba40
02:29:12.038125,I,450172fe4eff1ffe39ffc340
02:29:12.038687,I,3f0152fe94ffe2fee7fe5640
02:29:12.039312,I,120178fe27ff2cfff8fed53f
02:29:12.039875,I,65018cfe5afff7fedafedb3f
02:29:12.040500,I,f800fffe7aff54fe96fe7840
02:29:12.041062,I,7f017ffe27ff22fe41fe8040
02:29:12.041687,I,520152fe67ff54fec4fd9d40
02:29:12.042250,I,120152fe8dffdafe18fe0441
02:29:12.042875,I,450132fe34ff49fffcfd0441
02:29:12.043437,I,18019ffe14ff3eff82fe4d41
02:29:12.044062,I,1f019ffe47ffbcfe89fe9541
02:29:12.044625,I,25018bfe34ff18feb6fed841
02:29:12.045250,I,b80132fe0eff23fea5fe9341
02:29:12.045812,I,32012bfe34ff30fec4fe4641
02:29:12.046437,I,18017ffe67ffc0fed2fecf40
02:29:12.047000,I,320185fe5affc6febcfe9240
02:29:12.047562,I,180178fe47ffc1fecbfec140
02:29:12.048187,I,2b0198fe2dffb1febffe9640
02:29:12.048750,I,6501bffe14ffd9fed6fe6340
02:29:12.049375,I,450158fe34ff06ffb3fef23f
02:29:12.049937,I,580145fe47ffacfedbfed23f
02:29:12.050562,I,65012bfe27ffa8fe4aff6a40
02:29:12.051125,I,580185fe21ff7cfe82ffba40
02:29:12.051750,I,f8005ffe3bff1afe42ff7440
02:29:12.052312,I,6b0152fe21ff4efef4fe1b40
02:29:12.052937,I,320152fe34ff96fe88fe6340
02:29:12.053500,I,c50072fe1bff88fe24fedc40
02:29:12.054125,I,320178fe61ff4cfef5fd5541
02:29:12.054687,I,12017ffe07ff6bfe0cfec641
02:29:12.055312,I,e50098fe6eff60fe24fe2b41
02:29:12.055875,I,38013ffe3affc1fe43fed340
02:29:12.056500,I,6b011efe27ff3fff7afe0941
02:29:12.057062,I,72015ffe1bff07ffb7fe1441
02:29:12.057687,I,65013ffe5bff64fe23ffd440
02:29:12.058250,I,38017ffe34ff4ffe6fffa840
02:29:12.058875,I,5e016bfe41fff2fd46ff6940
02:29:12.059437,I,1f016bfe67ff7cfe0cffa03f
02:29:12.060062,I,580158fe0eff8cfe13ffaa3f
02:29:12.060625,I,120185fe80ffadfed9fe1540
02:29:12.061250,I,4c0178feeefe55feb3fee93f
02:29:12.061812,I,450192fe14ff94fe8bfe5c40
02:29:12.062437,I,320172fe54ffb5fe2afef840
02:29:12.063000,I,a50158fe3affacfe25fe1441
02:29:12.063625,I,0b016cfe6effe7feeffd1f41
02:29:12.064187,I,450145fe4effb9fe56fe2e41
02:29:12.064812,I,380172fe34ffb1fedbfef041
02:29:12.065375,I,0c0192fe21ff83feb6fe0642
02:29:12.066000,I,c50065fe74ff1dfecffee841
02:29:12.066562,I,180158fe34ff8dfeccfe5841
02:29:12.067187,I,1f0165fe54ff55fea6fe9a40
02:29:12.067750,I,65012bfe4dff84fec8fe9b40
02:29:12.068375,I,3f016cfe47ffa3fea9fee640
02:29:12.068937,I,580192fed4fe92fe38fe9540
02:29:12.069562,I,72016cfe4eff84fecbfeac3f
02:29:12.070125,I,920172fe3aff7dfee4fe973f
02:29:12.070750,I,3f017ffe7aff90fee4fea83f
02:29:12.071312,I,2b0145fe5aff6efefefe0140
02:29:12.071937,I,050145fe4eff3dfe28ffb340
02:29:12.072500,I,32018cfe6dffdefd2bff7d40
02:29:12.073062,I,1f0165fe34ff3bfebffe4640
02:29:12.073687,I,120165fe41ff8dfe59fe9440
02:29:12.074250,I,250158fe34fffefeeffd3141
02:29:12.074875,I,4c019ffe4eff90febefd6e41
02:29:12.075437,I,eb0092fe67ff27febffd1241
02:29:12.076062,I,2b0152fe2eff1bfef6fd1841
02:29:12.076625,I,59019efe5aff05fef2fdba40
02:29:12.077250,I,650131fe67ffcefe57fef840
02:29:12.077812,I,39014bfe7afff8fed6fee840
02:29:12.078437,I,4c0178fe41ffd2fe4bff9a40
02:29:12.079000,I,520185fe3aff8dfec2ff6440
02:29:12.079625,I,720178fe4eff51fe53ffe43f
02:29:12.080187,I,4c0152fe21ff17fec6fe0040
02:29:12.080812,I,520158fe5bff9dfebdfeff3f
02:29:12.081375,I,d20058fe2efff5febbfe6640
02:29:12.082000,I,050198fe5afffcfe9efea240
02:29:12.082562,I,6501bffe47ff72fe84fe4e40
02:29:12.083187,I,5201a5fe27ff28fe52fe8840
02:29:12.083750,I,860178fe61ffecfdfffdb540
02:29:12.084375,I,52014bfedbfe17fef0fdf040
02:29:12.084937,I,d80025fe41ffadfe3afe4c41
02:29:12.085562,I,79016bfe5aff2dff9bfeb141
02:29:12.086125,I,f800b8fe3aff1effd9fecd41
02:29:12.086750,I,4c0198fe27ffb2fecbfe9141
02:29:12.087312,I,520178fe2eff38feb7fe5341
02:29:12.087937,I,320112fe54ff21fea8fe2641
02:29:12.088500,I,86015efe2eff97feaafe5641
02:29:12.089125,I,25011efe41fff3feaefe0641
02:29:12.089687,I,580192fe5affc5fea4fe7240
02:29:12.090312,I,5f01abfe21ff59febafe0840
02:29:12.090875,I,3f0172fe01ffe2fdb9fefe3f
02:29:12.091500,I,12017efe6effc3fde4fe1340
02:29:12.092062,I,79017efe27ff2afef6fe8c40
02:29:12.092687,I,0c0158fe9aff8ffe25ff8540
02:29:12.093250,I,39018bfe5affd3fe01ff4140
02:29:12.093875,I,32018bfe27ff97fe75fe7740
02:29:12.094437,I,ec0085fe5aff8bfe07fe0741
02:29:12.095062,I,7f018bfe4eff99feeefd2141
02:29:12.095625,I,7f0118fe28ff68fedbfd4941
02:29:12.096250,I,fe007ffe81ff51fe39fe3341
02:29:12.096812,I,3f016bfe5affbffe4dfe1c41
02:29:12.097437,I,32013ffe41ffb7fe8afeb040
02:29:12.098000,I,4c0178fe94ff62feaffe9a40
02:29:12.098625,I,e50145fe1bff10fefbfe7e40
02:29:12.099187,I,650132fec0ff3dfeeefe5c40
02:29:12.099812,I,e50058fe14ffbcfeb2febb40
02:29:12.100375,I,050198fe41ff1bffc6fe9f40
02:29:12.100937,I,d8007ffe07ff36ffeffe2b40
02:29:12.101562,I,32019ffe4effa2febcfe0040
02:29:12.102125,I,05018bfe4eff5ffec9fe4640
02:29:12.102750,I,6c0145fe61ff14fe6bfeb740
02:29:12.103312,I,120185fe01ff6dfe6cfe1241
02:29:12.103937,I,1f018bfe67ff98fe61fe5341
02:29:12.104500,I,1e0192fefafea5fe47fe0041
02:29:12.105125,I,3801b8fe34ff84fe94feae40
02:29:12.105687,I,2b013ffe54ff78fe75fe2141
02:29:12.106312,I,0b0192fe3aff85fe6afeb741
02:29:12.106875,I,580158fe1aff8dfe8efed241
02:29:12.107500,I,6b0158fe41ffa3fe9ffeb141
02:29:12.108062,I,be0085fe47ffb0feecfe1541
02:29:12.108687,I,120145fe21ffa8feb0fed040
02:29:12.109250,I,4b0172fefbfeb1feacfef140
02:29:12.109875,I,4b0138fe54ff7afe01ff0e41
02:29:12.110437,I,3f014bfe5affa4fe0aff6940
02:29:12.111062,I,4c014cfe1bffbcfee1fe0040
02:29:12.111625,I,32017ffe54ff8afe9bfede3f
02:29:12.112250,I,78013ffeeefe08fe9afe1f40
02:29:12.112812,I,0b0165fe2effe4fdd2fe4140
02:29:12.113437,I,ff005ffe3affc9fd05ff6140
02:29:12.114000,I,5201b9fe21ff30fe28ff2b40
02:29:12.114625,I,3801bffee7fe00ffb4fe7940
02:29:12.115187,I,5f0192fe2eff08ff1afe0041
02:29:12.115812,I,0b0198fe4effb8feccfd5e41
02:29:12.116375,I,0b0138fe6dff5afeabfd5c41
02:29:12.117000,I,250178fe54ff7efee6fd5841
02:29:12.117562,I,4c0132fe41ffd5fe1afe4a41
02:29:12.118187,I,120198fe61ffbbfe9bfef740
02:29:12.118750,I,78012bfe41ff80feaffeb940
02:29:12.119375,I,b201b2fe0effedfdf8fe7e40
02:29:12.119937,I,250172fe41fff6fd57ff8040
02:29:12.120562,I,450152fe4eff35fe19ff9340
02:29:12.121125,I,7f015ffe41ff90fed4fe5d40
02:29:12.121750,I,4b015efe07ff1cffadfe1440
02:29:12.122312,I,2b0158fe47ff15ffb9fee03f
02:29:12.122937,I,05016bfe47ff2fffbafe5340
02:29:12.123500,I,1f018cfe5affecfe98fe8640
02:29:12.124125,I,6c0145fe5aff86fe72fe1d41
02:29:12.124687,I,0c0145fe54ff2cfe2afe2f41
02:29:12.125312,I,f80065fe2eff68fe34fe6e40
02:29:12.125875,I,1f0165fe4effa0fe64fe7340
02:29:12.126499,I,250112fe01ff90fe65fe3b41
02:29:12.127062,I,3f0192fea7ff89fe95fe6441
02:29:12.127625,I,450165fe21ff3afe5bfe1d41
02:29:12.128250,I,1f0132fe7aff52feb1fe2d41
02:29:12.128812,I,ac0152fe01ffb0fe84fe2241
02:29:12.129437,I,df0058fe81ffd4fe9dfee740
02:29:12.129999,I,2c0145fe1afffcfedcfe1d41
02:29:12.130624,I,320198fe6eff1aff0bffe240
02:29:12.131187,I,7f01acfe4dffaffefbfefc3f
02:29:12.131812,I,4b0172fe54ff3bfe9efe0b40
02:29:12.132375,I,250138fe47ff07feb0fe6f40
02:29:12.133000,I,fe0078fe47ff24feb4fe5640
02:29:12.133562,I,ec008bfe87ff1cfe17ff4c40
02:29:12.134187,I,3201a5fe1bff29fe3aff3640
02:29:12.134750,I,2501b2fe1aff5afec7fe1340
02:29:12.135375,I,2b0192fe0eff81fe81fe1a40
02:29:12.135937,I,2c0192fe87ff74fe0afeba40
02:29:12.136562,I,790158fe01ff98fecdfd8841
02:29:12.137125,I,250165fe41ff9dfeeafdb641
02:29:12.137750,I,5f012bfe27ffbefe6ffea041
02:29:12.138312,I,ec00a5fe61ff0dff95fe5c41
02:29:12.138937,I,6c0125fe1bff0dff7afe9d40
02:29:12.139500,I,92014bfe81ff95fedcfe5f40
02:29:12.140125,I,590152fe8dffeafdf2fe7940
02:29:12.140687,I,450178fe5aff0ffeb6fe4d40
02:29:12.141312,I,5f013efee1fe8afe06ff6640
02:29:12.141875,I,3f0145fe1bff67fea2fe1140
02:29:12.142500,I,720198fe6effd8fec4febe3f
02:29:12.143062,I,59017efe07ffbbfea3febc3f
02:29:12.143687,I,450198fe4dffb2fe93fe3f40
02:29:12.144250,I,ff00b2fe8dffbbfe9dfede40
02:29:12.144875,I,4c014bfe21ffc7fe79fe6b41
02:29:12.145437,I,12017efe74ffa4fe4ffe1d41
02:29:12.146062,I,520178fe4effeefe66fe0041
02:29:12.146625,I,460131fe2efffdfe6cfe0041
02:29:12.147250,I,520125fe3bff04ffc1fe7741
02:29:12.147812,I,32018bfe54ff4cfea7fe9241
02:29:12.148437,I,5f016bfe5afff2fd9efeae41
02:29:12.149000,I,f20085fe1bff0cfe74fe0041
02:29:12.149625,I,2c01fefd21ff18fe8cfe8440
02:29:12.150187,I,380118fe0eff55fe9afe8840
02:29:12.150812,I,4b0125fe7aff96fed1febb40
02:29:12.151375,I,12011efe2effc7fed9feb440
02:29:12.152000,I,5f0178fe01ffd8fef0fe6440
02:29:12.152562,I,38013ffe5affc6fe14ff5940
02:29:12.153187,I,0501acfe3aff95fefbfe0040
02:29:12.153750,I,8c011ffe27ff78febefed33f
02:29:12.154312,I,450158fe41ff65fedafe2540
02:29:12.154937,I,250152fe47ff2efee7fecc40
02:29:12.155500,I,1f0185fe0eff7afec1fe8e40
02:29:12.156125,I,1801acfe2effa2fe51fe2f40
02:29:12.156687,I,2c01b2fe27ff5cfefcfd8a40
02:29:12.157312,I,320165fe27ff2dfe8bfdac40
02:29:12.157875,I,650192fe21ff42fec6fd4241
02:29:12.158500,I,e50078fe81ff64fed1fdb041
02:29:12.159062,I,320118fe4dffb6fe3efe8341
02:29:12.159687,I,120185fe87ff27ffd7fe2441
02:29:12.160250,I,250132fe61ffc6feebfe8340
02:29:12.160875,I,0c015efe27ff3bfee6fe8640
02:29:12.161437,I,3f0125fe54ffcdfdc3febc40
02:29:12.162062,I,1f0158fe21ffd8fdc1fe0841
02:29:12.162625,I,320165fe41ff62fed8fea540
02:29:12.163250,I,1f019ffe27ff9cfe18ffc93f
02:29:12.163812,I,780172fe61ffd7fef8fe983f
02:29:12.164437,I,2501b9fe1affa4fea0fece3f
02:29:12.165000,I,180198fe27ffbcfe7afeda40
02:29:12.165625,I,6501a5fe34ffc8fefffdd040
02:29:12.166187,I,45014cfe41ff1cff0dfed540
02:29:12.166812,I,1f016bfe1aff7eff41feee40
02:29:12.167375,I,df007ffeadff4aff72fee040
02:29:12.168000,I,8c0138fe0effbdfeadfe4541
02:29:12.168562,I,1f018bfe34ff57fee0fe5141
02:29:12.169187,I,7201acfe6efff8fd02ff9141
02:29:12.169750,I,3f01acfe3bfff6fd88fecb41
02:29:12.170375,I,3f01b8fe14ffa4fe5cfe6541
02:29:12.170937,I,4c0198fe2efff4fe71fe5a41
02:29:12.171562,I,f80078fe54ff4cff80fef840
02:29:12.172125,I,f8003ffe1aff0cffaffe1d41
02:29:12.172750,I,580145fe6dffbcfea4fec840
02:29:12.173312,I,3f012bfe21ffb0fec6feae40
02:29:12.173937,I,f8006cfe74ffa0fe0dffff3f
02:29:12.174500,I,2b016bfe27ff3ffe1bff803f
02:29:12.175125,I,25017ffe6eff30fe4bff0740
02:29:12.175687,I,f2007ffe41ff33fe3effb73f
02:29:12.176312,I,120172fe34ff52feeefeba3f
02:29:12.176875,I,050172fe47ffacfe9dfef63f
02:29:12.177500,I,d20072fe34ffa1fed1fd2d40
02:29:12.178062,I,180198fe54ffcafe5efdae40
02:29:12.178687,I,f2001ffe5affbefee2fd1641
02:29:12.179250,I,050152fee1febdfe4ffef841
02:29:12.179875,I,580152fe6effeefe8cfe9441
02:29:12.180437,I,580158fe0effd9fee8fe5341
02:29:12.181062,I,e5007ffe6dffc1feccfe2941
02:29:12.181625,I,5f0138fe34ff70fea6fe2f41
02:29:12.182187,I,380198fe61ff0efee2fefa40
02:29:12.182812,I,4b016cfe0effc5fdedfe4c40
02:29:12.183375,I,320198fe9aff4cfef0fe1640
02:29:12.184000,I,780132fefafeaefe85fece3f
02:29:12.184562,I,58017ffe5aff14ffc0fed53f
02:29:12.185187,I,2b014bfefbfee4fe8efe4640
02:29:12.185750,I,6501abfe94ff82fe4efea840
02:29:12.186375,I,520192fe41ff7efe54feb940
02:29:12.186937,I,520192fe14ff4ffe3ffe1541
02:29:12.187562,I,4b013ffe41ff96fe41fef040
02:29:12.188125,I,4b0165fe74ffb2fe6efec840
02:29:12.188750,I,1f01a5fea0ffd0fedafe4b41
02:29:12.189312,I,52016cfe14ff79fe89fe1741
02:29:12.189937,I,0b01d2fe74ffd3fd62fe3141
02:29:12.190500,I,72016bfe01ffbdfd65fe6341
02:29:12.191125,I,320145fe61ff4efeecfdd640
02:29:12.191687,I,ec00e5fd67ffeafe8dfe4140
02:29:12.192312,I,0c0145fe47ff2aff04ff3840
02:29:12.192875,I,32013efe74ffe0fefefe6440
02:29:12.193500,I,4c0185fe27ff9efefdfe5b40
02:29:12.194062,I,ec00e5fe87ff56fe2fff6b40
02:29:12.194687,I,460145fefbfe40fe32ffcb3f
02:29:12.195250,I,2c0152fe87ff4efe2affee3f
02:29:12.195875,I,39015efe3aff68fe07ff8340
02:29:12.196437,I,0c0192fe74ff94fed2feba40
02:29:12.197062,I,0c0192fe1bffa3fe90feb940
02:29:12.197625,I,8501abfe41ff6afe51fecd40
02:29:12.198250,I,7f0152fe41ff56feb8fd0841
02:29:12.198812,I,4501a5fe1bff85fe80fd2641
02:29:12.199437,I,2c0145fe54ffc4febdfd9041
02:29:12.200000,I,650185fe27ff0aff5dfe8441
02:29:12.200625,I,790105fe1affcdfebcfeb740
02:29:12.201187,I,a60158fe67ffa6fe00ff3540
02:29:12.201812,I,250151fe21ff43fe5aff2a40
02:29:12.202375,I,4c0158fe54ff1efe2bff1b40
02:29:12.203000,I,050138fe4eff1afe17ff1b40
02:29:12.203562,I,320178fe1bff21fe3effec3f
02:29:12.204187,I,380158fe07ff67feeafebb3f
02:29:12.204750,I,920165fe2effb1febefe863f
02:29:12.205375,I,3f016bfe54ff2eff5bfe5b40
02:29:12.205937,I,32019ffe54ff16ff70feed40
02:29:12.206562,I,72016bfe07ffd8fe91fe3c41
02:29:12.207125,I,3f01bffe74ff96fe65fe7241
02:29:12.207750,I,390198fe4eff8afe47fea141
02:29:12.208312,I,1f014bfe5aff6afe2afe8141
02:29:12.208875,I,1f014bfe27ff73fe60fea341
02:29:12.209500,I,0c0172fe4eff5afeb0fe7041
02:29:12.210062,I,050165fe54ff68fea3fe0541
02:29:12.210687,I,6c0145fe2eff58fe6ffeeb40
02:29:12.211250,I,1201b2fe61ff5cfe4cfe1241
02:29:12.211875,I,92013ffe41ff64fe18fed640
02:29:12.212437,I,7f015ffe01ff73fe7dfe4f40
02:29:12.213062,I,3f0158fe94fff1febafe4e40
02:29:12.213625,I,5f015ffe4eff7eff0effac40
02:29:12.214250,I,32019ffe87ff7cffd5fecb40
02:29:12.214812,I,59016bfe4effbbfe39ffb740
02:29:12.215437,I,66017efe14ff30fefefe5440
02:29:12.216000,I,6c010bfe41ffe2fd04ffdd3f
02:29:12.216625,I,2c0132fe4effd0fd35ff5740
02:29:12.217187,I,2c017efe3aff34feeefecf40
02:29:12.217812,I,1201dffe1bff5afedffe2241
02:29:12.218375,I,ff0005ff27ffa9fe6afe8940
02:29:12.219000,I,450178fe6dffa3febefd2b40
02:29:12.219562,I,520158fe27ffc3fe76fda340
02:29:12.220187,I,59011efe54ff46feaffd7241
02:29:12.220750,I,4c0145fe67ffd7fe42fe8f41
02:29:12.221375,I,f800fefd3aff45ffe9fe1141
02:29:12.221937,I,5f0165fe54ff51ff30ff8a40
02:29:12.222562,I,0c0158fe2effc6fe62ff5540
02:29:12.223125,I,590145fe8eff1dfebefe5240
02:29:12.223750,I,4c0172fe47ff79fd03ff6e40
02:29:12.224312,I,450112fe1bfff3fd51ff7d40
02:29:12.224937,I,190125fe61ff95fee8fea63f
02:29:12.225500,I,1f019ffe6dff04ffa2feaa3f
02:29:12.226125,I,1f0198fefbfe21ffbcfee53f
02:29:12.226687,I,f200cbfe8effaefe2cfe5840
02:29:12.227312,I,0501a5fe67ff76fe20fe0541
02:29:12.227875,I,ff0032fe8eff72fe33fe7041
02:29:12.228500,I,720138fe67ff06ff42fe9d41
02:29:12.229062,I,38019ffe7aff82ff88fef340
02:29:12.229687,I,12016bfe81ff2aff9efe3641
02:29:12.230250,I,52014cfe61ff8ffed0fe7941
02:29:12.230875,I,f20085fe54fff2fdc3fe4a41
02:29:12.231437,I,4c010bfe41ff89fda6fe3041
02:29:12.232062,I,f20098fe34ffc0fdb6fe1141
02:29:12.232625,I,3f017ffe01ff90fea6fe8a40
02:29:12.233250,I,580192fe1bffd4fea2fe0940
02:29:12.233812,I,6b0158fe4dff0fff05ff2040
02:29:12.234437,I,4c01a5fe61ffccfec9fe6a40
02:29:12.235000,I,6c01a5feb4ff92fee0fe2440
02:29:12.235562,I,4b014bfe81ffd8fee5fe7c40
02:29:12.236187,I,72013ffe34ff9ffeb8fe9840
02:29:12.236750,I,ff005ffe41ff98fef9fe7540
02:29:12.237375,I,99012cfe2eff41fe7fffbd40
02:29:12.237937,I,2c01b8fe3aff33fe30ffb140
02:29:12.238562,I,6c017ffe1bff25fec7fe8440
02:29:12.239125,I,3f018cfe3aff2ffef9fd9c40
02:29:12.239750,I,ac0185fe5aff4efe86fd9840
02:29:12.240312,I,e500dffe54ff7dfe8efd1041
02:29:12.240937,I,7f0152fe27ff92fed9fd6041
02:29:12.241500,I,92017ffe94ff38ff5bfe8f41
02:29:12.242125,I,3f0198fe41ff26ffd5fe4041
02:29:12.242687,I,a5015ffe67ff52ffe8fe2441
02:29:12.243312,I,5f0178fe8dffacfe67ffde40
02:29:12.243875,I,650145fe34ff10fe32ff6540
02:29:12.244500,I,8b013ffe1aff08fe14ff8f40
02:29:12.245062,I,3f018bfe27ff4dfee9fe7640
02:29:12.245687,I,92017ffe47ffb0feabfe0f40
02:29:12.246250,I,0b01d2fe60ffe4fedcfed23f
02:29:12.246875,I,f80085fe1bffcffea1fec33f
02:29:12.247437,I,2501a5fe61ffb9fe56fe2a40
02:29:12.248062,I,4c0158fe41ff60fe21feb240
02:29:12.248625,I,120138fe4eff66febffd3c41
02:29:12.249250,I,2c0152fe5aff06ff6afe7a41
02:29:12.249812,I,ff0072fe3bff48ff71fee440
02:29:12.250437,I,790152fe8eff0aff09ff1541
02:29:12.250999,I,85018bfe6eff8efea1fe7041
02:29:12.251625,I,9f015efe41ffd0fddafed141
02:29:12.252187,I,3f0192fe14ffd8fdacfead41
02:29:12.252812,I,050178fe5bff10fe6cfe2041
02:29:12.253375,I,52012bfe14ff9efe96fec440
02:29:12.254000,I,450145fe4dff28ff9afe3f40
02:29:12.254562,I,590185fe5affedfeb8feae40
02:29:12.255187,I,1f0152fe5affaefe80fef140
02:29:12.255750,I,65017ffe2eff92feb6fead40
02:29:12.256375,I,5f0158fe34ff66fe07ff3940
02:29:12.256937,I,520172fe1affb4fe25ff1240
02:29:12.257562,I,39014bfe7affccfe49ffc23f
02:29:12.258125,I,4c015efe0eff91fe40ff4940
02:29:12.258749,I,320185fe41ff29fe45ffec40
02:29:12.259312,I,f200dffe4eff0afe86fee640
02:29:12.259937,I,2c018bfef4fe37fef8fdc740
02:29:12.260500,I,5801bffe5aff96fe93fd0f41
02:29:12.261125,I,92011efe27ff06ff79fdce40
02:29:12.261687,I,3f0165fe47ffdbfecafd3941
02:29:12.262250,I,52015efe2effe2fe6afeae41
02:29:12.262875,I,3f014bfe5bff7afebffe6141
02:29:12.263437,I,cc0165fe34ffa3fec6fead40
02:29:12.264062,I,25018bfe4eff72fee8fe9440
02:29:12.264625,I,320178fe54ff7bfe31ff6940
02:29:12.265250,I,ff0078fe6dff44fe1bff3040
02:29:12.265812,I,120158fe54ff20fe37ff1040
02:29:12.266437,I,450185fe21ffccfe2cff3340
02:29:12.267000,I,2b0165fe47ffeefee5fe1540
02:29:12.267625,I,4c018cfe7aff23ff5afec13f
02:29:12.268187,I,3f019ffe61ff75fe28fe1340
02:29:12.268812,I,3f018cfe8dff74fef3fd1d41
02:29:12.269375,I,180165fe0eff2ffedffd8641
02:29:12.270000,I,ff0058fe5aff80fe39fe6c41
02:29:12.270562,I,2b014bfe74ff02ff66fe9741
02:29:12.271187,I,1201b8fe3aff2fffb2fe0541
02:29:12.271750,I,850138fe21ff9bfe53fe3041
02:29:12.272375,I,0501bffe41ffeafd95fe0f42
02:29:12.272937,I,1f01b2fe2effecfd69feee41
02:29:12.273562,I,32017ffe41ffedfda2fe2741
02:29:12.274125,I,f20085fe3aff74fef1feb240
02:29:12.274750,I,45013ffe54ff07ffbdfe7340
02:29:12.275312,I,58013ffe4dff4effbefe4a40
02:29:12.275937,I,92016cfe54ffd8fec2fe9440
02:29:12.276500,I,2b01c5fe94ff3efe79fec640
02:29:12.277125,I,52019ffe54ff22fea1fe0c40
02:29:12.277687,I,5f0158fe54ff40fe8ffed93f
02:29:12.278312,I,1f014bfe67ff9cfe0eff4540
02:29:12.278875,I,12016bfe47ff95fe0eff4640
02:29:12.279500,I,eb009ffe9aff27fee3fe8340
02:29:12.280062,I,2501abfe5aff41fe81fef140
02:29:12.280687,I,0501dffe27fff2fd25feb740
02:29:12.281250,I,45019ffe2eff58fe76fdc340
02:29:12.281875,I,580138fe61ffeafebffd5141
02:29:12.282437,I,380152fe41fffefe0afe5241
02:29:12.283062,I,1e0132fe61ff30ff3dfe8d41
02:29:12.283625,I,8c016cfe60fffffeb5fe6e41
02:29:12.284250,I,cb009ffe5aff66fe09ff2a41
02:29:12.284812,I,8b015ffe41ff3afe08ff9240
02:29:12.285437,I,120165fe7affedfd46ff7340
02:29:12.286000,I,39011ffe41ff0efe0bff4f40
02:29:12.286625,I,df0058fe7aff84fe37fff63f
02:29:12.287187,I,5201d2fe74ffcafe43ffee3f
02:29:12.287812,I,2c0165fe3bffe2feeffee33f
02:29:12.288375,I,4501f2fe54ffd3fe39feae3f
02:29:12.289000,I,0c0158fe67ffc8fee8fdf23f
02:29:12.289562,I,5f0178fe1bff64feccfd1741
02:29:12.290125,I,4c0185fe67ffacfe20fe9241
02:29:12.290750,I,a5016bfe1bffe5fe2cfe5641
02:29:12.291312,I,58015efe3aff0dffa2fe6141
02:29:12.291937,I,3f0185fe74ffcefe64fe1941
02:29:12.292500,I,1f015efe74ff9cfe8afe5c41
02:29:12.293125,I,ec004bfe3aff3bfe9bfea641
02:29:12.293687,I,4c019ffe61ffc4fda3fea641
02:29:12.294312,I,520145fe4dfff6fde2fe8641
02:29:12.294875,I,7f016bfe14ffdafebbfe0741
02:29:12.295500,I,1f0145fe34ff43ff92fea840
02:29:12.296062,I,450192fe21ff8affb1fe8d40
02:29:12.296687,I,12017efe74ff34ff8ffe6940
02:29:12.297250,I,650172fe61ff95fe8afe4b40
02:29:12.297875,I,380185fe14ffdbfdc5fe7440
02:29:12.298437,I,32018bfe07ff1dfe9afe5b40
02:29:12.299062,I,e50065fe8dff6afefcfef63f
02:29:12.299625,I,3f019ffe6dff85fe64ff1940
02:29:12.300250,I,f200b2fe3aff56fe33ff6140
02:29:12.300812,I,3801d2fe27ff31feb7fe9740
02:29:12.301437,I,d20005ff41ff04fedcfd3e41
02:29:12.302000,I,250192fe3bff83fe61fd6541
02:29:12.302625,I,320145fe0eff09ffadfd0a41
02:29:12.303187,I,39011efe27ff83ff05fe0741
02:29:12.303812,I,25016bfe21ff96ff4bfe6241
02:29:12.304375,I,f20092fe2dffe1fe27ff5e41
02:29:12.305000,I,920158fe54fffffd19ff0641
02:29:12.305562,I,2b01c5fe5aff7ffd1eff4f40
02:29:12.306187,I,58013ffe54ff94fd5cffe93f
02:29:12.306750,I,450152fe67ff52fe15ff9f3f
02:29:12.307375,I,050145fe67ffd6fe31ff0540
02:29:12.307937,I,2501b9fe74ff0bffc6fe0f40
02:29:12.308562,I,ff00dffe5aff0effa3fec83f
02:29:12.309125,I,0c017ffe61ffbafe46fe0440
02:29:12.309750,I,5f0125fe6dff5ffec8fdfa40
02:29:12.310312,I,8c014bfe3affb0fed6fdc141
02:29:12.310937,I,f80072fe7aff98fefefd8141
02:29:12.311500,I,650112fe27ff6dfebefe7641
02:29:12.312125,I,2c0172fe14ff80fe0cff2341
02:29:12.312687,I,5201b2fe07ff5bfebdfee740
02:29:12.313312,I,0b01acfe54ff5efe66fe6041
02:29:12.313875,I,720165fe34ff21fe55febc41
02:29:12.314500,I,180185fe2eff3cfe68fe1e41
02:29:12.315062,I,320138fe27ff8bfec0fec240
02:29:12.315687,I,1f015ffe3affd1fedbfeda40
02:29:12.316250,I,7f0152fe67ff20ffe2fea240
02:29:12.316812,I,3f0125fe1bff1dffb8fe4240
02:29:12.317437,I,a5015ffe34ffcdfedefe6640
02:29:12.318000,I,85012bfe6dff52feccfe7140
02:29:12.318625,I,9f017ffe4dfff8fda4fe3640
02:29:12.319187,I,320158fe61ffd7fde0fe9240
02:29:12.319812,I,650165fe3aff26fe03ff9e40
02:29:12.320375,I,5f01fefd21ff95fe36ffcc3f
02:29:12.321000,I,1801acfe4effaefe14ff7440
02:29:12.321562,I,3801ccfe34ff89fe8afe1f41
02:29:12.322187,I,4b01b2fe41ff54fec6fd1441
02:29:12.322750,I,18019ffe2dfffafd74fd2b41
02:29:12.323375,I,12013ffe5bff1cfecdfd6a41
02:29:12.323937,I,780132fe81ffd5fe2cfe6d41
02:29:12.324562,I,18013efe5aff84ffdbfe8e41
02:29:12.325125,I,250192fe14ff4bff52ff2241
02:29:12.325750,I,580165fe6eff8cfe1dff5040
02:29:12.326312,I,7801b2fe4eff97fd04ffd83f
02:29:12.326937,I,580118fe67ff66fdd2fe5140
02:29:12.327500,I,1e0132fe5afff8fdcafea040
02:29:12.328125,I,f800acfe61ff19ffeefe7f40
02:29:12.328687,I,4c01c5fe21ff7fff50ff3940
02:29:12.329312,I,5801bffe5afffafe13ff7e3f
02:29:12.329875,I,7f019ffe4dff55fe70fef63f
02:29:12.330500,I,4c017ffe2effccfdb1fd0e41
02:29:12.331062,I,c50025fe4eff07fef1fd0542
02:29:12.331687,I,0c0118fe1aff0eff5dfef141
02:29:12.332250,I,3f01c5fe5aff82ff08ff0d41
02:29:12.332875,I,2b018cfe4eff49fff2fea540
02:29:12.333437,I,0b01b9fe21ff60fe8efea840
02:29:12.334062,I,250118fe67ff68fd70fe4241
02:29:12.334625,I,0b0152fe54ff53fd60fec041
02:29:12.335250,I,32010bfe3aff53fea0fe4541
02:29:12.335812,I,850165fe6dffe2feeafe6c40
02:29:12.336437,I,38018cfe4dff35ff9afe5c40
02:29:12.337000,I,65019ffe5aff2eff9ffe6040
02:29:12.337625,I,580125fe61ff8efeb0fea440
02:29:12.338187,I,650132fe6dfffdfdecfe0841
02:29:12.338812,I,580178fe41ff6dfe1fffdd40
02:29:12.339375,I,720198fe41fff4fe06ff6240
02:29:12.340000,I,3f01a5fe14ffa3fe53ffed3f
02:29:12.340562,I,4b01b9fe74ff3afe49fffc3f
02:29:12.341187,I,650118fe0effb4fd43ff1d40
02:29:12.341750,I,d80052fe54ffd2fdc4fec540
02:29:12.342375,I,f20065fe47ff90fee8fd7441
02:29:12.342937,I,0c01b2fe34ff1fff88fd5641
02:29:12.343562,I,0501bffe2effecfeacfd2141
02:29:12.344125,I,650185fe67ffa4fed0fdd840
02:29:12.344687,I,1f0118fe4eff68fe5cfe2041
02:29:12.345312,I,5f012bfe5aff80feacfe6641
02:29:12.345875,I,32011efe6effd0fe24ff8241
02:29:12.346500,I,720112fe7afff8fe6dffe440
02:29:12.347062,I,3201b2fe4eff96fe3dfff83f
02:29:12.347687,I,790152fe21fffffd26ffa13f
02:29:12.348250,I,0c0198fe6effcefdeffe0240
02:29:12.348875,I,52017efe34fffefddcfe5840
02:29:12.349437,I,2c016bfe3bffa1fee1fe6440
02:29:12.350062,I,3f0178fe67ff51fff7fe5a40
02:29:12.350625,I,2501b8fe14ff8eff42fe6b40
02:29:12.351250,I,4c01acfe67fffbfe49fedc40
02:29:12.351812,I,32017ffe41ff1cfefcfd4041
02:29:12.352437,I,6c013efe8effbcfd23fe6d41
02:29:12.353000,I,1f012bfe47ff51feaefe6541
02:29:12.353625,I,9901e5fd4eff2effa8fead41
02:29:12.354187,I,250151fe3aff17ffe6fea841
02:29:12.354812,I,f800d2fe47ff36fedafe2b41
02:29:12.355375,I,650172fe14ffd6fdc3fefe40
02:29:12.356000,I,cc005ffe6dff50fdacfef540
02:29:12.356562,I,f800f8fd41ff22fe87fe2041
02:29:12.357187,I,72010bfe54ff43ff7cfeab40
02:29:12.357750,I,b201abfe41ffacffcefe3140
02:29:12.358375,I,6c0198fe14ff58ff12fffa3f
02:29:12.358937,I,7f0185fe1bff77fedefe4640
02:29:12.359562,I,f80072fe74ffaffdbafe6440
02:29:12.360125,I,1f013efe2eff80fdf4fe4d40
02:29:12.360750,I,1f0165fe6eff2ffe11ff2440
02:29:12.361312,I,ec0098fe21ff9ffe86ffe13f
02:29:12.361937,I,0c019ffe54ffe3fe24ff1240
02:29:12.362500,I,1201d8fe87ff77fe88feae40
02:29:12.363125,I,18018bfe54ff1dfeb6fd5d41
02:29:12.363687,I,0b014bfe14ff22fe91fd8641
02:29:12.364312,I,320172fe74ff6bfe9bfd4e41
02:29:12.364875,I,12013efe5aff48ff0dfe3341
02:29:12.365500,I,720165fe1bffc1ffc2fed041
02:29:12.366062,I,9201b8fe67ff15ffe6fe8041
02:29:12.366687,I,4c0198fe3aff4afe06fff640
02:29:12.367250,I,7f0158fe41ffd9fd0eff5d40
02:29:12.367875,I,38018bfe3aff1afeebfe3e40
02:29:12.368437,I,2c0111fe87ff22fedcfe6a40
02:29:12.369062,I,1f0185fe61ffa6fee1fe3240
02:29:12.369625,I,4501abfe3bffc8fe1afff43f
02:29:12.370250,I,3901d8fe41ffaafe03ff843f
02:29:12.370812,I,9f014bfe27ffbbfe8bfea03f
02:29:12.371437,I,320178fe94ffa0fe08fe5c40
02:29:12.372000,I,790165fe21ffddfef5fd0741
02:29:12.372625,I,25018bfe41ffe5fe30fe7c41
02:29:12.373187,I,180158fe4eff22ffa9fe8641
02:29:12.373750,I,8501a5fe4efff0febffe7241
02:29:12.374375,I,25014bfe41ffa0fea9fe4441
02:29:12.374937,I,920151fe21ff60fec1fe9d41
02:29:12.375562,I,0c0172fe34ff12fe99fe9c41
02:29:12.376125,I,120178fe94ff2efea7fea341
02:29:12.376750,I,720185fe1bff2afe9afe5a41
02:29:12.377312,I,05017ffe4eff9cfebdfe1a41
02:29:12.377937,I,52017efe4effcefee0fe3940
02:29:12.378500,I,790172fe7affd2feb9feeb3f
02:29:12.379125,I,92015efe1bffc4febdfe0440
02:29:12.379687,I,0c0152fe5affacfe88fea940
02:29:12.380312,I,45019ffe3aff99fef3fee040
02:29:12.380875,I,38016cfe27ff79fe19ff2c40
02:29:12.381500,I,d80092fe54ff78fe34ffa93f
02:29:12.382062,I,f8006bfe61ff3efe25ffdd3f
02:29:12.382687,I,9f0158fe4dff6afec6feb740
02:29:12.383250,I,2b0185fe2eff33fe88fe6241
02:29:12.383875,I,05019ffe27ff27fe70fe2641
02:29:12.384437,I,ff00ecfe41ff65fefcfdf240
02:29:12.385062,I,5201acfe27ffaefeddfdae40
02:29:12.385625,I,6c0152fe3afff6fefcfdce40
02:29:12.386250,I,120138fe67fff6fe61fe3a41
02:29:12.386812,I,120152fe61ff2efff9feb841
02:29:12.387437,I,0b0172fe47fffdfe01ff5c41
02:29:12.388000,I,8501a5fe61ff84fe07ff8640
02:29:12.388625,I,9f0138fe27ff39fee0fe3440
02:29:12.389187,I,050132fe34ff4efec8fe3740
02:29:12.389812,I,250125fe6dff01fee6fe0740
02:29:12.390375,I,250145fe3aff28fef1fe1f40
02:29:12.391000,I,6b0145fe4eff81fed6fe4740
02:29:12.391562,I,6501f8fe6effd2fe83fe1f40
02:29:12.392187,I,6501acfe34ffc6fe14fe6340
02:29:12.392750,I,2b0192fe6dffc3fe0efe7340
02:29:12.393375,I,180152fe8dff92fe2cfe0241
02:29:12.393937,I,45013ffe47ffc0fe54fe6741
02:29:12.394562,I,65019ffe67fff9fe74fedd41
02:29:12.395125,I,520172fe5aff02ffadfec441
02:29:12.395750,I,4b0192fe27ffd2fe93fe0041
02:29:12.396312,I,1e0159fe87ff4afebafe1541
02:29:12.396937,I,f8007ffe7affa5fdadfe7541
02:29:12.397500,I,45014bfe07ffd9fdaffe4f41
02:29:12.398125,I,eb0032fe54ff13fea8fee840
02:29:12.398687,I,b8013ffe14fff1fe74fe9340
02:29:12.399312,I,790152fe47ff31ff76fe1b40
02:29:12.399875,I,8c013efe08ff1cffabfef93f
02:29:12.400500,I,790178fe5bff7ffeb9fe7b40
02:29:12.401062,I,79017ffe54fff7fd0cffb640
02:29:12.401687,I,e5007efe27ffe3fd2eff6a40
02:29:12.402250,I,bf0065fe4eff58fe66ff3540
02:29:12.402812,I,92017efe01ffb0fe4fffeb3f
02:29:12.403437,I,6c015ffe81ffe4fef8fe1840
02:29:12.404000,I,2c01b8fe47ff62fe86fea240
02:29:12.404625,I,1801d8fe67ffe4fdfefd2641
02:29:12.405187,I,650185fefbfe3efea2fd1b41
02:29:12.405812,I,12017efe67ff3ffe85fd6241
02:29:12.406375,I,7f011efe01ff03ffdefd6e41
02:29:12.407000,I,52010bfe47ff47ff88fe7441
02:29:12.407562,I,05019ffe61ff42ffe5fe6741
02:29:12.408187,I,38019ffe61ffb8fe2cfff740
02:29:12.408750,I,6c0172fe61ff05fe04ff9e40
02:29:12.409375,I,2c012bfe6eff04fec4fe7440
02:29:12.409937,I,92011efe47ff5afee5fe7a40
02:29:12.410562,I,e5007efe34ffcafe61ff5e40
02:29:12.411125,I,2c01abfe67ffccfe4eff2440
02:29:12.411750,I,4c0185fe41ffbffe26ff1740
02:29:12.412312,I,650198fe67ffaffe77fe1640
02:29:12.412937,I,180165fe61ffa6feedfda740
02:29:12.413500,I,320118fe3aff9ffebdfd2a41
02:29:12.414125,I,8c0145fe61ffc2fec4fd6a41
02:29:12.414687,I,320158fe2effeefef6fd8641
02:29:12.415312,I,32015ffe41ff0bff6efe4b41
02:29:12.415875,I,ec00ccfe27ffeafe88fefa40
02:29:12.416500,I,920185fe4eff3efeb6fec540
02:29:12.417062,I,5f016bfe27ffe7fdbbfefc40
02:29:12.417687,I,5901a5fe74ffbdfdd5fe9241
02:29:12.418250,I,3f0152fe14ff53fed0fe9a41
02:29:12.418875,I,250192fe74ffdbfee1fe2a41
02:29:12.419437,I,3201bffe2eff14ff60fe1240
02:29:12.420062,I,4c012bfe2eff0bff94feea3f
02:29:12.420625,I,320165fe47ffc0fe62fe5240
02:29:12.421250,I,4c0132fe2effb6fe88fec640
02:29:12.421812,I,120192fe74ff54fe2fff1241
02:29:12.422437,I,f9008bfe54ff4bfe3affb240
02:29:12.423000,I,5f0158fe61ff58fe42ff0640
02:29:12.423625,I,520152fe34ff55fe0cff0240
02:29:12.424187,I,df007ffe6dff67feaefe8140
02:29:12.424812,I,3201a5fe27ff5cfe6bfe3c41
02:29:12.425375,I,0c0192fe21ff4cfe3dfe4641
02:29:12.426000,I,32017ffe3affaefefafd0241
02:29:12.426562,I,7f0152fe5affbafeb1fdbb40
02:29:12.427187,I,65014bfe34ff0cffd5fd1041
02:29:12.427750,I,0c016bfe2effe1fe69fe3541
02:29:12.428375,I,1f015efe5affccfed4feff40
02:29:12.428937,I,2c0158fe41ff46fe35ffcc40
02:29:12.429562,I,4c015ffe34ff64fe25ff4440
02:29:12.430125,I,39014bfe6dff33fecbfe5940
02:29:12.430750,I,450158fe5aff61fed1fe2e40
02:29:12.431312,I,c50052fe61ff6dfe13ff2b40
02:29:12.431875,I,1f0192fe41ff8bfe1cff5540
02:29:12.432500,I,1f019ffe54ffe1fee5fe7940
02:29:12.433062,I,250185fe1bffbefe61fec240
02:29:12.433687,I,7f0198fe27fff0fe00feda40
02:29:12.434250,I,650185fe2effa8fefdfd2141
02:29:12.434875,I,05014bfe81ff96feecfd8c41
02:29:12.435437,I,2c0152fe74ffb3fe32fef041
02:29:12.436062,I,650158fe34ff92fe60fef041
02:29:12.436625,I,2501abfebaffa2fea5fe2a41
02:29:12.437250,I,520138fe34ff70fea4febd40
02:29:12.437812,I,450178fe7aff4bfebbfeb040
02:29:12.438437,I,3f0132fe21ffe6fd0affc240
02:29:12.439000,I,45015ffe6dff1ffef5fe0741
02:29:12.439625,I,8b0145fe21ff90fea0fec940
02:29:12.440187,I,180158fe5aff58ff84fe7040
02:29:12.440812,I,580138fe34ffa6ffb3fe2e40
02:29:12.441375,I,5801f2fea1ff6effb9fe8240
02:29:12.442000,I,3e013ffe47ff9afee4fe8f40
02:29:12.442562,I,3f016bfe61ff0cfe1fffa740
02:29:12.443187,I,2c0132fe3bff18fe40ff8640
02:29:12.443750,I,2b01f2fd0eff55fef9fe5140
02:29:12.444375,I,fe0092fe3bffb1fee6fe4340
02:29:12.444937,I,520178fe54ff6afedcfe5c40
02:29:12.445562,I,18018cfe34ff46fe62fea440
02:29:12.446125,I,4b0192fe5aff3bfef7fde340
02:29:12.446750,I,52018bfe3aff25fea8fd1e41
02:29:12.447312,I,3f0125fe14ff12ff94fd6941
02:29:12.447937,I,1e014cfe54ff4dff2ffe4741
02:29:12.448500,I,6b011ffe27ff3aff77fee240
02:29:12.449125,I,580192fe14ffeefef9fe2241
02:29:12.449687,I,390152fe34ff52fe0bfffd40
02:29:12.450312,I,520145fe34ff12fe18ff6440
02:29:12.450875,I,520132fe61ff01fe21ff1c40
02:29:12.451500,I,0b014cfe54ff3efe2affeb3f
02:29:12.452062,I,5f016bfe21ff63fe24ffbd3f
02:29:12.452687,I,4c018bfe27ff9afeeefe2a40
02:29:12.453250,I,4501a5fe3aff7efe96feb440
02:29:12.453875,I,6c017ffe47ff59fe4afe7540
02:29:12.454437,I,0501d2fe7affe9fe26fe6b40
02:29:12.455062,I,79013ffe3bff1eff00fee440
02:29:12.455625,I,520158fe47ff3fff04febc41
02:29:12.456250,I,520165fe1bff09ff3bfef041
02:29:12.456812,I,25018bfe47ffb5feabfe9b41
02:29:12.457437,I,5801a5fe34ff33fec2fe7c41
02:29:12.458000,I,ff006cfe2eff24fe9efef040
02:29:12.458625,I,7f012cfe41fff5fdccfefd40
02:29:12.459187,I,3f015ffe41ff30febbfe1741
02:29:12.459812,I,120178fe47ff63fee0fe2c41
02:29:12.460375,I,12015ffe54ff5cfe90fe7c40
02:29:12.460937,I,18018cfe61ff7ffe88fee83f
02:29:12.461562,I,52016bfe47ff0bff77fefb3f
02:29:12.462125,I,520118fe5aff14ffc8fe5340
02:29:12.462750,I,25014bfea7ff10ff1dff9640
02:29:12.463312,I,e5006bfef4fe82fe55ffb540
02:29:12.463937,I,3f0178fe4eff69feadff5a40
02:29:12.464500,I,380165fe21fff4fdf9fe4840
02:29:12.465125,I,12013efe4eff12fea5fe4640
02:29:12.465687,I,380165fe6eff81fe49fec240
02:29:12.466312,I,32016cfe2eff5afe50fe1e41
02:29:12.466875,I,3201a5fe41ff75fe36fe2a41
02:29:12.467500,I,5f016bfe34ff6cfefffdf340
02:29:12.468062,I,9f01a5fe14ff6cfef3fdba40
02:29:12.468687,I,1f0165fe9affb5feb9fdfc40
02:29:12.469250,I,650138fe41ffd6fe66fe2141
02:29:12.469875,I,2b0178fe41ffe2fe10ffa241
02:29:12.470437,I,72015ffe34fffefe8eff1e41
02:29:12.471062,I,39018cfe8dfff6fe6aff6340
02:29:12.471625,I,2501d2fe34ffacfe0dff2b40
02:29:12.472250,I,2b0138fe4eff38feb5fe3440
02:29:12.472812,I,32010bfe80ffdffda7fe3440
02:29:12.473437,I,3f0178fe4dff1cfea1fe5240
02:29:12.474000,I,65013ffe14ffc9fe8cfe9b40
02:29:12.474625,I,1201c5fe74ffe1fe76fe8740
02:29:12.475187,I,2c015efe2efff8fe24fe4740
02:29:12.475812,I,b2006bfe9bffb2fee8fd7940
02:29:12.476375,I,3f014bfe54ffa5fedbfd2041
02:29:12.477000,I,53015efe5bffc6feeafda241
02:29:12.477562,I,f90071fe34ffdefe84fed341
02:29:12.478187,I,4c0191fe67ffd0feacfe7941
02:29:12.478750,I,32014bfe61ffccfe02ffdf40
02:29:12.479375,I,19014bfe5bff1dfe1affaf40
02:29:12.479937,I,520131fe35ffe2fdc0fe1641
02:29:12.480562,I,3f01fefd0eff11fe93fe6741
02:29:12.481125,I,79019ffe67ff3cfe65fec940
02:29:12.481750,I,4c0152fe3bffacfe62fe7140
02:29:12.482312,I,250151fe47fffcfe66fe2d40
02:29:12.482937,I,ac0152fe54ffc7fec2fe2a40
02:29:12.483500,I,39011efe61ff87fed5fe5840
02:29:12.484125,I,f80098fe41ff5afe52ff7140
02:29:12.484687,I,2c0158fefbfe1ffe47ff8240
02:29:12.485312,I,ec007efe41ffd9fe4aff5d40
02:29:12.485875,I,390178fe61fffdfebbfe3c40
02:29:12.486437,I,120185fe5bff64fe81fe7d40
02:29:12.487062,I,2c0132fe3bff39fe3afe1241
02:29:12.487625,I,2c01befe41ff0cfe2efe3641
02:29:12.488250,I,3f0138fe74ff72fef6fd2641
02:29:12.488812,I,250192fe01ff93fef5fd3041
02:29:12.489437,I,660125fe54ffb5fed4fd1041
02:29:12.490000,I,86019efe4eff8bfe67fe0e41
02:29:12.490625,I,390192fe7aff4efee9fe4641
02:29:12.491187,I,59014bfe01ff3cfef6fe0041
02:29:12.491812,I,5f0192febaffa1fe2fffc040
02:29:12.492375,I,450138fe2efff3fe2bff5b40
02:29:12.493000,I,190145fe61ffd2fe40ffdb3f
02:29:12.493562,I,050185fe67ff60fe50ffe43f
02:29:12.494187,I,2c016bfe81ff32fe0dff4d40
02:29:12.494750,I,1f01bffefbfe86fed4fe7c40
02:29:12.495375,I,650185fe2eff94fe65fe7640
02:29:12.495937,I,720192fe61ffbcfeddfd2f40
02:29:12.496562,I,6c015ffe2effdffebbfdb440
02:29:12.497125,I,190158fe4effbcfe3dfe1641
02:29:12.497750,I,4c0165fe47ff64fe2efebe41
02:29:12.498312,I,780185fe61ff9afe51fecb41
02:29:12.498937,I,050198fe2eff80fe87fec741
02:29:12.499500,I,580158fe21ffd7fea1fee040
02:29:12.500125,I,5f013efe27ff73feccfee740
02:29:12.500687,I,12015ffe34ff52fef5fe8741
02:29:12.501312,I,85014bfe34ff30fe10ffaa41
02:29:12.501874,I,4c0185fe1bff28fefafe1a41
02:29:12.502500,I,ac0178fe6effc8fe04ff5b40
02:29:12.503062,I,3201b2fe4eff2fff76feea3f
02:29:12.503687,I,59016bfe1bff05ff8ffe933f
02:29:12.504250,I,4c0152fe4effa4fef4fe1c40
02:29:12.504875,I,860172fe5affe2fdfcfe6e40
02:29:12.505437,I,25018bfe1bfffafd4eff4240
02:29:12.506062,I,4c0158fe1bff22fef9fe0e40
02:29:12.506625,I,4c0198fe4eff10ff8efe0f40
02:29:12.507250,I,ff007ffe21ffc6fe3cfe9640
02:29:12.507812,I,2c0158fe41ff9afe80fe1e41
02:29:12.508437,I,0c01a5fe2eff55fe0dfe7b41
02:29:12.509000,I,52019ffe21ff50fe04fe6841
02:29:12.509625,I,450178fe3bff81fed7fd1b41
02:29:12.510187,I,92015efeeefe13ff36fe4241
02:29:12.510812,I,c50092fe54ffe4fe98fee340
02:29:12.511375,I,260178fe34ff68fee1feea40
02:29:12.512000,I,3f0145fe9aff24fe1ffff340
02:29:12.512562,I,32017ffe47ff54fe0eff9a40
02:29:12.513125,I,99013efe47ff72fe1dff5c40
02:29:12.513750,I,580158fe34ff94fe1dffc63f
02:29:12.514312,I,2c014bfe3affc1fe17ffc43f
02:29:12.514937,I,590151fe27ffb4fef9fe4a40
02:29:12.515500,I,520145fe1bff6cfed1fe8140
02:29:12.516125,I,25018cfe54ff9efe63feb040
02:29:12.516687,I,790165fe08ff62fe3cfe8640
02:29:12.517312,I,2c0178fe54ffacfe25fe9c40
02:29:12.517875,I,2c0152fe3affcbfe1bfe3841
02:29:12.518499,I,390185fe47ff48fe0cfe6d41
02:29:12.519062,I,050165fe6dff41fe5efe8c41
02:29:12.519687,I,ff0052fe21ff26fe92fe8141
02:29:12.520250,I,120192fe5aff4cfec5fe6641
02:29:12.520874,I,66010bfe21ffb0feeefe5941
02:29:12.521437,I,4c01cbfe3bff73fee4fe3e41
02:29:12.522062,I,250178fe34ff64fe02ff4841
02:29:12.522625,I,39014bfe21ff24fec6feb040
02:29:12.523249,I,450125fe2eff9ffea6fe7840
02:29:12.523812,I,0c0145fee8fe12ff80fe1f40
02:29:12.524437,I,520192fe74ffe6fea6fe6640
02:29:12.525000,I,5f0198fe81ff90feb1fe8240
02:29:12.525625,I,4c0198fe67ffd2fd27ff6240
02:29:12.526187,I,5f01b8fe4effbbfd1fff8b40
02:29:12.526812,I,390132fe2efff6fdf3fe8640
02:29:12.527375,I,d80092fe5aff73fea4fe6940
02:29:12.528000,I,050111fe2eff12ffc9febe40
02:29:12.528562,I,f9006bfe34fff2fe50fec140
02:29:12.529187,I,2b01a5fe47ffc3fe0bfe4841
02:29:12.529750,I,1801bffe2eff5ffef8fd8a41
02:29:12.530375,I,5f0152fe3bff7afee7fd7841
02:29:12.530937,I,0c013ffe47ff9ffe26fef540
02:29:12.531562,I,1f017efe0effb6fee8fe9240
02:29:12.532125,I,72017ffe4effd0fe29ffe640
02:29:12.532750,I,3f019ffe34ff91fea6ffb940
02:29:12.533312,I,650178fe74ff06fe14ff6640
02:29:12.533937,I,45017ffe47ff28fee1fe3740
02:29:12.534500,I,120158feb4ff84fe73fe1540
02:29:12.535125,I,450158fe14ffd0fe7ffe4940
02:29:12.535687,I,850178fe47ff10ffaffeb740
02:29:12.536312,I,5f0198feeefef8febffec740
02:29:12.536875,I,f200a5fe41ff89fecefebd40
02:29:12.537500,I,8b0152fe3aff20fe4cfe4c40
02:29:12.538062,I,580178fe74ff4cfefafdd740
02:29:12.538625,I,2501fefd34ff83fef6fd6341
02:29:12.539250,I,5f017ffec7ffe3fe0ffec241
02:29:12.539812,I,d800acfe4effd9fea2fecf41
02:29:12.540437,I,180172fe4dff44fed6fe9741
02:29:12.541000,I,180185fe3aff08feb3fe1b41
02:29:12.541625,I,3e0145fe6eff61fed1fe1241
02:29:12.542187,I,6c011ffe14ff5ffedffe5e41
02:29:12.542812,I,98012cfe1bff90fee5fe3e41
02:29:12.543375,I,eb008bfe4efffafec8fee440
02:29:12.544000,I,65014bfe41ff16ffcafebb40
02:29:12.544562,I,3f017ffe0effc0fe7afe1940
02:29:12.545187,I,38019ffe5affbafea0fea93f
02:29:12.545750,I,05015ffe27ff8cfe40ff4e40
02:29:12.546375,I,5f0105fe07ff52fe3dff6040
02:29:12.546937,I,f20078fe01ffa6fe67ff3d40
02:29:12.547562,I,920178fe4dff9dfe0eff7e40
02:29:12.548125,I,18019ffe0eff5afe9cfe9440
02:29:12.548750,I,380178fe5aff70fe31fe7840
02:29:12.549312,I,650178fe6dff95fe0bfed940
02:29:12.549937,I,72013ffe21ff95fed0fd8e41
02:29:12.550500,I,4b0158fe4effe4fe2cfeaa41
02:29:12.551125,I,f2009ffe3affacfe46fe8741
02:29:12.551687,I,72019ffe54ff69fe7efe0341
02:29:12.552312,I,73017ffe2effa6fe8cfeb840
02:29:12.552875,I,5f0152fe5affb5feb9fee140
02:29:12.553500,I,45016bfe2effabfef2feff40
02:29:12.554062,I,5f016bfe61ff6afe61ffa940
02:29:12.554687,I,c500b8fe5aff6ffe39ff1140
02:29:12.555250,I,8501f8fd1bff84fef5fe623f
02:29:12.555875,I,250178fe4eff9ffecafeeb3f
02:29:12.556437,I,520185fe4eff99febcfea240
02:29:12.557062,I,4c0172fefbfe7cfec6fe6740
02:29:12.557625,I,38019ffe67ff33fe91fe6740
02:29:12.558250,I,45019efe41ffa1fe1afec540
02:29:12.558812,I,b90125fe01ffd2fef6fded40
02:29:12.559437,I,2c0158fe67ff02ff07fea241
02:29:12.560000,I,4c014bfe61ffabfe68fefe41
02:29:12.560625,I,25015efe5aff4dfe9efe6e41
02:29:12.561187,I,590198fe3aff97feeefed040
02:29:12.561812,I,45015efe6eff8ffeeafe1541
02:29:12.562375,I,120132fe4eff95feb9fe2941
02:29:12.563000,I,320138fe47ffa7fec9fee540
02:29:12.563562,I,ec005efe5aff7cfe08ffdd40
02:29:12.564125,I,45013ffe1bffa3fe2bffb740
02:29:12.564750,I,120178fe3affd8fec6fe4640
02:29:12.565312,I,5f014bfe0effbbfe46feda3f
02:29:12.565937,I,ec0072fe7affa6fe8cfe1a40
02:29:12.566500,I,1f018bfe21ff7efe07fff43f
02:29:12.567125,I,5f0178fefbfe32fe14ff1e40
02:29:12.567687,I,18017efe47ff38fee7fe0341
02:29:12.568312,I,39017efe34ff22fe87fede40
02:29:12.568875,I,0c01b8fe34ff76fe5efe5240
02:29:12.569500,I,120152fe28ff65fe48fe9840
02:29:12.570062,I,050172fe27ff87fe1ffe1f41
02:29:12.570687,I,6c0158fe21ffa6fe3efe8e41
02:29:12.571250,I,520118fe01ffd0fe54feb641
02:29:12.571875,I,5201b2fe6eff6ffea2fe8141
02:29:12.572437,I,59014bfe2effa7feb6fec240
02:29:12.573062,I,3f0152fe54ffdbfe94fe6d40
02:29:12.573625,I,1201fefd21ff70fed6fe1b41
02:29:12.574250,I,4c0145fe5aff84fe47ffe540
02:29:12.574812,I,2c0192fe47ff73fe56ff9440
02:29:12.575437,I,3f0198fe67ff5afe47fff53f
02:29:12.576000,I,6c018bfe6eff80feeefeba3f
02:29:12.576625,I,32012bfe14ffd2feaefe0540
02:29:12.577187,I,0c01abfe3bff8dfe8bfe8940
02:29:12.577812,I,25013efe07ffa1fe9ffef240
02:29:12.578375,I,2c01b2fe21ff0aff6efea040
02:29:12.579000,I,3f016bfe47ffe0fed0fdd040
02:29:12.579562,I,52016bfe5bffb0fe11fe1541
02:29:12.580187,I,050198fe7affa8feebfd2041
02:29:12.580750,I,25017efe6eff5cfe13fe3e41
02:29:12.581375,I,450145fe34ff46fe80fe9041
02:29:12.581937,I,850152fe3bff90fe8bfe7c41
02:29:12.582562,I,3f0152fe4eff95fea4fe1e41
02:29:12.583125,I,19019efe27ff8ffee8febe40
02:29:12.583750,I,6601cbfe34ff6afec5fe1841
02:29:12.584312,I,660145fe34ff74fea2fec740
02:29:12.584937,I,f800ccfe54ff6dfe6dfea040
02:29:12.585500,I,6c01f8fd2efff7fe68fe9540
02:29:12.586125,I,99013efe67fff0feb1fe6340
02:29:12.586687,I,5f0165fe7aff0affdafebf3f
02:29:12.587312,I,6c015efe41ff61fe22ff2440
02:29:12.587875,I,18019efe5bff40fe60ffa740
02:29:12.588500,I,85007efe67ff08fe0aff5440
02:29:12.589062,I,eb0085fe34ffd9fdf5fea140
02:29:12.589625,I,2b015ffe14ff80fe77fe5240
02:29:12.590250,I,1f0185fe6effe0fe3dfe9840
02:29:12.590812,I,18018cfe34ffc9fe55feff40
02:29:12.591437,I,380198fe54ffb6fe28feee41
02:29:12.592000,I,eb005ffe87ff4ffe04fe6e41
02:29:12.592625,I,4b0178fe14ff55fe45fe0641
02:29:12.593187,I,72013ffe80ffa1fe67fee240
02:29:12.593812,I,25016cfe4dff14ff80fe0441
02:29:12.594375,I,6c0138fe27ffcafefcfea940
02:29:12.595000,I,25015ffe81ff60fe3fff8640
02:29:12.595562,I,5f0198feeefe02fe7aff0b40
02:29:12.596187,I,3e0172fe4dfff4fd01ffcb3f
02:29:12.596750,I,650158feeefe7ffec8fe1840
02:29:12.597375,I,2b0172fe80ffb0fee3fe7a40
02:29:12.597937,I,45016cfe27ffdefebbfe2240
02:29:12.598562,I,4501a5fe4effaffe89fe8940
02:29:12.599125,I,6c01a5fe2effc5fe51feeb40
02:29:12.599750,I,720152fe34ffabfef4fd4241
02:29:12.600312,I,52012cfe74ffa9febffd4541
02:29:12.600937,I,380138fe4eff82fe23fe6f41
02:29:12.601500,I,df0065fe74ff9bfe76fec941
02:29:12.602125,I,4501b2fe0eff94fee4fe6541
02:29:12.602687,I,780198fe14ff6ffe13ff4f41
02:29:12.603312,I,eb00bffefafe7afea0fe2141
02:29:12.603875,I,65015ffe67ff8cfea6fe1841
02:29:12.604500,I,85013ffe41ffdefe96fed440
02:29:12.605062,I,0b0132fe54ffaefea3fecd40
02:29:12.605687,I,ac016cfe07ff3affbdfe7540
02:29:12.606250,I,320185fe5aff17ffc6fe1240
02:29:12.606875,I,2b0178fea1ffa2fe00ff3640
02:29:12.607437,I,4b0178fe67ff43fe4cfffe3f
02:29:12.608062,I,7f016bfe41ff0dfe2effba3f
02:29:12.608625,I,2c017efe67ff26fe36ff7e40
02:29:12.609250,I,6c01d8fe74ff93fef4fe9840
02:29:12.609812,I,720198fee8fed1fed4fe7b40
02:29:12.610437,I,1f0198fe3bff98fe73feb040
02:29:12.611000,I,8c01abfe67ff70fe1bfed040
02:29:12.611625,I,bf00b2fe47ff6afebafd1341
02:29:12.612187,I,ec007ffe0eff5ffeaefdc241
02:29:12.612812,I,3f0165fe27ffa2fe1afee541
02:29:12.613375,I,5f0145fe0effb3fe35fe1541
02:29:12.613937,I,860185fe5affa0febcfe4d40
02:29:12.614562,I,a60118fe1bffd3fefdfe9240
02:29:12.615125,I,26015efe5aff88fec1fe6e40
02:29:12.615750,I,790151fe6eff3bfe1eff6e40
02:29:12.616312,I,ec0092fe14ff1afe22ff5e40
02:29:12.616937,I,79017ffe3bff30fe1cffb63f
02:29:12.617500,I,d80085fe2eff91fec5febd3f
02:29:12.618125,I,59019efe07ffaafeb6fefb3f
02:29:12.618687,I,f20078fe41ffddfeadfea640
02:29:12.619312,I,9201bffe41ff8afe4bfed540
02:29:12.619875,I,f800b2fe3bffb6fe39fef740
02:29:12.620500,I,720178fe34ff93feddfd5d41
02:29:12.621062,I,f8007ffe41ffa2fe9dfd5641
02:29:12.621687,I,380152fe2effbcfee8fd7641
02:29:12.622250,I,52012bfe54ff71fe88fe3441
02:29:12.622875,I,05019efe87ff0afedcfe1341
02:29:12.623437,I,1f0198fe07ff47fecbfe1841
02:29:12.624062,I,4c016cfe27ff1bfe9ffe1e41
02:29:12.624625,I,f80085fe6eff94fe71fee940
02:29:12.625250,I,12015efe67ffeffe96fe8e40
02:29:12.625812,I,5f017ffe87ff37ff8ffe4640
02:29:12.626437,I,3f011ffe54fff5fe53feb640
02:29:12.627000,I,2c012bfe4effdefe81fec240
02:29:12.627625,I,19013efe34ff62fe02ff4c40
02:29:12.628187,I,12014bfe67ff40fe30fff73f
02:29:12.628812,I,2c014bfe34ff3ffe61ff2640
02:29:12.629375,I,050132fe01ff6ffe59ff5740
02:29:12.630000,I,3201abfe2eff3ffe27ff6d40
02:29:12.630562,I,3901abfe6eff18fed2fe8240
02:29:12.631187,I,3f015efe2eff60fe44fe9540
02:29:12.631750,I,65017ffe2effe8fedcfdcc40
02:29:12.632375,I,25017ffea1ff41ffe7fdb241
02:29:12.632937,I,4c0172fe2eff6afff4fdcc41
02:29:12.633562,I,3f0198fe27fff0fe32fe3a41
02:29:12.634125,I,520112fe5aff70fe7dfeec40
02:29:12.634750,I,590145fe4eff93fe99fef640
02:29:12.635312,I,0b014bfe0eff8efe5efe0241
02:29:12.635937,I,52017ffe2eff72fef0feef40
02:29:12.636500,I,590165fe34ff45fe84ffa940
02:29:12.637125,I,39019efe94fffefd54ffc03f
02:29:12.637687,I,7201a5fedbfe2efed5fe943f
02:29:12.638312,I,320145fe4eff85feaffe1140
02:29:12.638875,I,19018bfe3bffc1fe96fe7c40
02:29:12.639500,I,5f011efe81ffc4fe84fe6240
02:29:12.640062,I,390138fe47ff33ff7efe7e40
02:29:12.640625,I,050192fe5afffafe2cfe2241
02:29:12.641250,I,520178fe47ff09ffd8fd2e41
02:29:12.641812,I,380178fe0effabfe31fe3b41
02:29:12.642437,I,2c0165fe67fff8fd69fe5641
02:29:12.643000,I,3f017ffe41ff4afee2fe0241
02:29:12.643625,I,39018bfe41ff96febdfe5341
02:29:12.644187,I,250192fe01ff6cfee8feb341
02:29:12.644812,I,2c017efe1bff7dfeeefe5941
02:29:12.645375,I,4c0145fe4eff8efea0fe9f40
02:29:12.646000,I,25010bfe61ff77fe76fe9840
02:29:12.646562,I,520158fe4effe8fe7dfe1b41
02:29:12.647187,I,1f017ffe87ff28ffbdfe0241
02:29:12.647750,I,920172fe47ff1dff0aff6240
02:29:12.648375,I,6c0152fe3bff5efe19fff33f
02:29:12.648937,I,7f0138fe6dff50fe25ffbb3f
02:29:12.649562,I,1f014bfe5aff19fe16ff3740
02:29:12.650125,I,ec003efe87ff40fef8fee740
02:29:12.650750,I,3201bffe1bffc4fe04ffca40
02:29:12.651312,I,d200a5fe07ffc2fec8feeb3f
02:29:12.651937,I,3801c5fe2effacfe84fe2640
02:29:12.652500,I,6c0185feeefe84fe01fe2241
02:29:12.653125,I,050172fe2eff5efe99fd2f41
02:29:12.653687,I,520118fe3aff58febefd9a41
02:29:12.654312,I,6c0158fe3aff62fe32febd41
02:29:12.654875,I,520158fe54ff28ff5bfe4841
02:29:12.655500,I,45017efe87ff40ff76fefb40
02:29:12.656062,I,1801bffe47ffe6fecffe5241
02:29:12.656687,I,6c0178fe54ff47fef4fee540
02:29:12.657250,I,7f0158feeefed9fdfcfe3e40
02:29:12.657875,I,1f015ffe27ff42fe42ff4240
02:29:12.658437,I,1f0192fe1aff50feeafe7740
02:29:12.659062,I,320192fe0eff7dfee1fee73f
02:29:12.659625,I,3f01ccfe27ffb6fe9bfee63f
02:29:12.660250,I,79013efe3aff89fea6fe6e40
02:29:12.660812,I,2c017efe1bff93fe6dfe9240
02:29:12.661437,I,df0098fea0ffcafe70fee740
02:29:12.662000,I,2c0172fe41ffdafe30fe7941
02:29:12.662625,I,250198fe61ff12ff28fefd40
02:29:12.663187,I,e50092fe54ffccfe4dfef140
02:29:12.663812,I,180172fe14ff5cfe86fe7341
02:29:12.664375,I,d8006bfe47ff21fea1fec241
02:29:12.665000,I,12017ffe2eff32febbfe7a41
02:29:12.665562,I,f8004bfefbfe56fecffe3941
02:29:12.666187,I,12017ffe6effc1fecafe1d41
02:29:12.666750,I,05018bfe74ffd7fe7dfeb640
02:29:12.667375,I,8c014bfefbfee1fe89fe4a40
02:29:12.667937,I,2c0198fe8dfff9fed3fe8340
02:29:12.668500,I,790178fe74ff15ff9ffe2040
02:29:12.669125,I,1f017ffe61ffc7fed2feea3f
02:29:12.669687,I,5f0152fe6effaafefffe4840
02:29:12.670312,I,52014bfe34ff43fe11ffb940
02:29:12.670875,I,b800d2fe5aff70fe3bff9a40
02:29:12.671500,I,2c0145fe34ff7ffec6fe1540
02:29:12.672062,I,ff0058fe5aff89fea1feba40
02:29:12.672687,I,e5006bfe0effc7fef0fdaa40
02:29:12.673250,I,120192fe94ffa8feacfd2341
02:29:12.673875,I,2c016bfe3aff74fe0cfe9641
02:29:12.674437,I,590138fe2eff9afeeefd5741
02:29:12.675062,I,450165fe81ff9efe35fe1441
02:29:12.675625,I,ff002bfe3aff6cfe8efe0041
02:29:12.676250,I,5f0158fe27ff6ffee0fe0641
02:29:12.676125,U,b56201075c00d81d1b12e6070a130c161d3719000000e2e906000303ea1ed5ec760636fc911a60ce0100791a0100940400006b09000000000000ffffffff0f0000000100000016de1401b800000080a81201650000005c414f210000000000000000616a
