00:02:00.879562,I,2a018cfe80ff05fe54fea140
00:02:00.812562,U,b56201075c0088a4c616e6070a140a0813371a000000f823faff0301ea1eeeb88306dbca9d1ae35f01003eac00000a07000021090000fcffffff08000000030000000900000089653c00a900000080a81201610000005c414f2100000000000000008907
00:02:00.879625,I,8b0179fe1affc9fd26fed540
00:02:00.831312,U,b5620136400088a4c616000101000000c03f0000803fea8c0c40313fbfbdd0eeaebf7eb3863f167c173f0ebfae4051f5ea3c288d9639d6e9cabb83e3913c3cc4953ac34f503d8618
00:02:00.880187,I,fe0099fe6dff1afe5afeb640
00:02:00.880812,I,6b0179fee7fec3fd3bfebb40
00:02:00.881375,I,310132fe54ff0bfe38feb640
00:02:00.882000,I,57016cfe6dfffdfd32fe8040
00:02:00.882562,I,170139fe27ff06fe37fe8640
00:02:00.883187,I,6b0199fe27ffd5fd27fe7040
00:02:00.883750,I,de0072fe53ffcefd45fe9640
00:02:00.884375,I,3e017ffe4dffe0fd4ffea740
00:02:00.884937,I,170193fe53ff02fe44fe9f40
00:02:00.885562,I,370159fe27fffbfd19fe5f40
00:02:00.886125,I,440179fe6dffe8fd15fe4440
00:02:00.886750,I,4b017ffec0ff2bfe28fe8140
00:02:00.887312,I,8b014cfee1fee7fd2dfec140
00:02:00.887937,I,310166fe80ff02fe6cfec440
00:02:00.888500,I,2b015ffe6dffe6fd30fec440
00:02:00.889062,I,240172fe40ffeffd42feb040
00:02:00.889687,I,1701a6fe60ffebfd0bfebc40
00:02:00.890250,I,110166fe73ffeafd18fef040
00:02:00.890875,I,640166fe6dff12fe38fee440
00:02:00.891437,I,0a0179fe4dff34fe23fed440
00:02:00.892062,I,040172fe3aff11fef6fdcb40
00:02:00.892625,I,110199fe4dffe4fd10feac40
00:02:00.893250,I,f10099fe67ff25fe40feb740
00:02:00.893812,I,170193fe00ffdffd20feae40
00:02:00.894437,I,2b016cfe53fff8fddefd7940
00:02:00.895000,I,370172fe47ffe8fd01fe5740
00:02:00.895625,I,310173fe40fff1fd18fe7c40
00:02:00.896187,I,3e01c0fe20ff23fec0fd8c40
00:02:00.896812,I,0a0125fe40ffd4fdf1fd9840
00:02:00.897375,I,7e01b3fe60fffdfd25fe9c40
00:02:00.898000,I,240166fe20fff9fd2cfea040
00:02:00.898562,I,78014cfe07ffcefd29fe6e40
00:02:00.899187,I,1e0179fe4dffd3fd28fea040
00:02:00.899750,I,17018cfe4dff05fe0efeb740
00:02:00.900375,I,fe0099fe5afffafd37feb040
00:02:00.900937,I,3e01b3fe73ff34fe39fea340
00:02:00.901562,I,3701ccfe5afffefd51fec240
00:02:00.902125,I,1101acfe2dfffcfd40fe9b40
00:02:00.902750,I,38017ffe20ff0cfe2bfec640
00:02:00.903312,I,37017ffea0ffcffd2efea940
00:02:00.903937,I,51017ffe1aff1dfe96fe8640
00:02:00.904500,I,370179fe4dfffefd34fea040
00:02:00.905125,I,51015ffe9affe0fd26fe7840
00:02:00.905687,I,2b017ffe5affccfd31fe5c40
00:02:00.906312,I,510179fe27ffd0fd68fe8340
00:02:00.906875,I,44013ffe66ffc1fd18fecc40
00:02:00.907500,I,640152fe3afffcfd33fe9a40
00:02:00.908062,I,580152fe47ffd4fd2bfed240
00:02:00.908625,I,6b019ffe1affe3fd40fec040
00:02:00.909250,I,1e0146fe1affc6fd42fe8840
00:02:00.909812,I,1e0199fe73ffaafd30fec240
00:02:00.910437,I,84013ffe60ff19fe0efeb840
00:02:00.911000,I,840159fefafe0efe3afee840
00:02:00.911625,I,64016cfe86ffd7fd20fed440
00:02:00.912187,I,7e015ffe2dff1dfe46fed440
00:02:00.912812,I,51016cfe4dffe2fd5ffec140
00:02:00.913375,I,5101c6fe7aff0afe3afed040
00:02:00.914000,I,710172fe34ffcafdd9fda940
00:02:00.914562,I,910180fe14ff06fe17fe9040
00:02:00.915187,I,2b015ffe73ff00fe0bfe8e40
00:02:00.915750,I,3e015ffe60fffdfd1dfe5840
00:02:00.916375,I,170152fe47ff2cfe1afe8e40
00:02:00.916937,I,5e018cfe2dffeafd18fe8e40
00:02:00.917562,I,5e0159fe0dff0cfe1cfe8d40
00:02:00.918125,I,6b0173fe80fff9fd24fe7540
00:02:00.918750,I,440186fe73ffd8fd34fea140
00:02:00.919312,I,980159fe1afff0fd1afe9b40
00:02:00.919937,I,31013ffe3afffefd20fe9e40
00:02:00.920500,I,4b01c6fe47ff1ffe53feba40
00:02:00.921125,I,4b0166fe40ff01fe5dfe9140
00:02:00.921687,I,310193fe2dffcffd55feba40
00:02:00.922312,I,57012cfe8dfff7fd42fef040
00:02:00.922875,I,71018cfe2dfff7fd2efe9b40
00:02:00.923500,I,8b014cfe66ff04fe63fe9740
00:02:00.924062,I,370186fe53ff0efe51fea640
00:02:00.924687,I,1e016cfe47ffb3fd24fedb40
00:02:00.925250,I,4b0199fe53ffcafd37fec040
00:02:00.925875,I,510145fe1affd7fd06fe9740
00:02:00.926437,I,1701b2fe3afff1fd0dfe6b40
00:02:00.927062,I,5e0152fe5affe2fd38fe9b40
00:02:00.927625,I,37016cfe33fff8fdf8fda440
00:02:00.928187,I,6b0159fe47fffffd45fec340
00:02:00.928812,I,4b0185fe33ff09fe32fe9a40
00:02:00.929375,I,2b0173fe40ff13fe60feaf40
00:02:00.930000,I,31018cfe4dfff1fd2dfe8a40
00:02:00.930562,I,4b0159fe59fffffd65fee740
00:02:00.931187,I,5e016cfe47ff12fe24fef040
00:02:00.931750,I,b10166fe34fff3fd17fee040
00:02:00.932375,I,370172fe40ffeefd37fec640
00:02:00.932937,I,380186fe6dffeefd2afeb940
00:02:00.933562,I,5e0146fe2dffe2fd2dfeb540
00:02:00.934125,I,1e017ffe73ff0cfe10fe8240
00:02:00.934750,I,4b017ffe46ff02fee8fda640
00:02:00.935312,I,37014cfe2dfffefd04feca40
00:02:00.935937,I,6b0186fe5affcdfd0ffe9f40
00:02:00.936500,I,4b014cfe4dfff2fd51fe8040
00:02:00.937125,I,370179fe4dff1afefafdad40
00:02:00.937687,I,370145fe53ff1afee3fd8f40
00:02:00.938312,I,440166fe53ffd1fddafd5c40
00:02:00.938875,I,440166fe67ff01fefffdb840
00:02:00.939500,I,51018cfe5affbefd3ffeb040
00:02:00.940062,I,3e017ffef3feebfd4cfe8740
00:02:00.940687,I,040166fe2dff18fe34fe8a40
00:02:00.941250,I,31017ffe5aff13fe2afe8040
00:02:00.941875,I,2b0166fe40ff04fe28fec040
00:02:00.942437,I,710199fe40ffc8fd52fea340
00:02:00.943062,I,3e0166fe4dffdbfd25fedf40
00:02:00.943625,I,ab018cfe66fff9fd66fee140
00:02:00.944250,I,240193fe53ffc9fd6ffeab40
00:02:00.944812,I,8b014cfe2dffcbfd43fe9c40
00:02:00.945437,I,7e018cfe34ffeffd4efe6140
00:02:00.946000,I,310199fe5affd4fd2ffea340
00:02:00.946625,I,2b0166fe07ffd3fdfffdf840
00:02:00.947187,I,2b0193fe53ffd0fd1dfea440
00:02:00.947812,I,58017ffe47ffd2fd28febc40
00:02:00.948375,I,310153fe00ffdafd40fec840
00:02:00.948937,I,0b017ffe46fffffd48febe40
00:02:00.949562,I,58014cfe20ff46fe40fe8840
00:02:00.950125,I,2b0179fe33ffd9fd2ffe8e40
00:02:00.950750,I,1101a6fe4dffe4fd34feb740
00:02:00.951312,I,780126fe14ff22fe0ffeb040
00:02:00.951937,I,4b0153fe47fff4fd05fe8a40
00:02:00.952500,I,57012cfe5aff0efefcfdb840
00:02:00.953125,I,e40052fe13ffeffd18fecf40
00:02:00.953687,I,370152fe1aff08fe31fe9c40
00:02:00.954312,I,2b01a6fe80ff0cfe35feba40
00:02:00.954875,I,1e019ffe07ffe0fd1dfedf40
00:02:00.955500,I,3701b9fe99ff08fe1cfec540
00:02:00.956062,I,3e0179fe34ff0efe6ffead40
00:02:00.956687,I,fe006cfe4dff30fe40feab40
00:02:00.957250,I,910133fe4dfff2fd34feaf40
00:02:00.957875,I,1e01b3fe4dffcefd24fe8240
00:02:00.958437,I,2a0159fe40fff9fd4cfe8a40
00:02:00.959062,I,fe005ffe13fff9fd08feac40
00:02:00.959625,I,fe0093fe3affe8fdeefdbc40
00:02:00.960250,I,37019ffe73ffd4fd05feb240
00:02:00.960812,I,3e01a6fe33fff0fd1afea440
00:02:00.961437,I,ea008cfe73fff9fd40fea240
00:02:00.962000,I,0a0186fe40ffe9fd60fe8d40
00:02:00.962625,I,44014cfe5affcefd0ffea540
00:02:00.963187,I,3e01acfe53ffd8fd2cfec040
00:02:00.963812,I,8b0133fe73ff02fe2cfec840
00:02:00.964375,I,6b0166fe4dff0efe61fe5c40
00:02:00.965000,I,91019ffeedfe1cfe27fe5a40
00:02:00.965562,I,7e014cfe4dffe3fd4bfea740
00:02:00.966187,I,5101c6fe40ffbefd30fe6640
00:02:00.966750,I,7e0166fe47fff8fd5cfe9440
00:02:00.967375,I,2b0173fe80ff1afe5afe9b40
00:02:00.967937,I,77012cfe27ff06fe41feaa40
00:02:00.968500,I,3e0199fe60ffd7fd47fef040
00:02:00.969125,I,5e016cfe40ffdefd37feda40
00:02:00.969687,I,5101b3fe33ff01fe3cfeb540
00:02:00.970312,I,5e0192fe40fff0fd33feda40
00:02:00.970875,I,3e0152fe7aff05fe1efee140
00:02:00.971500,I,2b0199fe3affe4fd1dfeca40
00:02:00.972062,I,710132fe66ff04fef7fd1e41
00:02:00.972687,I,2a01a6fe27ff07fef0fdc240
00:02:00.973250,I,c50112fe47ff03fe2cfeab40
00:02:00.973875,I,6b0152fe3afffffd12fec640
00:02:00.974437,I,4b014cfe33ffd9fd1cfea840
00:02:00.975062,I,3e0172fe5affe9fd47fe5e40
00:02:00.975625,I,4b0179fe34ff08fe68fe7140
00:02:00.976250,I,6b0172fe40ff0ffefcfdae40
00:02:00.976812,I,1e015ffe73ff04fef9fdc340
00:02:00.977437,I,510179febaffd8fd0bfeba40
00:02:00.978000,I,0b019ffe34ff13fe20feba40
00:02:00.978625,I,1701a6fe40ff06fe29fe9140
00:02:00.979187,I,04017ffe80ffd7fd1cfecd40
00:02:00.979812,I,64015ffe40fff1fdf5fd9040
00:02:00.980375,I,fe0072fe60ffddfd1dfebe40
00:02:00.981000,I,510132feedfe20fe14fed740
00:02:00.981562,I,24019ffe47ff00fe28fec440
00:02:00.982187,I,9e0132fe1affe3fd46feb340
00:02:00.982750,I,2b017ffe60ffcffd80fea240
00:02:00.983375,I,8b0165fe53ff11fe24feba40
00:02:00.983937,I,f700c6fe53ffacfd38fe8c40
00:02:00.984562,I,310145fe14ffd1fd1cfe8740
00:02:00.985125,I,4b0146fe1affb2fd37fe9040
00:02:00.985750,I,51017ffe53ffe1fd29feb940
00:02:00.986312,I,6b0185fe27ffcdfd40fea240
00:02:00.986937,I,2b0152fe60ff97fd48fe5340
00:02:00.987500,I,2b0159fe47ffebfd25fe7840
00:02:00.988125,I,710159fe00ff0ffef4fda640
00:02:00.988687,I,24016cfe66ff1efe0bfedd40
00:02:00.989250,I,91017ffe40ff18fe3afef040
00:02:00.989875,I,040166fe60ff1afe40fefb40
00:02:00.990437,I,c4014cfe20fffefd25feca40
00:02:00.991062,I,d70073fe2dff18fe1afef940
00:02:00.991625,I,38014cfe27ff11fe59fee840
00:02:00.992250,I,ea0099fe67ff14fe34fe0441
00:02:00.992812,I,2b014cfea0ffe1fd11fed640
00:02:00.993437,I,910159fe27ff04fe14fedb40
00:02:00.994000,I,710179fe34ff20fe2efebd40
00:02:00.994625,I,51016cfe21ff20fe1cfea140
00:02:00.995187,I,4b01a6fe2dfff1fd34fed240
00:02:00.995812,I,3e018cfe27ff0afef9fdaa40
00:02:00.996375,I,3e0199fe54ffecfd14fead40
00:02:00.997000,I,1e014cfe33ffccfd31fea240
00:02:00.997562,I,3e0125fe53ffdbfd0dfe8040
00:02:00.998187,I,2401b2fee1fec5fde0fdb540
00:02:00.998750,I,f70059fe47ff44feeffd8a40
00:02:00.999375,I,38017ffe20ff2ffef5fd8a40
00:02:00.999937,I,240179fe93ff0cfe25febd40
00:02:01.000562,I,240159fe20fffdfd66feaa40
00:02:01.001125,I,3e019ffe47ff13fe32fec640
00:02:01.001750,I,3e0199fe60ffeefd38fed840
00:02:01.002312,I,5e0199fe14ff2dfe52fecc40
00:02:01.002937,I,310186fe53ff25fe3efea240
00:02:01.003500,I,fe00bffe2dfff3fd35fecb40
00:02:01.004125,I,6b018cfe07ff15fe62fecb40
00:02:01.004687,I,5101acfe34ff1cfe69fe7f40
00:02:01.005312,I,5e018cfe5afffafd3cfe8440
00:02:01.005875,I,0b0152fe60ff25fe3bfeaa40
00:02:01.006500,I,4b0139fe53ffd8fd1efe7d40
00:02:01.007062,I,4b014cfe40fffafd35fe9a40
00:02:01.007687,I,85016cfe40ffb7fd3bfeae40
00:02:01.008250,I,4b01d9fe7affbcfd2efe5b40
00:02:01.008875,I,640179fe0dffd8fd28fe9640
00:02:01.009437,I,e400bffe8dff1afe55fece40
00:02:01.010062,I,7e018cfe33ffe6fd46feab40
00:02:01.010625,I,4401a6fe47fff3fd4efecc40
00:02:01.011187,I,580172fe34ffdcfd65fe0841
00:02:01.011812,I,2b0159fe73ffe8fd3ffeb840
00:02:01.012375,I,4b0172fe4dffedfd4efece40
00:02:01.013000,I,18014cfe53ff30fe33fed640
00:02:01.013562,I,6b0186fe54ff2ffe0efeaa40
00:02:01.014187,I,44015ffef4fefbfd42fee640
00:02:01.014750,I,78017ffe7affe9fd25fede40
00:02:01.015375,I,6b014cfe0dffd1fd2bfe9d40
00:02:01.015937,I,640179fe53ff14fe43fedc40
00:02:01.016562,I,71017ffe2dffe5fd49fec440
00:02:01.017125,I,3701b9fe8dfff4fd1dfe9740
00:02:01.017750,I,e40066fe54fff4fdeffdbf40
00:02:01.018312,I,3e015ffe54ff35fe2ffee240
00:02:01.018937,I,f7007ffe4dff23fef0fd8240
00:02:01.019500,I,640132fe14fff4fd2afea540
00:02:01.020125,I,4b017ffe4dff0cfe0cfeea40
00:02:01.020687,I,2b011ffe5aff1bfe32feb340
00:02:01.021312,I,de00a6fe67ff0afe32fee640
00:02:01.021875,I,440158feedfe17fe19fe9740
00:02:01.022500,I,e4004cfe5aff2dfe43feb240
00:02:01.023062,I,4b016cfe4dffe2fd46feb840
00:02:01.023687,I,440159fe34ff0dfe10fea040
00:02:01.024250,I,840179fe2dffd5fd63fec240
00:02:01.024875,I,510172fe73ffdcfd74fee240
00:02:01.025437,I,9e0185fe3affe6fd14fe7d40
00:02:01.026062,I,51014cfe1affeefd3ffe9340
00:02:01.026625,I,380199fe2dff1cfe78fec440
00:02:01.027250,I,44017ffe87ffeafd3efe8c40
00:02:01.027812,I,31019ffe54ff01fe2efea440
00:02:01.028437,I,37016cfe4dfffcfd6cfec840
00:02:01.029000,I,310172fe47ffc2fd57fe8e40
00:02:01.029625,I,910192fe60ffe1fd7bfeb440
00:02:01.030187,I,3e016cfe33ff0ffe71fee540
00:02:01.030812,I,3101a6fe4dffe8fd3ffeb940
00:02:01.031374,I,1e016cfe3aff1efe0afebf40
00:02:01.031937,I,310173fe86ff15fe5cfed140
00:02:01.032562,I,2401b9fe4dffc6fd4bfebe40
00:02:01.033125,I,7e0186fe27fff8fd3afec340
00:02:01.033750,I,1e016cfe4dff00fe20fee440
00:02:01.034312,I,440165fe86ffc8fd22fe9540
00:02:01.034937,I,1e0172fe07ff23fe27fed940
00:02:01.035500,I,18014cfe34ff31fe49fe0841
00:02:01.036125,I,510179fe60ffe2fd4dfe7f40
00:02:01.036687,I,51016cfe67fff8fd48feb540
00:02:01.037312,I,0b0166fe3affe2fd43fee440
00:02:01.037875,I,3101bffe20ff0cfe25fe9a40
00:02:01.038500,I,64015ffe47fff3fd5bfec340
00:02:01.039062,I,840172fe00fffbfd2ffeb940
00:02:01.039687,I,7e01bffe4dffd1fd24fe8b40
00:02:01.040250,I,4b015ffe47ff30fe30febd40
00:02:01.040875,I,51011ffe73ff03fe56fee540
00:02:01.041437,I,1e01dffe47fff6fd02fee940
00:02:01.042062,I,fe004cfe20ff07fe27fed140
00:02:01.042625,I,0401acfe4dff34fe31fec540
00:02:01.043250,I,8b015ffe47ff1efe3bfe8140
00:02:01.043812,I,640166fe4dff21fe08fee540
00:02:01.044437,I,5e0165fe60ffddfd73fef840
00:02:01.045000,I,64018cfe07fff9fd18fe8040
00:02:01.045625,I,5e0152fe4dffdefd64feb640
00:02:01.046187,I,44015ffe4dffe3fd50fec140
00:02:01.046812,I,31015ffe5affd5fd33fea440
00:02:01.047375,I,110165fe2dff07fe61fead40
00:02:01.048000,I,4b0152fe33ff07fe2efe9a40
00:02:01.048562,I,170185fe60ffd4fd4dfe8640
00:02:01.049187,I,310172fe27ffdbfd3ffe9840
00:02:01.049750,I,2b0199fe2dfffcfd59fea640
00:02:01.050375,I,4b013ffe53fff7fd35fe9040
00:02:01.050937,I,510199fe3aff04fe41fed140
00:02:01.051562,I,370145fe40fff5fd09fed340
00:02:01.052125,I,4b0186fe67ff07fe13fe8340
00:02:01.052687,I,310185fefafef0fd3dfef340
00:02:01.053312,I,310166fe66ffc6fd0efefb40
00:02:01.053875,I,84018cfe53ffe6fd0afea140
00:02:01.054500,I,1101bffe5aff2cfe63fee440
00:02:01.055062,I,44015ffe20ff16fe46febf40
00:02:01.055687,I,6b018cfe7aff0afe01fea840
00:02:01.056250,I,580165fe40ff1efe1efe0041
00:02:01.056875,I,6b013ffe01fffafd00feb340
00:02:01.057437,I,e400acfe47ffd5fd33fe7140
00:02:01.058062,I,18013ffe2dfffafdf3fda540
00:02:01.058625,I,58015ffe27ffcffd40fea740
00:02:01.059250,I,b10145fe34fff3fd21fe7f40
00:02:01.059812,I,51017ffe7affccfd21feec40
00:02:01.060437,I,2b0172fe8dfffbfd17feb840
00:02:01.061000,I,6b01acfe8dff15fe0afeba40
00:02:01.061625,I,5e0152fe2dff08fe20fec240
00:02:01.062187,I,0b0165fe67fff1fd4dfeb040
00:02:01.062812,I,040132fe1aff0ffe1bfe9940
00:02:01.063375,I,440179fe80ffbafd14fed340
00:02:01.064000,I,2b015ffe2dff2afe37feb440
00:02:01.064562,I,ab014cfe53ff09fe65feaf40
00:02:01.065187,I,51014cfe47ff00fe64feb940
00:02:01.065750,I,4b018cfe67ff15fe5afe8640
00:02:01.066375,I,2b015ffe33ff0dfe2efe9440
00:02:01.066937,I,110199fe40ffd8fd2cfeb340
00:02:01.067562,I,91014cfe27ff08fe00fe9240
00:02:01.068125,I,380158fe66ffd2fd41fe8b40
00:02:01.068750,I,37016cfe34ffbafd5bfec840
00:02:01.069312,I,f80093fe8dfffefd3dfea540
00:02:01.069937,I,3e0185fe2dff27fe38feff40
00:02:01.070500,I,240199fe13ff1afe31fed140
00:02:01.071125,I,170166fe33ffe7fd2dfea840
00:02:01.071687,I,2b01acfe60fff9fd11fec240
00:02:01.072250,I,11015ffe1affdafd4ffe0841
00:02:01.072875,I,110165fe53ff0cfeedfdf040
00:02:01.073437,I,ab0192fe3affe8fdf7fd0841
00:02:01.074062,I,2b017ffe6dff16fe54fe0041
00:02:01.074625,I,57016cfe80ff1efe2bfe9c40
00:02:01.075250,I,3e017ffe54fffefd20fe7c40
00:02:01.075812,I,510172fe93fff9fd18feda40
00:02:01.076437,I,440172fe01ffbffd32fe9940
00:02:01.077000,I,f1008cfe80ffdefd09feab40
00:02:01.077625,I,4b0145fe27ff08fe14feb340
00:02:01.078187,I,a4017ffe3aff20fe03fec340
00:02:01.078812,I,5e015ffe27ff02fe0ffe9d40
00:02:01.079375,I,5e01c6fe5aff06fe31fec840
00:02:01.080000,I,2b01a6fe73ff1cfe29feb140
00:02:01.080562,I,240145fe3afffafd2dfec440
00:02:01.081187,I,f100a6fe47ff0dfe01fedd40
00:02:01.081750,I,5e0105fe5aff1dfe40fede40
00:02:01.082375,I,f100b3fe40ff2dfe33fec640
00:02:01.082937,I,770119fe53ff22fe20fed040
00:02:01.083562,I,2401a6fe3affe4fd46fe9040
00:02:01.084125,I,570186fe5afff6fd1efe9940
00:02:01.084750,I,910199fe4dff0afe67fe9040
00:02:01.085312,I,640152fe46ff16fe42fe8340
00:02:01.085937,I,770179fe40ffdbfd38fea940
00:02:01.086500,I,110172fe60ffa7fd29fe0f41
00:02:01.087125,I,370159fe53ffd7fd77fee040
00:02:01.087687,I,51017ffe80ff05fe52fe8840
00:02:01.088312,I,840199fe07fff7fd57febb40
00:02:01.088875,I,0b017ffe20ff13fe8bfe7d40
00:02:01.089500,I,51019ffe00ff10fe4cfea440
00:02:01.090062,I,310173fe5affc6fd3afe9340
00:02:01.090687,I,17017ffe0dffe1fd1bfe9b40
00:02:01.091250,I,3e0186fe53ff0efe2dfef640
00:02:01.091812,I,6b0166fe20ffeefd3ffeb940
00:02:01.092437,I,d70099fe33ffe8fd18feeb40
00:02:01.093000,I,5801acfe40ffe9fd2dfeba40
00:02:01.093625,I,11017ffe47ffeffd47fea840
00:02:01.094187,I,38018cfe40ffeffd66fedb40
00:02:01.094812,I,370179fe5aff10fe21fec540
00:02:01.095375,I,0a0146fe34fff8fd0afef240
00:02:01.096000,I,4b0193fe60fffbfd17fe0341
00:02:01.096562,I,370193fe93ff0dfe12fed240
00:02:01.097187,I,3e017ffe53ffe3fd4ffede40
00:02:01.097750,I,440159fe27ffd6fd1cfedc40
00:02:01.098375,I,f80080fe33fff4fd07feba40
00:02:01.098937,I,24016cfe3aff0bfe00febf40
00:02:01.099562,I,2a01c6fe2dffe5fd0efec040
00:02:01.100125,I,370153fe93ffd7fd13feb640
00:02:01.100750,I,310166fe40ffd1fdeffdad40
00:02:01.101312,I,0b0172fe3afff0fddafdab40
00:02:01.101937,I,310159fe33ffe8fd22fea840
00:02:01.102500,I,3e0166fe73ff0afe2ffe9340
00:02:01.103125,I,37013ffe27ff18fe1afed140
00:02:01.103687,I,4b0172fe60ffd1fd28feb240
00:02:01.104312,I,2b017ffe53ffe6fd28fed040
00:02:01.104875,I,6b014cfe86ff4afef4fdc840
00:02:01.105500,I,710179fe27ff0afe2efeb240
00:02:01.106062,I,38016cfe73ffe5fd45fe9a40
00:02:01.106687,I,37018cfe5affcdfd2bfeb640
00:02:01.107250,I,510139fe1affecfd2afea540
00:02:01.107875,I,570192fe4dff3cfe4dfea040
00:02:01.108437,I,04014cfe4dfffdfd48fe9d40
00:02:01.109062,I,24019ffe86ff18fe4ffe9740
00:02:01.109625,I,510199fe33ffaffd50fe7f40
00:02:01.110187,I,1e017ffe60ffd3fd55fec240
00:02:01.110812,I,7e0145fe1aff21fe2ffeae40
00:02:01.111375,I,44017ffe2dff1bfe3afea240
00:02:01.112000,I,38016cfe1afffbfd0cfedc40
00:02:01.112562,I,780152fe4dff1dfe2bfedf40
00:02:01.113187,I,37015ffe14ff0cfe2dfebf40
00:02:01.113750,I,24015ffe5aff12fe15feec40
00:02:01.114375,I,0b01a6fe27ff21fe48fece40
00:02:01.114937,I,85017ffe3aff0dfe41feab40
00:02:01.115562,I,58017ffe60ff1dfe0cfe9c40
00:02:01.116125,I,24018cfe2dff13fe0ffee140
00:02:01.116750,I,51011ffe47fffcfd04feb940
00:02:01.117312,I,3e01a5fe8dffd4fd1cfe9940
00:02:01.117937,I,440159fe1affc7fd46fea440
00:02:01.118500,I,cb00a6fe6dfff7fd2cfe9f40
00:02:01.119125,I,1e0192fe33ff11fe12feab40
00:02:01.119687,I,1e01b9fe5affd9fd2bfe8740
00:02:01.120312,I,38019ffe3afffefd38fea240
00:02:01.120875,I,510199fe40fffbfd14feb040
00:02:01.121500,I,65013ffe1affdcfd12febf40
00:02:01.122062,I,110199fe6dff17fe32fec540
00:02:01.122687,I,380172fe53fff5fd2ffeb640
00:02:01.123250,I,fe0072fe7aff02fe30fe9540
00:02:01.123875,I,6501acfe0dff20fe2afeca40
00:02:01.124437,I,9801a5fe2dff12fe20fea440
00:02:01.125062,I,0b0185fe47fffbfd1ffec840
00:02:01.125625,I,240146fe5affe9fd28feac40
00:02:01.126250,I,f100b2fe2dff14fe6dfe5c40
00:02:01.126812,I,240152fe4dff1efe0bfe7c40
00:02:01.127437,I,ca0099fe47ff11fe11fe9940
00:02:01.128000,I,840152fe6dff11fe20fe6f40
00:02:01.128625,I,2b0192fe34ff07fe8afe7940
00:02:01.129187,I,040186fe7afff2fd4afe9840
00:02:01.129812,I,640172fe54ffd2fd1cfea840
00:02:01.130375,I,1e016cfe5affeafd23fe9e40
00:02:01.131000,I,240192fe4dffb2fd04fec940
00:02:01.131562,I,17019ffe34fff2fd12feab40
00:02:01.132125,I,7e013ffe47ff1dfe78fed840
00:02:01.132750,I,4b0193fe0dff2cfe6dfec740
00:02:01.133312,I,d1009ffe80fff7fd42fed140
00:02:01.133937,I,1e016cfe53ff5ffe0cfee840
00:02:01.134500,I,be0165fe47ff24fe64fef440
00:02:01.135125,I,650179fee0fefdfd22feef40
00:02:01.135687,I,11019ffe67ff1efe4efe1041
00:02:01.136312,I,710159fe20ff02fe4efec640
00:02:01.136875,I,450159fe5aff12fe18fe9a40
00:02:01.137500,I,2b015ffe47ff31fe23fe9440
00:02:01.138062,I,240199fe4dff41fee9fdb540
00:02:01.138687,I,450185fe07ffc7fdf1fd8b40
00:02:01.139250,I,5e0132fe33fffcfde7fdb840
00:02:01.139875,I,4b016cfe60ffedfd1efe9d40
00:02:01.140437,I,3e0185fe47ffedfd15fea940
00:02:01.141062,I,310152fe73ffd6fd4efeaa40
00:02:01.141625,I,1e0199fe40fff7fd3efe8540
00:02:01.142250,I,9e0172fe5aff46fe51fe9840
00:02:01.142812,I,2b0185fe86ffe3fd38fecb40
00:02:01.143437,I,4b018cfe0dff03fe0ffebc40
00:02:01.144000,I,910179fea0ffe1fd7dfe9540
00:02:01.144625,I,180192fe3afffefd4ffe9b40
00:02:01.145187,I,3e0179fe66ff04fe25fe8b40
00:02:01.145812,I,440173fe1afffefd29feb840
00:02:01.146375,I,51014cfe66ff4ffe42fea940
00:02:01.147000,I,510166fe27ff97fd51feb640
00:02:01.147562,I,2b0152fe8dffbdfd75fedc40
00:02:01.148187,I,38018cfe2dffdefd7efeee40
00:02:01.148750,I,5e019ffe54ffe2fd3afed240
00:02:01.149375,I,110152fe7affecfd37fedc40
00:02:01.149937,I,4b0165fe40ffecfd3bfef840
00:02:01.150562,I,7101fffd40ffd5fd3dfeb040
00:02:01.151125,I,11016cfe93fff2fd62fe9c40
00:02:01.151750,I,2b016cfe20ffcafd4efed440
00:02:01.152312,I,7e0152fe53ffe4fd43fea840
00:02:01.152875,I,f1006cfe4dfff4fd50fecf40
00:02:01.153500,I,240166fe5aff21fe5ffef340
00:02:01.154062,I,78016cfefafe0efe4dfec840
00:02:01.154687,I,7101a6fe21ffa9fd41fed240
00:02:01.155250,I,2b0159fe66ffeafd4afed440
00:02:01.155875,I,440192fe5aff0cfe33fed040
00:02:01.156437,I,5e015ffed4fefcfd49fed440
00:02:01.157062,I,170186fe7aff04fe6bfeee40
00:02:01.157625,I,310145fe14ffb0fd21fe9e40
00:02:01.158250,I,44017ffe6dffdcfd35fec240
00:02:01.158812,I,170178fe7aff02fe26feec40
00:02:01.159437,I,25016cfe4dffb3fd22fe7140
00:02:01.160000,I,3e01bffe54fff9fd24fe7540
00:02:01.160625,I,1801dffe73ff28fe3afee440
00:02:01.161187,I,370179fe34ffd4fdfcfd8d40
00:02:01.161812,I,f70072fe53ffe3fd32fea340
00:02:01.162375,I,44013ffe27ffdcfd60fe8d40
00:02:01.163000,I,1e016cfe27ffc8fd1cfe5c40
00:02:01.163562,I,11016cfe5affedfd2efe7140
00:02:01.164187,I,91015ffe47fff3fd43fed340
00:02:01.164750,I,2b017ffe4dfffcfd01fea240
00:02:01.165375,I,ab016cfe6dffeffd0bfed740
00:02:01.165937,I,44016cfe67ff22fe70fec240
00:02:01.166562,I,780179fe53ff27fe34fe8b40
00:02:01.167125,I,310139fe5afffcfd70fecc40
00:02:01.167750,I,71015ffe47ff0ffe39feba40
00:02:01.168312,I,71013ffe20ffecfd1cfe9440
00:02:01.168937,I,370152fe60ff15fe2efead40
00:02:01.169500,I,5e0145fe14ff01fe44feb340
00:02:01.170125,I,31018cfe60ffe8fd64fe9e40
00:02:01.170687,I,18016cfe1affddfd1bfede40
00:02:01.171312,I,2b0172fe14ffccfd26feac40
00:02:01.171875,I,110186fe40ffbbfd44fe9e40
00:02:01.172500,I,fe00a6fe47ffdafd65fee840
00:02:01.173062,I,2b0199fe3aff14fe38fed640
00:02:01.173625,I,6b01a6fe66ffddfd08fe9440
00:02:01.174250,I,5e018cfe27ffd0fd38fed640
00:02:01.174812,I,0b01ccfe60ffd2fd44fe0f41
00:02:01.175437,I,640172fe5aff0afe18feca40
00:02:01.176000,I,4b0186fe4dffe4fd2afe1741
00:02:01.176625,I,440172fe01fffdfd38feec40
00:02:01.177187,I,1e016cfe54ff00fe2dfe9a40
00:02:01.177812,I,310165fe73ffd6fd15fee040
00:02:01.178375,I,25016cfe3affe7fdf2fdb240
00:02:01.179000,I,0501b2fe21ff02fe1efe9b40
00:02:01.179562,I,1e018cfe07ff2bfe4bfee640
00:02:01.180187,I,250172fe34fff3fd44fe7b40
00:02:01.180750,I,9e012cfef4fef2fde1fd6f40
00:02:01.181375,I,6501a5fe27fff8fd0efebe40
00:02:01.181937,I,f1007ffe67ff0afe49fe7540
00:02:01.182562,I,580186fe4dfff0fd1cfe6a40
00:02:01.183125,I,5e0125fe60ff19fe22feab40
00:02:01.183750,I,380172fe47ff09fe17fe6940
00:02:01.184312,I,6b0179fe47ff11fe10fed840
00:02:01.184937,I,25017ffe47ff37fe3bfede40
00:02:01.185500,I,51013ffe27ffe7fd68feaf40
00:02:01.186125,I,710172fe60ff06fe96fee540
00:02:01.186687,I,fe00a5fea0ffe8fd2efecc40
00:02:01.187312,I,4b017ffe14ff22fe2cfee440
00:02:01.187875,I,5e01b2fe4dff11fe42fe9840
00:02:01.188500,I,4b0172fe2dffd0fd49febe40
00:02:01.189062,I,5e0145fe3afffffd54fe9640
00:02:01.189687,I,0b0199fe7aff0ffe7bfeca40
00:02:01.190250,I,510159fe4dff0ffe3ffe8440
00:02:01.190875,I,110186fe27ffe4fd39fe9840
00:02:01.191437,I,3101bffe34ffdffd59fea440
00:02:01.192062,I,78012cfe0dff07fe40feeb40
00:02:01.192625,I,3e0199fe80ffb2fd40febb40
00:02:01.193250,I,4b012cfe6dff0ffefbfddc40
00:02:01.193812,I,2b0186fe20ff9bfd28fee240
00:02:01.194375,I,710179fe60fffffd1afeaf40
00:02:01.195000,I,4b017ffe4dff0ffe55fec040
00:02:01.195562,I,3e015ffe3aff5afe36fee240
00:02:01.196187,I,6b0185fe3affeefd50fece40
00:02:01.196750,I,580152fe2dff38fe58fefa40
00:02:01.197375,I,7e0139fe4dff31fe4ffeca40
00:02:01.197937,I,5e0159fe73fff5fd32fea340
00:02:01.198562,I,710152fe33fff7fd51feae40
00:02:01.199125,I,2b01b2fe60ff12fe30fea140
00:02:01.199750,I,380172fe4dffccfd62fe9840
00:02:01.200312,I,6b0159fe40fffffd35feaa40
00:02:01.200937,I,1e0166fe73ffe8fdfafda740
00:02:01.201500,I,38017ffe7affe6fdf9fdc240
00:02:01.202125,I,1e018cfe3aff27fe14fe9040
00:02:01.202687,I,4b0166fe40ffe4fd31fe8a40
00:02:01.203312,I,0b0186fe40fff3fd17fecf40
00:02:01.203875,I,6b0199fe73ffcdfd0efed440
00:02:01.204500,I,3101ccfe34ff22fe5dfea040
00:02:01.205062,I,f70085fe40ff26fe7cfeb940
00:02:01.205687,I,3101bffe20ff00fe46fe1241
00:02:01.206250,I,0a015ffe5afffcfd26fed240
00:02:01.206875,I,1e0172fe60ff36fe54fecb40
00:02:01.207437,I,37016cfe5afff6fd3cfed340
00:02:01.208062,I,180192fe46ff19fe50feb040
00:02:01.208625,I,18017ffe3aff3bfe52fe8640
00:02:01.209250,I,11015ffeedfe12fe37fe7d40
00:02:01.209812,I,640192fe47ffe4fd1ffe9640
00:02:01.210437,I,58019ffe40ffdffd44fe8c40
00:02:01.211000,I,6b0185fe3affc6fd27febe40
00:02:01.211625,I,51015ffe2dffbafd2afebb40
00:02:01.212187,I,1e014cfe66fffbfd85fec140
00:02:01.212812,I,51015ffeedfe07fe30fe9e40
00:02:01.213375,I,fe007ffe73ff0afe1cfe8240
00:02:01.213937,I,0401bffe34fff6fd3efeea40
00:02:01.214562,I,1e0186fe34ff11fe15fe8340
00:02:01.215125,I,31018cfe60ffe6fd38fee640
00:02:01.215750,I,4501b9fe41ff0afe2afe1541
00:02:01.216312,I,3801b2fe93fff9fd51fe8440
00:02:01.216937,I,1e019ffe87ff09fe1dfec240
00:02:01.217500,I,31014cfe0dffeffdfffdd740
00:02:01.218125,I,4b018cfe54ffbffdf4fdee40
00:02:01.218687,I,2b0179fe4dff23fe33fee440
00:02:01.219312,I,31015ffe34ff06fedbfdc040
00:02:01.219875,I,65019ffe3affd2fd0cfeba40
00:02:01.220500,I,4b017ffe4dffe2fdf2fdb140
00:02:01.221062,I,4b0172fe60ff26fe1dfea340
00:02:01.221687,I,51016cfe07ff01fe22fea040
00:02:01.222250,I,3e0185fe4dffc5fd12feb940
00:02:01.222875,I,f80092fe93ff2cfe19feab40
00:02:01.223437,I,3e015ffe47ff36fe0afea040
00:02:01.224062,I,11016cfe54ff08fe31fed440
00:02:01.224625,I,9e0132fe21ffeefd3bfeb140
00:02:01.225250,I,2b0179fe40ff07fe36fe8c40
00:02:01.225812,I,310186fe80ff2ffe5afec140
00:02:01.226437,I,65016cfe07ff04fe1dfec340
00:02:01.227000,I,5e0179fe7aff2ffe23feb440
00:02:01.227625,I,7801a6fe21ff0dfe4efea340
00:02:01.228187,I,b80105fe2dfff8fd32febf40
00:02:01.228812,I,0b0179fe8dff2bfe55feb740
00:02:01.229375,I,f10066fe67ff15fe47fee040
00:02:01.230000,I,250192fe3aff11fe32feb840
00:02:01.230562,I,78017ffe8dfff0fd3dfe7440
00:02:01.231187,I,51016cfe47ffc2fd3efece40
00:02:01.231750,I,1e0199fe6dffe1fd68febd40
00:02:01.232375,I,780179fe6dff29fe30fec640
00:02:01.232937,I,38017ffe53ff1bfe78fec440
00:02:01.233500,I,2b015ffe5aff06fe26fe9840
00:02:01.234125,I,440172fe6dfff1fd2efea040
00:02:01.234687,I,580192fe54fff3fd25feb540
00:02:01.235312,I,240165fe5afffcfd61fed840
00:02:01.235875,I,440179fe93fff0fd3bfee640
00:02:01.236500,I,3e0179fe27ff34fe23feec40
00:02:01.237062,I,980145fe47ff01fe23fed140
00:02:01.237687,I,370166fe20ff67fe01fec840
00:02:01.238250,I,5e0179fe20ff18fe35fef340
00:02:01.238875,I,840185fe2dff12fe3cfefb40
00:02:01.239437,I,17016cfe6dffb4fd18febb40
00:02:01.240062,I,6401acfe14ffccfde3fdb840
00:02:01.240625,I,04016cfe53ffd4fd1cfeca40
00:02:01.241250,I,31016cfe7aff2bfe33feaa40
00:02:01.241812,I,1101d9fe27ffe0fd2afe9a40
00:02:01.242437,I,4b0172fe3aff02fe31fe6040
00:02:01.243000,I,1e0173fe5affe5fdf1fd6140
00:02:01.243625,I,04018cfe46ffeffdfcfd6740
00:02:01.244187,I,51017ffe60ffe2fd17fe7440
00:02:01.244812,I,24015ffe53ff12fe32fe9940
00:02:01.245375,I,38015ffeb3fff0fd29fe9740
00:02:01.246000,I,440159fe4dfffafd10fec240
00:02:01.246562,I,11018cfe73ff11fe4efede40
00:02:01.247187,I,64011ffe40ff27fe35fe9e40
00:02:01.247750,I,110152fe60ffdcfd49feac40
00:02:01.248375,I,640192fe2dffe9fd3afed640
00:02:01.248937,I,38019ffe60ff04fe5efe8340
00:02:01.249562,I,3101acfe53ffcffd20fe9b40
00:02:01.250124,I,1e0199fe5affc2fd89fe9640
00:02:01.250750,I,b8018cfe53ff34fe57fe7e40
00:02:01.251312,I,710159fe47ffecfd5ffe4340
00:02:01.251937,I,780179fe2dffc2fd67fe8240
00:02:01.252500,I,f10059fe21ffb8fd3ffea640
00:02:01.253125,I,5e0165fe53ff99fd28fe9d40
00:02:01.253687,I,110172fe3affeafd74feaf40
00:02:01.254249,I,570145fe5afffbfd2dfeae40
00:02:01.254875,I,0401acfe4dff0dfe3afeb240
00:02:01.255437,I,570152fe47ff10fe1afef540
00:02:01.256062,I,9101b9fe40ff36fe29fecb40
00:02:01.256625,I,1e0159fe4dff25fe3cfedc40
00:02:01.257250,I,fe008cfe53fffafd32fefa40
00:02:01.257812,I,440165fe5aff06fe4bfebc40
00:02:01.258437,I,510159fe21ff01fe52fe0141
00:02:01.259000,I,e4009ffe07ff04fe05fed640
00:02:01.259624,I,31016cfe27ff22fe4efe8a40
00:02:01.260187,I,6b0179fe14ffd4fd37fe7d40
00:02:01.260812,I,1e01b9fe1aff18fe1bfe9140
00:02:01.261375,I,5e0179fe60ff34fe0efe6a40
00:02:01.262000,I,370186fe67ffe1fdf4fd8540
00:02:01.262562,I,440159fe33ff18fe29fec040
00:02:01.263187,I,380172fe20ff00fe30fed240
00:02:01.263750,I,8501acfe5affeffd5ffe9e40
00:02:01.264375,I,e40065fe40ffcffd0cfeb840
00:02:01.264937,I,24015ffe40ffeffd4efeea40
00:02:01.265562,I,3e013ffe40ffecfd27feae40
00:02:01.266125,I,440199fe7aff0efe08fea440
00:02:01.266750,I,180186fe6dfff6fd4bfeba40
00:02:01.267312,I,4b0186fe1afffcfd28feb840
00:02:01.267937,I,c4007ffe46ffb4fd60febd40
00:02:01.268500,I,180146fe20fff5fd3dfeab40
00:02:01.269125,I,3801acfe53fff0fd17fed540
00:02:01.269687,I,8b0159fe27ffe8fd0afed940
00:02:01.270312,I,65015ffe5afff8fd21feea40
00:02:01.270875,I,510179fe3afffefd14febf40
00:02:01.271500,I,040165fe60fffefd63fec740
00:02:01.272062,I,5e0186fe47ff04fe5afe9440
00:02:01.272687,I,920152fe40ffcefd6afec240
00:02:01.273250,I,fe00b2fe67ff11fe31fe7940
00:02:01.273875,I,3e0185fe3affdcfd16fe9a40
00:02:01.274437,I,51018cfe67ffebfd3bfee940
00:02:01.275000,I,4b015ffe07ffd7fd2cfecf40
00:02:01.275625,I,450152fe40ff0afe5cfe9d40
00:02:01.276187,I,2b0192fe47ffd9fd40fec740
00:02:01.276812,I,3e016cfe34ffcffd56fe1841
00:02:01.277375,I,4b01acfe40ff0dfe29fee540
00:02:01.278000,I,fe0079fe2dff1efe34fee840
00:02:01.278562,I,580138fe20ff09fe1ffefb40
00:02:01.279187,I,44019ffe5aff1afe3efeed40
00:02:01.279750,I,51015ffe3affe5fd64fedb40
00:02:01.280375,I,45018cfe1aff01fe12fec140
00:02:01.280937,I,1e0165fe34ff2ffe0dfec440
00:02:01.281562,I,580172fe34ff18fe26fe9c40
00:02:01.282125,I,98013ffe73ff1efe18fe9a40
00:02:01.282750,I,310166fe20ffe2fd27fe6640
00:02:01.283312,I,6b013ffe47ffbefd0cfe6040
00:02:01.283937,I,18017ffe0dff07fe25fe7b40
00:02:01.284500,I,240186fe47ffeffd52fe6340
00:02:01.285125,I,380192fe3affeffd45fe9c40
00:02:01.285687,I,3e0185fe3aff03fe2cfe8940
00:02:01.286312,I,0b016cfe5aff17fe23fe7840
00:02:01.286875,I,1e018cfe9affe3fd1cfeb640
00:02:01.287500,I,91015ffe34ffcdfd21feca40
00:02:01.288062,I,3801a5fe53ff0afe48fec940
00:02:01.288687,I,3e0179fe40ff16fe38fec840
00:02:01.289250,I,710199fe6dff0bfe4efec240
00:02:01.289875,I,38017ffe5aff31fe59feb340
00:02:01.290437,I,4501acfe6dffb3fd42fecb40
00:02:01.291062,I,4501a5fe60fff1fd76fe9f40
00:02:01.291625,I,4b0172fe54fffdfd41fe6640
00:02:01.292250,I,380192fe3aff17fe3bfe7940
00:02:01.292812,I,780152fe40ffd8fd58fe8c40
00:02:01.293437,I,0401a6fe94ffc3fd58feb640
00:02:01.294000,I,0b0186fe2dffbdfd28fe6040
00:02:01.294562,I,710179fe34ffeefd3afea140
00:02:01.295187,I,920185fe61ff27fe15fe9140
00:02:01.295750,I,6b0165fe66ffe8fd15feb040
00:02:01.296375,I,65017ffe34ff02fe48feed40
00:02:01.296937,I,2b0152fe07ff02fe47febe40
00:02:01.297562,I,450165fe53ff16fe58fefc40
00:02:01.298125,I,8b0152fe34ff05fe1afef940
00:02:01.298750,I,d800d9fe7aff73fe32fefe40
00:02:01.299312,I,65012cfe14ff10fe38fed240
00:02:01.299937,I,25018cfe6dfff2fd1cfee740
00:02:01.300500,I,110179fe1aff2afe22fec040
00:02:01.301125,I,4b0172fe53ffe3fd32fe9f40
00:02:01.301687,I,2b016cfe34fff1fd2cfe7640
00:02:01.302312,I,1801d9fe80ffd5fd26fe7c40
00:02:01.302875,I,450159fe00ffe1fd18fe9440
00:02:01.303500,I,de00a6fe67ff00fe15fe7d40
00:02:01.304062,I,44016cfe27fff7fd1dfe5a40
00:02:01.304687,I,440172fe87ff20fe21fe7e40
00:02:01.305250,I,380199fe2dff12fe16feac40
00:02:01.305875,I,180179fe27ff02fe09feb840
00:02:01.306437,I,98017ffe40ff14fefffda340
00:02:01.307062,I,250185fe74ff25fe17fec740
00:02:01.307625,I,440152fe6dff29fe32fe0d41
00:02:01.308250,I,2b0179fe60ffd6fd42fec440
00:02:01.308812,I,4b016cfe2dffd8fd1cfeeb40
00:02:01.309437,I,58015ffe27fff6fd52fefc40
00:02:01.310000,I,6b015ffe5aff11fe19febd40
00:02:01.310625,I,510159fe20ffd7fd49fec540
00:02:01.311187,I,58016cfe60ffeafd56fea740
00:02:01.311812,I,1101acfe2dffe9fd27feaa40
00:02:01.312375,I,78016cfe34ffd5fd49fe7940
00:02:01.313000,I,8b016cfe73ff12fe73feb140
00:02:01.313562,I,510172fefafef6fd48fec240
00:02:01.314187,I,3e0159fe27ff07fe1dfed540
00:02:01.314750,I,6b0186fe47ff02fe51fed940
00:02:01.315312,I,0b0145fe1afff6fd50fef840
00:02:01.315937,I,5e0179fe1aff24fe35fe0c41
00:02:01.316500,I,45017ffe40fffafd2efea340
00:02:01.317125,I,2b018cfe27ff14fe44fec640
00:02:01.317687,I,8b01a6fe40ffdffd3bfefe40
00:02:01.318312,I,310172fe40ff15fe36febe40
00:02:01.318875,I,640125fe40ff2efe30fec040
00:02:01.319500,I,320172fe07fff4fd62fed340
00:02:01.320062,I,980179fe40ff26fe16fed940
00:02:01.320687,I,2b0172fe2dff1efeeffde740
00:02:01.321250,I,6b0145fe47fffefdf5fdcc40
00:02:01.321875,I,1e0186fe40fff0fd35fe8b40
00:02:01.322437,I,380172fe4dff04fe16fe7440
00:02:01.323062,I,25019ffe80fffcfdd7fd9240
00:02:01.323625,I,380172fe1affdffd22fed140
00:02:01.324250,I,240199fe73ffc8fd02feab40
00:02:01.324812,I,650125fe5aff16feebfd7740
00:02:01.325437,I,fe00a6fe80fff9fdedfda040
00:02:01.326000,I,7e0132fe27ffe8fdf2fd7640
00:02:01.326625,I,f800e6fe93ff02fef5fd9d40
00:02:01.327187,I,65016cfe5aff07fe2afeaa40
00:02:01.327812,I,7e0186fe41ff01fe2cfea040
00:02:01.328375,I,710179fe3afffafd46feb240
00:02:01.329000,I,4b016cfe80ffe5fd72fec640
00:02:01.329562,I,9e0179fe1afff8fd65fef540
00:02:01.330187,I,4b017ffe73ff15fe62fed140
00:02:01.330750,I,51017ffe67ff1efe6dfeac40
00:02:01.331375,I,eb0072fe40ff12fe49fecd40
00:02:01.331937,I,5e0199fe40fffffd3afec540
00:02:01.332562,I,84016cfe67ffe6fd2cfe9640
00:02:01.333125,I,8b016cfe3affbbfd46fe8d40
00:02:01.333750,I,64016cfe47ffcafd40fe9740
00:02:01.334312,I,51017ffe5affcefd51fe8f40
00:02:01.334937,I,78019ffe6dffedfd20fec740
00:02:01.335500,I,510152fe27fff3fd02feb640
00:02:01.336062,I,3e0186fe40ff0afe26feaa40
00:02:01.336687,I,4b0152fe66ff01fe2ffec440
00:02:01.337250,I,44015ffe2dff00fe0bfed240
00:02:01.337875,I,110179fe27ff22fe27fed140
00:02:01.338437,I,2b0159fe20ff40fe37fed440
00:02:01.339062,I,d800a6fea0ff11fe3afeea40
00:02:01.339625,I,4b0192fe59fff3fd09fee840
00:02:01.340250,I,51013ffe4dff08fe7efe0441
00:02:01.340812,I,1e0145fe4dff10fe28fef840
00:02:01.341437,I,51015ffe73ff28fe53fe9c40
00:02:01.342000,I,840179fe1aff08fe37febb40
00:02:01.342625,I,970185fe60ffdafd3efea940
00:02:01.343187,I,0a0166fe4dfffcfd16fece40
00:02:01.343812,I,2b0186fe60ffc2fd05fea940
00:02:01.344375,I,58015ffe40ffe3fd49fed440
00:02:01.345000,I,3101acfe6dffecfd0efe9a40
00:02:01.345562,I,4b0179fe66fffcfd27fe9140
00:02:01.346187,I,380192fe54ff15fe0efe8640
00:02:01.346750,I,85018cfe40ffc3fd38fe7840
00:02:01.347375,I,5801bffea0ffe9fd31feb440
00:02:01.347937,I,380165fefafe06fe27fedc40
00:02:01.348562,I,3e0179fe74ff29fe17fede40
00:02:01.349125,I,310192fe74fff9fd2afec440
00:02:01.349750,I,520165fe67fffcfd58fec040
00:02:01.350312,I,78011ffef4fe24fe21febd40
00:02:01.350937,I,5e0172fe47ffedfd51fec740
00:02:01.351500,I,65018cfe53fff8fd6cfeb840
00:02:01.352125,I,51015ffe3aff1dfe51fee640
00:02:01.352687,I,5e015ffe60fff6fd73feb940
00:02:01.353312,I,1e019ffe41fff6fd5bfe9240
00:02:01.353875,I,850159fe54ff26fe64fe7640
00:02:01.354500,I,18016cfe14ff10fe47fe9c40
00:02:01.355062,I,1101acfe53ff06fe2dfed540
00:02:01.355687,I,510152fe34ff0dfe20fec440
00:02:01.356250,I,380192fe1affecfd34fecc40
00:02:01.356812,I,650152fe27fff9fd06feae40
00:02:01.357437,I,180165fe5aff50fe41fed340
00:02:01.358000,I,450192fe67ffe9fd35fed240
00:02:01.358625,I,780172fe3affe8fd2bfebc40
00:02:01.359187,I,5e0172fe14ffe3fd34fedd40
00:02:01.359812,I,2b0186fe5affeefd22fede40
00:02:01.360375,I,2b018cfe21ff0cfe64fee740
00:02:01.361000,I,6b015ffe40ff32fe23fe9440
00:02:01.361562,I,180186fe54ff3efe01fed440
00:02:01.362187,I,f8009ffe54fff1fd3efedc40
00:02:01.362750,I,3e014cfe47ff14fe11feb840
00:02:01.363375,I,4b01b2fe7affeafdf4fd8640
00:02:01.363937,I,4b014cfe4dffeefd02fe9340
00:02:01.364562,I,91017ffe3afffefde5fda640
00:02:01.365125,I,7201bffe87ff12fe0ffeae40
00:02:01.365750,I,440158fe6dff1dfedefdc440
00:02:01.366312,I,38016cfe2dffe0fd22feaa40
00:02:01.366937,I,380166fe5aff19fefcfdce40
00:02:01.367500,I,710166fe53ff07fe00fe6b40
00:02:01.368125,I,1801b2fe2dff00fee9fdbe40
00:02:01.368687,I,3e0138fe14ff25fe34fee540
00:02:01.369312,I,fe00a6fe7affdefd7afeb740
00:02:01.369875,I,de0072fe73ff02fe3ffee840
00:02:01.370500,I,780198fe1aff12fe41fec440
00:02:01.371062,I,7e0192fe3aff0cfe55feba40
00:02:01.371687,I,780185fe60ff4cfe20fec540
00:02:01.372250,I,050172fe3aff00fef3fdd940
00:02:01.372875,I,9201b2fe3aff0ffe29febf40
00:02:01.373437,I,25013ffe21ffd8fd2ffe9540
00:02:01.374062,I,0b01acfe60ffd2fd4dfeb540
00:02:01.374625,I,18013ffe67ff17fe14feb540
00:02:01.375250,I,5e0186fe60ff09fe4dfe9640
00:02:01.375812,I,51017ffe47ffdafd0ffeda40
00:02:01.376375,I,38017ffe27ffe0fd1afec240
00:02:01.377000,I,04019ffe4dff2afe1dfedd40
00:02:01.377562,I,7e014cfe4dff36fe20fed640
00:02:01.378187,I,65017ffe67ff02fe41fef540
00:02:01.378750,I,24019ffe40ffeffd4bfef440
00:02:01.379375,I,4b0179fe54ff09fefafddd40
00:02:01.379937,I,65013ffe6dff1ffe04fe0841
00:02:01.380562,I,0b0166fe67ff26fe17fed340
00:02:01.381125,I,58015ffe14fff1fd31fed140
00:02:01.381750,I,65016cfe60ff16fe1dfeeb40
00:02:01.382312,I,65017ffef4fef1fd0ffed340
00:02:01.382937,I,e400ccfe87ffedfd21fea240
00:02:01.383500,I,510172fe2dffe8fd14fe7c40
00:02:01.384125,I,440199fe07fffbfd36fe8140
00:02:01.384687,I,4b01acfe2dfff8fdfdfda040
00:02:01.385312,I,38016cfe60fffafd1cfec340
00:02:01.385875,I,4b0152fe5aff23fefefde040
00:02:01.386500,I,3e0172fe87ff07fe01fea440
00:02:01.387062,I,510178fe67fff8fd1bfea240
00:02:01.387687,I,780179fe67ffe1fd52feb140
00:02:01.388250,I,310179fe5aff07fe02fec340
00:02:01.388875,I,3e01b2fe54ffccfd4afee040
00:02:01.389437,I,1e0179fe1aff18fe46fee240
00:02:01.390062,I,52017ffe80ff08fe4dfe9f40
00:02:01.390625,I,380186fe2dffe7fd2cfe9d40
00:02:01.391250,I,1e017ffe54ffecfd78fea640
00:02:01.391812,I,4b0152fe5affa2fd41fea240
00:02:01.392437,I,4b019ffe93ff08fe1bfe8240
00:02:01.393000,I,78013ffe14ff14fe4efe8240
00:02:01.393625,I,4b01acfe40ffc1fd44fe6540
00:02:01.394187,I,780166fe7affb7fd44fe4c40
00:02:01.394812,I,f10045fe60ffb8fd68fe8540
00:02:01.395375,I,580192fe7aff0ffe63fe8540
00:02:01.396000,I,4b019ffe5aff05fe58fe8840
00:02:01.396562,I,fe0079fe60ffedfd54feb940
00:02:01.397125,I,3e0179fe54ff02fe13fed340
00:02:01.397750,I,5e0192fe67ff16fe35fed940
00:02:01.398312,I,7801acfe87fff7fd3cfedd40
00:02:01.398937,I,4401acfe21ffe4fd10fec640
00:02:01.399500,I,380192fe6dff02fe1ffef240
00:02:01.400125,I,380138fe80ff3bfe21fedb40
00:02:01.400687,I,eb00e6fe40ff0dfe4bfed340
00:02:01.401312,I,2b015ffe40ff21fe42fecf40
00:02:01.401875,I,580172fe2dff17fe35feb040
00:02:01.402500,I,7e013ffe40ff38fe24fea940
00:02:01.403062,I,310125fe6dff13fe1cfeb540
00:02:01.403687,I,510152fe27ffeefd58fe9240
00:02:01.404250,I,f80066fe80ffc9fde5fd8240
00:02:01.404875,I,310152fe4dffc7fdeffd7d40
00:02:01.405437,I,320165fe3affd2fd1bfe7d40
00:02:01.406062,I,1e01acfe53ffe2fd65fe8240
00:02:01.406625,I,9101acfe5aff1ffe0afe9240
00:02:01.407250,I,450172fe5afff9fd14fe7240
00:02:01.407812,I,510179fe4dffe5fd50fea640
00:02:01.408437,I,3101ccfe60ffeafd3dfec240
00:02:01.409000,I,32019ffe40ffe1fd0bfe9b40
00:02:01.409625,I,980178fe1aff08fe54feae40
00:02:01.410187,I,0b0199fe6dff24fe1afed040
00:02:01.410812,I,4b0145fe47ff13fe20fecb40
00:02:01.411375,I,120179fe7aff26fe26feeb40
00:02:01.412000,I,78016cfe73ff06fe28feaa40
00:02:01.412562,I,180192fe54fffcfd32feb040
00:02:01.413187,I,5e0186fe80ffe6fd30fe9840
00:02:01.413750,I,3e017ffe67fff6fd5afe7940
00:02:01.414375,I,1e0199fe7afffdfd3efe8d40
00:02:01.414937,I,0b015ffe21fff9fd34fe8940
00:02:01.415562,I,4b0186fe40ffebfd07fe7e40
00:02:01.416125,I,71012cfe47ff16fe4bfe9f40
00:02:01.416687,I,6b01b9fe47fff4fd5afe8940
00:02:01.417312,I,38015ffe34ffd4fd5cfea240
00:02:01.417875,I,65018cfe27ffb8fd23febe40
00:02:01.418500,I,8501b2fe27fffcfd4efe0f41
00:02:01.419062,I,310165fe34ff06fefffdeb40
00:02:01.419687,I,580165fe34ff08fe42fe0541
00:02:01.420250,I,310165fe2dffc8fd14feda40
00:02:01.420875,I,520179fe80ff29fe0ffeff40
00:02:01.421437,I,1e0138fe27ff41fe4afec640
00:02:01.422062,I,3e018cfe14ff34fe3dfee340
00:02:01.422625,I,520165fe4dffcffde8fdc540
00:02:01.423250,I,1e0138fe21ffdbfd12fec040
00:02:01.423812,I,250199fe73ff16fe0dfe8840
00:02:01.424437,I,6b0178fe27ffe1fd1efe6e40
00:02:01.425000,I,510192fe7afff3fd23fe9840
00:02:01.425625,I,510192fe80ff16fe47feaf40
00:02:01.426187,I,1e0172fe34ff07fefefdc940
00:02:01.426812,I,180159fe3aff18fe08feb140
00:02:01.427375,I,1e0192fea0ffedfd33fec240
00:02:01.428000,I,38014cfe20ff1cfe22fec340
00:02:01.428562,I,6b0166fe47ffeafd3afe9340
00:02:01.429187,I,110186fe3afffbfd65feb340
00:02:01.429750,I,250199fe2dff19fe4efebb40
00:02:01.430375,I,0b014cfe40ffeefd64fec140
00:02:01.430937,I,2b014cfe3affdafd18fed640
00:02:01.431562,I,31017ffe60fffdfd4afeaf40
00:02:01.432125,I,45016cfe54ff48fe30fedd40
00:02:01.432750,I,580172fe41ff1cfe5efef840
00:02:01.433312,I,18018cfe34ffd5fd4afeb040
00:02:01.433937,I,51018cfe34ff2bfe52feae40
00:02:01.434500,I,5e0152fe67fff2fd22feac40
00:02:01.435125,I,6501b2fe73fffefd49fe9b40
00:02:01.435687,I,38012cfe20ffeefd3dfecd40
00:02:01.436312,I,5e01a5fe34ff27fe67fee240
00:02:01.436875,I,d8009ffe8dfff1fd2afedc40
00:02:01.437437,I,040165fe54fff9fdfefdc840
00:02:01.438062,I,05016cfe3afff2fd28fec340
00:02:01.438625,I,58015ffe2dfff2fd25fec240
00:02:01.439250,I,72015ffe41fff4fd1cfedd40
00:02:01.439812,I,980152fe1affeffd54fe0941
00:02:01.440437,I,25018cfe60ff00fe0afed040
00:02:01.441000,I,5e0152fe21ff0ffe1cfef440
00:02:01.441625,I,38016cfe2dffd2fd2dfef240
00:02:01.442187,I,f80099fe54fffbfd26fecd40
00:02:01.442812,I,0b0166fe3aff11fe12feea40
00:02:01.443375,I,440179fe53ffd3fd0efee040
00:02:01.444000,I,380199fe2dffcefd40fea440
00:02:01.444562,I,78018cfe46ff17fe16fea840
00:02:01.445187,I,710172fe27ff0afe1cfe7a40
00:02:01.445750,I,31018cfe66ffe3fd47fe8a40
00:02:01.446375,I,980166fe27ffeefd11fe7840
00:02:01.446937,I,2b0172fe13fff2fd32fe9040
00:02:01.447562,I,31019ffe73ff00fe35feb240
00:02:01.448125,I,71015ffe0dfff2fd56fe7240
00:02:01.448750,I,24018cfe21ff12fe50fe9d40
00:02:01.449312,I,fe0072fe60ffd8fd3afeb940
00:02:01.449937,I,11018cfe00ff39fe0dfeaf40
00:02:01.450500,I,4b015ffe3aff37fe1dfed140
00:02:01.451125,I,17019ffe40ff13fe37fee640
00:02:01.451687,I,fe0059fe67ffe6fd4afe0041
00:02:01.452312,I,6b014cfe53fffdfd48fecb40
00:02:01.452875,I,310192fe4dff14fe5bfecb40
00:02:01.453500,I,0b01acfe47ff07fe6afee240
00:02:01.454062,I,5e01b9fe3affddfd34fead40
00:02:01.454687,I,51016cfe60ffedfd57fe9a40
00:02:01.455250,I,2b0159fe73ff08fe55fe9040
00:02:01.455875,I,6b015ffe3afff4fd22feaa40
00:02:01.456437,I,ea0032fe07ffeefd5cfe6d40
00:02:01.457000,I,380165fe47ffccfd3bfe7640
00:02:01.457625,I,18015ffe33ffcdfd18feae40
00:02:01.458187,I,44015ffe34ffcafd3ffe9840
00:02:01.458812,I,ab0186fe47fff1fd28feb840
00:02:01.459375,I,ab01acfe1aff28fe2cfedb40
00:02:01.460000,I,cb0085fe7aff15fe52fee240
00:02:01.460562,I,7e015ffe3affc4fd4dfeb540
00:02:01.461187,I,510186fe34ffdefd26fefc40
00:02:01.461750,I,f1007ffe94fff1fd23fecd40
00:02:01.462375,I,eb0052fe27fffbfd29feaf40
00:02:01.462937,I,510199fe2dff01fe40feb940
00:02:01.463562,I,0b0165fe93ffedfd2cfee340
00:02:01.464125,I,5e0192fe20ffddfd02fee040
00:02:01.464750,I,580172fe40fffffd14fed040
00:02:01.465312,I,180172fe1affb6fdb8fdd340
00:02:01.465937,I,580185fe3affdefddafdde40
00:02:01.466500,I,1e0145fe2dff23fefafded40
00:02:01.467125,I,f8008cfe41ffe8fd15feda40
00:02:01.467687,I,650172fe73ffcdfd27fec940
00:02:01.468312,I,4501a5fe27ff04fe37fe9740
00:02:01.468875,I,f10079fe4dff12fe21febc40
00:02:01.469500,I,7e0186fe4dffe9fd36feb640
00:02:01.470062,I,180152fe2dff08fe45fe9e40
00:02:01.470687,I,d8007ffe27ff17fe4dfe9a40
00:02:01.471250,I,1e0132fe6dffdefd14feb240
00:02:01.471875,I,1e0186fe47ffebfd60fec440
00:02:01.472437,I,78017ffe53fff1fd5ffe8840
00:02:01.473062,I,110199fefafee6fd27febd40
00:02:01.473625,I,eb007ffeadfff8fd22fec140
00:02:01.474250,I,fe003ffe2dff00fe51feb340
00:02:01.474812,I,4b0165fe6dff23fe3bfe9240
00:02:01.475437,I,58019ffe4dff07fe0bfe9a40
00:02:01.476000,I,e40079fe3affd8fd38fece40
00:02:01.476562,I,440152fe5affe4fd51fea740
00:02:01.477187,I,18016cfed4fe25fe4cfeae40
00:02:01.477750,I,5e0192fe67fff0fd26feb740
00:02:01.478375,I,9e0138fe53ff0efe49fe9040
00:02:01.478937,I,2b0192fe27ff01fe28fead40
00:02:01.479562,I,1e0132fe67fff8fd36fe0741
00:02:01.480125,I,45016cfe5affeefd27fef440
00:02:01.480750,I,84016cfe2dff08fe42fef440
00:02:01.481312,I,45015ffe33ff06fe1afee940
00:02:01.481937,I,380152fe34ff05fe3bfe1041
00:02:01.482500,I,8b012cfe73ff0cfe3ffefc40
00:02:01.483125,I,3101a6fe6dffe4fd3ffea640
00:02:01.483687,I,6b0166fe40ff1efe0dfef240
00:02:01.484312,I,650172fe0dfffcfd50fed940
00:02:01.484875,I,4b0178fe34ff07fe20feac40
00:02:01.485500,I,0b01b9fe80ffd7fd26fed040
00:02:01.486062,I,5e0158fe07ffbcfdfbfdd140
00:02:01.486687,I,580138fe0dfffbfd0efe9040
00:02:01.487250,I,650172fe5aff29fe52fec940
00:02:01.487875,I,4b0185fe34ffe8fd17feae40
00:02:01.488437,I,250185fe2dff33fe45fead40
00:02:01.489062,I,eb00a6fe6dffd2fd0efede40
00:02:01.489625,I,580125fe54ff1efe4bfea540
00:02:01.490250,I,b2017ffe34ff10fe2bfec840
00:02:01.490812,I,6b016cfe40ff03fe2afe7a40
00:02:01.491437,I,5e019ffe73ff06fef2fd6f40
00:02:01.492000,I,7201a6fe73ff1bfe18feb640
00:02:01.492625,I,11015ffe5aff04fe4cfe9640
00:02:01.493187,I,380179fe47fffdfd15feb440
00:02:01.493812,I,2b017ffe60ff15fe28feb840
00:02:01.494375,I,6b017ffe41fffafd33fe9f40
00:02:01.495000,I,d8009ffe4dffbcfd3ffe7b40
00:02:01.495562,I,9e015ffe27ffe0fd0bfea840
00:02:01.496125,I,310199fe4dffe9fd44fe9340
00:02:01.496750,I,5101b9fe47fff4fd0dfe9040
00:02:01.497312,I,5e017ffe3afffcfd1efe9540
00:02:01.497937,I,ab018cfe47ff02fe0bfe9240
00:02:01.498500,I,18017ffe54ffc8fd1afec640
00:02:01.499125,I,f8007ffe61fffcfd2ffe7f40
00:02:01.499687,I,11019ffe3aff28fe64fee940
00:02:01.500312,I,040185fe3aff2dfe77fee240
00:02:01.500875,I,fe0072fe4dffeafd1afe0641
00:02:01.501500,I,450199fe5aff0afe08fec940
00:02:01.502062,I,0b0172fe60ffe5fd46feca40
00:02:01.502687,I,18014cfe01ff3cfe50febb40
00:02:01.503250,I,110192fe6dff23fe2cfed640
00:02:01.503875,I,4b0158fe34ff14fe23fe0741
00:02:01.504437,I,380158fe80ff20fe29feb640
00:02:01.505062,I,6b0172fe2dff39fe2dfeb440
00:02:01.505625,I,450192fe5affb2fd1ffec040
00:02:01.506250,I,320192fe6dfffdfd13feb240
00:02:01.506812,I,58018cfe14ffd3fd02febb40
00:02:01.507437,I,ab017ffe3affa0fdd1fd8640
00:02:01.508000,I,6b0172fe1affe7fde8fdc340
00:02:01.508624,I,320199fe01ff14fe1afe7240
00:02:01.509187,I,f80072fe7affecfd0dfea540
00:02:01.509812,I,4b01b2fe34ffeefd2afeaf40
00:02:01.510375,I,1e014cfe14ffe8fd15fed040
00:02:01.510999,I,38019ffe8dff32fefcfdb340
00:02:01.511562,I,780172fe27ffdbfd6afec940
00:02:01.512187,I,0401dffea0ff0afe33fec640
00:02:01.512750,I,5e0165fe53ff23fe6efebd40
00:02:01.513374,I,2b0159fe47ff48fe2efeb340
00:02:01.513937,I,31015ffe4dffc3fd41fee240
00:02:01.514562,I,3e01b9fe27ffcdfd48fe9140
00:02:01.515124,I,2b016cfe14ffebfdf2fd7640
00:02:01.515750,I,580166fe4dfff4fd44fea440
00:02:01.516312,I,650179fe40ffc6fd48fe9840
00:02:01.516875,I,18014cfe7affbffd35fea240
00:02:01.517499,I,520145fe40fff2fd32febc40
00:02:01.518062,I,38017ffe5affcdfd0dfed240
00:02:01.518687,I,2b01acfe4dffd8fd43fef640
00:02:01.519249,I,51015ffe5affd4fd48fed840
00:02:01.519875,I,4b0172fe5aff05fe32fef340
00:02:01.520437,I,580159fe54ff09fe12feea40
00:02:01.521062,I,1801acfe47ffe7fd56feeb40
00:02:01.521624,I,3e0119fed4fef8fd48fec740
00:02:01.522250,I,31019ffe2dff2efe3cfebe40
00:02:01.522812,I,980159fe00ff06fe2dfede40
00:02:01.523437,I,31019ffea6ffe8fd2efebe40
00:02:01.524000,I,510172fe14fff6fd10fea240
00:02:01.524625,I,3e0179fe40ff2cfe1bfec740
00:02:01.525187,I,380166fe4dfff3fd49feb640
00:02:01.525812,I,ab015ffe5affd2fdfffda740
00:02:01.526375,I,780139fe14fffafdf9fdb340
00:02:01.527000,I,65018cfe21fffbfd0efea540
00:02:01.527562,I,4b0165fe74ff0bfe06fe9440
00:02:01.528187,I,65017ffe54ffe6fd1efea840
00:02:01.528750,I,850158fe27ffd4fd27fec840
00:02:01.529375,I,b100b2fe53fff2fd20fead40
00:02:01.529937,I,580138fe40fff3fd25fea640
00:02:01.530562,I,1801acfe34ff11fefbfd9a40
00:02:01.531125,I,180172fe1affc2fdfffd8840
00:02:01.531750,I,78012cfe3aff2afe2efea540
00:02:01.532312,I,04018cfe14ff22fe43fec140
00:02:01.532937,I,ab018cfe1afff4fd5cfebf40
00:02:01.533500,I,eb0072fe80ff1bfe1afe9a40
00:02:01.534125,I,71018cfe47ff12fe4cfeaa40
00:02:01.534687,I,71015ffe40fff0fd13fec440
00:02:01.535312,I,2b0172fe34ff27fe38fecd40
00:02:01.535875,I,0b015ffe93ffc3fd2afeba40
00:02:01.536437,I,510158fe34ffdbfd3cfea940
00:02:01.537062,I,440199fe40ffdefd84fea340
00:02:01.537625,I,250139fe47ff33fe48fece40
00:02:01.538250,I,c40099fe60ffd9fd58fecf40
00:02:01.538812,I,180159fe14ffeefd0efece40
00:02:01.539437,I,2b0185fe3aff27fe2cfeb840
00:02:01.540000,I,45019ffe40ff1efe59febf40
00:02:01.540625,I,f10072fe60ff04fe67fed340
00:02:01.541187,I,380192fe5affecfd3cfeca40
00:02:01.541812,I,3e01a6fe6dff06fe2bfeba40
00:02:01.542375,I,4b0185fe27ff30fe01fede40
00:02:01.543000,I,f10085fe5affd2fd12fe1c41
00:02:01.543562,I,7801b9fe47ff28fe3afee640
00:02:01.544187,I,0b0152fe60ffeffd51fec440
00:02:01.544750,I,f800c6fe80ff18fe3dfeba40
00:02:01.545375,I,31018cfe27ffd4fd2dfecf40
00:02:01.545937,I,38015ffe7afff0fd15fea340
00:02:01.546562,I,110199fe47fff8fde2fdb540
00:02:01.547125,I,72016cfe40ff0afe3dfeaa40
00:02:01.547750,I,510152fe4dfff1fd2dfeb640
00:02:01.548312,I,31016cfe5afff5fd2ffea140
00:02:01.548937,I,920145fefafe08fe58fe7840
00:02:01.549500,I,110192fea0ffc4fd20fec340
00:02:01.550125,I,ab015ffe27fffffdd7fda840
00:02:01.550687,I,1e0179fe67ff07fe4dfe9140
00:02:01.551312,I,91019ffe20ff0dfe5cfea840
00:02:01.551875,I,04015ffe3aff03fe3efed440
00:02:01.552500,I,0b0199fe2dff04fe31fecc40
00:02:01.553062,I,6b014cfe27ff0efe08fecd40
00:02:01.553687,I,3e016cfe3afff7fd16fea740
00:02:01.554250,I,eb0072fe5aff0efe34feb340
00:02:01.554875,I,910159fe47ffe4fd4dfed640
00:02:01.555437,I,180172fe80ff03fe22fee040
00:02:01.556000,I,f8005ffeedfebefd63fed240
00:02:01.556625,I,1e0172fe80ffeffd2cfe8740
00:02:01.557187,I,ab018cfe0dfffffd54fe9f40
00:02:01.557812,I,780172fe67ffb0fd57feab40
00:02:01.558375,I,78016cfe34fff2fd4ffec640
00:02:01.559000,I,580125feadffd4fdf6fdb540
00:02:01.559562,I,64018cfe2dffa9fd30fe9040
00:02:01.560187,I,180185fe7aff04fe30fed940
00:02:01.560750,I,38017ffe6dffa3fd3afeeb40
00:02:01.561375,I,c501fffd34ff13fe4efece40
00:02:01.561937,I,450178fe5aff07fe24fed440
00:02:01.562562,I,2b013ffe21ff1afe22fecd40
00:02:01.563125,I,2b0172fe80ff1efe0efebb40
00:02:01.563750,I,0b0172fe74ff17fe46fe3f41
00:02:01.564312,I,2b014cfe3aff16fe48feeb40
00:02:01.564937,I,32016cfe4dfffcfd62fed740
00:02:01.565500,I,de006cfe4dffc5fd45fedc40
00:02:01.566125,I,f8005ffe0eff0dfef8fdd440
00:02:01.566687,I,38015ffe5affdafd27feb840
00:02:01.567312,I,2501b2fe3affcafd20feb440
00:02:01.567875,I,32016bfe53ffe7fd18fe9840
00:02:01.568500,I,1101bffe2dff05fe0ffe6b40
00:02:01.569062,I,b2014cfe2dfffffd1afe6d40
00:02:01.569687,I,7e019ffe34ff0afe09fec140
00:02:01.570250,I,1e017ffe34fff9fd15febf40
00:02:01.570875,I,11019ffe5aff18fe0ffeb240
00:02:01.571437,I,1e017ffe5aff00fe1efed840
00:02:01.572062,I,98014cfe34ff39fe3afee640
00:02:01.572625,I,050165fe34ff1efe29fef140
00:02:01.573250,I,4b0132fe0dff1bfe3cfe1241
00:02:01.573812,I,cb0092fe9affebfd3bfe0441
00:02:01.574437,I,650112fe0eff22fe70fed840
00:02:01.575000,I,380192fe87ff24fe35fe9b40
00:02:01.575562,I,58014cfe6dff11fe56fe8d40
00:02:01.576187,I,640185fe33ffd5fd0efe8b40
00:02:01.576750,I,eb007ffe60ffccfd44fe7140
00:02:01.577375,I,440192fe27fff8fd3dfe7540
00:02:01.577937,I,1e0179fe7affbdfd4cfeb740
00:02:01.578562,I,3e014cfe34ffb3fd45febb40
00:02:01.579125,I,d1009ffe7affc8fdfafda340
00:02:01.579750,I,110192fe27fff8fd20fe9c40
00:02:01.580312,I,4b0172fe80ffe7fd1dfeb740
00:02:01.580937,I,31019ffe47ffe6fd2ffec140
00:02:01.581500,I,580166fe4dffcefd34fef240
00:02:01.582125,I,710199fe3aff14fe3afe0841
00:02:01.582687,I,f8008cfe0dfffefd2bfef440
00:02:01.583312,I,fe0079fe47ff0efe2dfedf40
00:02:01.583875,I,72018cfe3aff1cfe2dfe0e41
00:02:01.584500,I,38017ffe6dff0cfe26fee340
00:02:01.585062,I,45014cfe41ff0afe13fec840
00:02:01.585687,I,450152fe14ffcefd42feb240
00:02:01.586250,I,6b0185fe2dff10fe5bfe7e40
00:02:01.586875,I,310172fe27ffeafd22fe9e40
00:02:01.587437,I,510185fe5aff25fe05fe8540
00:02:01.588062,I,1e0179fe60ffdafd31fe4a40
00:02:01.588625,I,58018cfe54ffe9fd1ffe6740
00:02:01.589250,I,2b0192fe2dff16fe14fe8640
00:02:01.589812,I,6b0172fe60ffe2fd2ffe8040
00:02:01.590437,I,38017ffe3afff7fd2afe8440
00:02:01.591000,I,31015ffe5aff14fe59fe9e40
00:02:01.591625,I,2b0179fe33ff1cfe1dfeb940
00:02:01.592187,I,0b0199fe21ff13fee1fde740
00:02:01.592812,I,450165fe5aff0efe12fee740
00:02:01.593375,I,0b0186fe60ffe2fd5bfed340
00:02:01.594000,I,4b0172fe07ffecfd27fe6f40
00:02:01.594562,I,3e017ffe47fffffd2ffe9240
00:02:01.595125,I,e4008cfe40ff00fe56fed640
00:02:01.595750,I,510152fe8dffd2fd46feb740
00:02:01.596312,I,11019ffe80ff13fe72fea440
00:02:01.596937,I,180158fefafe01fe17fe8e40
00:02:01.597500,I,2b0152fe5afffbfd47fe7740
00:02:01.598125,I,1101c6fe4dffb8fd42fe9140
00:02:01.598687,I,6b014cfe66ffd8fd09fedb40
00:02:01.599312,I,380185fe7affe2fd31fe8840
00:02:01.599875,I,5e0152fe47ff84fd36fea940
00:02:01.600500,I,380159fe54ffc9fd49feb940
00:02:01.601062,I,38019ffe27ffd3fd63fed040
00:02:01.601687,I,1e01b9fe4dffe7fd58fedb40
00:02:01.602250,I,2b0192fe14ffe5fdddfdc540
00:02:01.602875,I,65017ffe34ffe8fd05fed940
00:02:01.603437,I,f10099fe3afffdfd01fef840
00:02:01.604062,I,510178fe60fff1fd2bfefe40
00:02:01.604625,I,3e0172fe47ff05fef7fd0341
00:02:01.605250,I,72017ffe67fff3fd47feeb40
00:02:01.605812,I,fe00c6fe40ff25fe1efed340
00:02:01.606437,I,64015ffe1aff06fe34fecf40
00:02:01.607000,I,11017ffe0dff0ffeeffde340
00:02:01.607625,I,380165fe3afffafd17fe9940
00:02:01.608187,I,580139fe47ffe7fdf2fdb040
00:02:01.608812,I,450159fe07ffeafdf9fdd140
00:02:01.609375,I,0b019ffe8dffd9fd20fea240
00:02:01.610000,I,450172fe27ffe8fd14fe7d40
00:02:01.610562,I,5e015ffe41ff13fe1afe8440
00:02:01.611187,I,8b0192fe1aff01fe28fe8040
00:02:01.611750,I,580172fe93ff3cfe3ffe9940
00:02:01.612375,I,4b0179fe3aff39fe27fec440
00:02:01.612937,I,0b016cfe40ff07fe3afe0b41
00:02:01.613500,I,4b0165fe5aff1efe5dfeee40
00:02:01.614125,I,250172fe54ff2afe3dfee340
00:02:01.614687,I,8b0146fe67ff48fe41fee840
00:02:01.615312,I,6b01a6fe1affeffd22fee240
00:02:01.615875,I,b8015ffe54fff0fd08feda40
00:02:01.616500,I,5e017ffe01ff12fe3efec940
00:02:01.617062,I,7e01b9fe47ff18fe2afead40
00:02:01.617687,I,5e015ffedafee7fd30fe9440
00:02:01.618250,I,450199fe93fffefd67fe7640
00:02:01.618875,I,18018cfe34ffdcfd3bfe6240
00:02:01.619437,I,d10086fe5affeffd33fe7640
00:02:01.620062,I,f8005ffe40fff9fd5dfe8740
00:02:01.620625,I,6b0186fe80ff11fe2dfe9a40
00:02:01.621250,I,4b0139fe54ff01fe36feb040
00:02:01.621812,I,1e018cfe5aff00fe46fed040
00:02:01.622437,I,38016cfe60ff04fe55fedf40
00:02:01.623000,I,2b01a6fe5aff58fe16fed040
00:02:01.623625,I,380145fe2dff2ffe0dfe0d41
00:02:01.624187,I,65015ffe2dfff0fd29feea40
00:02:01.624812,I,380172fe3aff1bfe12feee40
00:02:01.625375,I,4b0172fe3aff17fe25fe0141
00:02:01.626000,I,71013ffe47ffdffd25fed640
00:02:01.626562,I,31015ffe6dff02fe48fecd40
00:02:01.627187,I,910159fe3affbcfd70fe8940
00:02:01.627750,I,18016cfe3aff14fe4ffeb140
00:02:01.628375,I,38019ffe54ff2efe40feba40
00:02:01.628937,I,650158fe60ff32fe35fe9040
00:02:01.629562,I,380192fe53ffeafdf4fda640
00:02:01.630125,I,71016cfe73ffc9fdfcfdb540
00:02:01.630750,I,3801c6fe14ffdafd19fe8540
00:02:01.631312,I,58018cfe40fff2fd0efe9a40
00:02:01.631937,I,980139fe1aff3cfe13fec340
00:02:01.632500,I,6401a5fe2dff04fe0cfead40
00:02:01.633125,I,2b015ffe3affe9fd1dfed240
00:02:01.633687,I,4b0199fe4dff0cfe5efe0741
00:02:01.634250,I,380138fe40ff38fe14fec840
00:02:01.634875,I,3101a6fe5affeffd81fee640
00:02:01.635437,I,8b0125fe2dff28fe54fef640
00:02:01.636062,I,380179fe67ff0dfe97fec240
00:02:01.636625,I,5e016cfe3affe9fd80fec840
00:02:01.637250,I,6b0118fe54ff25fe72fe8240
00:02:01.637812,I,fe007ffe5affecfd50fe9d40
00:02:01.638437,I,250145fe27ffc6fd2afea340
00:02:01.639000,I,0b0166fe34ffcbfd59fe6c40
00:02:01.639625,I,18018cfe4dffc7fd24fe9740
00:02:01.640187,I,18015ffe47ffc7fd25fe9c40
00:02:01.640812,I,440158fe4dffc6fd4ffe7d40
00:02:01.641375,I,580185fe5affc2fd65feae40
00:02:01.642000,I,1e01b2fe40ff08fe4bfe9840
00:02:01.642562,I,1801c6fe86fff5fd54fed540
00:02:01.643187,I,5e019ffe33fffcfd29fec640
00:02:01.643750,I,fe006cfe4dffcafd18fece40
00:02:01.644375,I,1201ccfe54fff6fd23fede40
00:02:01.644937,I,380172fe2dff18fe29fe0b41
00:02:01.645562,I,5e018cfe40ffdafd51fefd40
00:02:01.646125,I,2b011ffe07ffc9fd2ffece40
00:02:01.646750,I,1e0185fe5affd9fd41fee940
00:02:01.647312,I,510152fe14ff0bfe16fee240
00:02:01.647937,I,2b01b9fe4dff16fe17febc40
00:02:01.648500,I,580138fe2dffe8fd42feb540
00:02:01.649125,I,3101b9fe60ff02fe04fe8840
00:02:01.649687,I,650185fe14fff2fd0afea140
00:02:01.650312,I,de006cfe2dfff7fd50fec340
00:02:01.650875,I,38014cfefafec3fdf5fddc40
00:02:01.651500,I,7e0179fe73ffccfdfbfd9440
00:02:01.652062,I,4b0172fe47fff3fdebfdac40
00:02:01.652687,I,1e0199fe53ffdffdf8fda540
00:02:01.653250,I,720132fe67ff10fe2bfe8340
00:02:01.653875,I,2b017ffe60ff2efe4efe8240
00:02:01.654437,I,5e0159fe27ff2afe42fec240
00:02:01.655000,I,2b0159fe27ff1cfe1efefd40
00:02:01.655625,I,51017ffe3aff05fe3efef740
00:02:01.656187,I,3e013ffe54ff26fe23feb940
00:02:01.656812,I,580132fe40ff04fe6bfeb740
00:02:01.657375,I,31018cfe34ff07fe47fecc40
00:02:01.658000,I,850172fe5affd2fd30fed240
00:02:01.658562,I,580172fe53fff4fd81feac40
00:02:01.659187,I,520179fe07ffe5fd62fec440
00:02:01.659750,I,3e01acfe60fff8fd67fe9f40
00:02:01.660375,I,2b0152fe21ffd1fd69feb440
00:02:01.660937,I,510172fe20fffefd21fe9f40
00:02:01.661562,I,4b0159fe2dff05fe63fe8c40
00:02:01.662125,I,180159fe5affeffd33fea340
00:02:01.662750,I,580172fe47ffccfd47feac40
00:02:01.663312,I,380112fe1afff2fd25fe9c40
00:02:01.663937,I,6b0192fe01ff0efe0ffed740
00:02:01.664500,I,450159fe60ff2dfe3efe9d40
00:02:01.665125,I,2b016cfe07fffdfd20fef340
00:02:01.665687,I,850172fe4dff1cfe34fef840
00:02:01.666312,I,11018cfe74ffe3fdfafde340
00:02:01.666875,I,45018cfe2dffe2fd32fe1a41
00:02:01.667500,I,3e0165fe27ff23fe40fe0041
00:02:01.668062,I,be016cfe54ff26fe22fed640
00:02:01.668687,I,f8006cfe80fff8fd15feae40
00:02:01.669250,I,f7006cfe0dff34fe2cfe8b40
00:02:01.669875,I,51014cfe14ff05fe20fe7340
00:02:01.670437,I,4401b2fe54ff00fe06fe8740
00:02:01.671062,I,58015ffe07fff3fd37fe8340
00:02:01.671625,I,5e01acfe34ffdafd29fe9040
00:02:01.672250,I,650159fe67ffe2fd37fe9440
00:02:01.672812,I,85015ffedafedffd5dfe7c40
00:02:01.673375,I,3101d3fe54ffeffd0ffe8d40
00:02:01.674000,I,4b0192fe66ff15fe1ffeb140
00:02:01.674562,I,110145fe3aff42fe2bfece40
00:02:01.675187,I,72015ffe73ff1afe3dfeb840
00:02:01.675750,I,520145fe4dffeafd20fed940
00:02:01.676375,I,1801bffe54ffdafd2bfe1141
00:02:01.676937,I,520192fe54ff0dfe5efea640
00:02:01.677562,I,3e0179fe3affe8fd22fef540
00:02:01.678125,I,920186fe54ffeffd58feb840
00:02:01.678750,I,110179fe34ffd1fd65fedc40
00:02:01.679312,I,640138fe4dff03fe4ffeae40
00:02:01.679937,I,5e0185fe40fff7fd54fec440
00:02:01.680500,I,580186fe27ffe8fd5afef240
00:02:01.681125,I,8b0199fe4dff02fe10fec740
00:02:01.681687,I,1101b2fe54ff25fe5ffeb340
00:02:01.682312,I,91014cfe4dff20fe1bfecf40
00:02:01.682875,I,1801ccfe27ffdefd0afeb040
00:02:01.683500,I,710118fe47ffecfd4cfecc40
00:02:01.684062,I,2b01acfe47fffffd0cfeee40
00:02:01.684687,I,4b013ffe00ff05fe1ffedb40
00:02:01.685250,I,450179fe40ff0cfe26fed040
00:02:01.685875,I,4b018cfe5afff4fd3dfeaa40
00:02:01.686437,I,2b0166fe20ffe7fd4afe9840
00:02:01.687062,I,11017ffe1aff07fe12fef640
00:02:01.687625,I,3e0165fe73fff7fd30feda40
00:02:01.688250,I,24013ffe20ff48fe36fea740
00:02:01.688812,I,5e0199fe53fffcfd1ffece40
00:02:01.689437,I,110159fe80ff1ffef9fdb840
00:02:01.690000,I,6b0165fe34ffc0fd2ffedc40
00:02:01.690625,I,2b017ffe6dff2cfe0ffed040
00:02:01.691187,I,fe0079fe53ff24fe0cfee640
00:02:01.691750,I,110159fe87ffc4fd15febd40
00:02:01.692375,I,380179fe2dffe8fd36fed940
00:02:01.692937,I,580166fe4dfff9fd08fe9840
00:02:01.693562,I,98018cfe67ffe6fd4dfe9c40
00:02:01.694125,I,450179fe2dffd4fd36febc40
00:02:01.694750,I,850172fe67ff0bfe21fe9840
00:02:01.695312,I,71015ffe3aff4ffe51fe9440
00:02:01.695937,I,1e019ffeb3ff2efe62fed940
00:02:01.696500,I,3e014cfe14ff09fe62fee240
00:02:01.697125,I,6b013ffe60fff9fd3efec940
00:02:01.697687,I,5e01ccfe01ff13fe38fecd40
00:02:01.698312,I,25016cfe87ffecfd30fee340
00:02:01.698875,I,710165fe40ff38fe63fed040
00:02:01.699500,I,2b016cfe3aff1cfe56feb440
00:02:01.700062,I,3101acfe41ffe4fd2dfeac40
00:02:01.700687,I,25018cfe34ff1dfe16febc40
00:02:01.701250,I,2b01b3fe5affeefd7efec940
00:02:01.701875,I,240139fe27ffdafd57fe8e40
00:02:01.702437,I,310165fe27ffc4fd27fe8f40
00:02:01.703062,I,520138fe33ff01fe0cfebb40
00:02:01.703625,I,25017ffe33ff06fe3dfee940
00:02:01.704250,I,4b018cfe47ffc5fd27fefe40
00:02:01.704812,I,6501a5fe53ffbefd3cfed840
00:02:01.705437,I,51015ffefafed0fd32fec940
00:02:01.706000,I,3e0186fe67ff16fe47fed940
00:02:01.706625,I,18016cfe34ff11fe40febc40
00:02:01.707187,I,18016cfe34ff0ffe54feb240
00:02:01.707812,I,4b012cfe47ff19fe65fed240
00:02:01.708375,I,58018cfe73ff1dfe1efed540
00:02:01.709000,I,3101a6fe34fffafd10fed940
00:02:01.709562,I,240179fe67fff0fd12fe9d40
00:02:01.710187,I,38016cfe20ff04fe41febd40
00:02:01.710750,I,7e0186fe53ff15fefcfdc840
00:02:01.711312,I,4b0199fe5affe2fd1cfe9a40
00:02:01.711937,I,45015ffe47ff1ffe40feb940
00:02:01.712500,I,380199fe1aff03fe38fe9740
00:02:01.713125,I,51018cfe40ffd8fd51fe9e40
00:02:01.713687,I,25018cfe4dffd7fd18fec640
00:02:01.714312,I,650152fe40ffb1fd66fef440
00:02:01.714875,I,58019ffe47ff08fe22fe0041
00:02:01.715500,I,580186fe60ff19fe59fedc40
00:02:01.716062,I,38019ffe80ffe9fd08fec240
00:02:01.716687,I,920159fe40ffd8fd3dfed840
00:02:01.717250,I,6b0165fe40ffbffd1bfe8a40
00:02:01.717875,I,380145fe3affa9fd4cfea840
00:02:01.718437,I,f100a6fe66ffe0fd45febc40
00:02:01.719062,I,250185fe14ffd8fd50fec740
00:02:01.719625,I,f100a6fe1affdbfd22feb040
00:02:01.720250,I,2b019ffe1afff0fd44fe8f40
00:02:01.720812,I,640199fe5affd1fd8cfe9940
00:02:01.721437,I,2b0192fe4dffc7fd22fe9b40
00:02:01.722000,I,5e01d2fea0ffeefd3afed040
00:02:01.722625,I,580179fe34ff1afe12fed240
00:02:01.723187,I,2b019ffe80ff30fe11fee840
00:02:01.723812,I,3801acfe40ffe5fd1cfee840
00:02:01.724375,I,78012cfe34fffefd47fef040
00:02:01.725000,I,5e015ffe67ffebfd3dfef840
00:02:01.725562,I,4b015ffe5aff0dfee8fdd840
00:02:01.726187,I,0b0152fe27fffffd43febc40
00:02:01.726750,I,1e0159fe3aff2afe65fed240
00:02:01.727375,I,fe005ffe21ffd8fd18feb940
00:02:01.727937,I,f80038fe4dffdcfd2efedc40
00:02:01.728562,I,65015ffe4dff1bfe3bfe9e40
00:02:01.729125,I,98015ffe34ff00fe04feac40
00:02:01.729687,I,310192fe6dff12fe19feba40
00:02:01.730312,I,1e018cfe2dfffefd46fead40
00:02:01.730875,I,72018cfe5aff17fe1dfeaf40
00:02:01.731500,I,250172fe20ffe1fd22feb540
00:02:01.732062,I,1801acfe47ff01fe26febb40
00:02:01.732687,I,650145fe20fffefd32feaa40
00:02:01.733250,I,440185fe47ffd4fd18fe8e40
00:02:01.733875,I,eb0032fe3aff24fe19feb940
00:02:01.734437,I,180185fe14ffcbfd30fecf40
00:02:01.735062,I,3e0179fe1aff19fe6cfed840
00:02:01.735625,I,38015ffe1aff15fe34feb040
00:02:01.736250,I,31018cfe7affd5fd22fec840
00:02:01.736812,I,310172fe2dffe5fd40feb240
00:02:01.737437,I,710159fe60ffd5fd3afebe40
00:02:01.738000,I,3201b9fe47ffe7fd63feab40
00:02:01.738625,I,180105fe60ffc4fd5ffebb40
00:02:01.739187,I,510192fe47fff3fd17febf40
00:02:01.739812,I,240165fe14ff12fe27fea440
00:02:01.740375,I,250166fe5aff16fe21fedb40
00:02:01.741000,I,5e0145fe67ffeefd23fe9840
00:02:01.741562,I,b10065fe5affeafd2ffe9d40
00:02:01.742187,I,6b017ffe14ff17fe22febf40
00:02:01.742750,I,510192fe6dfff1fd3cfe9d40
00:02:01.743375,I,1e0179fe73ffe8fd6afed140
00:02:01.743937,I,3101b9fe4dff1efe66fed940
00:02:01.744562,I,4b0159fe4dffd5fd22feec40
00:02:01.745125,I,180199fe80ff14fef5fdd940
00:02:01.745750,I,3801c6fefafefefd36fee440
00:02:01.746312,I,31016cfe4dff22fe39feb840
00:02:01.746937,I,3e017ffe54fffffd31feaf40
00:02:01.747500,I,450138fe6dffc8fd3efeca40
00:02:01.748062,I,710132fe3afff8fd21fec040
00:02:01.748687,I,2b0159fe2dffe8fd33fecc40
00:02:01.749250,I,04013ffe47fffffd07feae40
00:02:01.749875,I,850166fe5affc7fd24fea040
00:02:01.750437,I,4b013ffe14ffcafd0afe9c40
00:02:01.751062,I,05017ffe7affecfd25fec640
00:02:01.751625,I,5e012cfe07ff11fefdfdba40
00:02:01.752250,I,520172fe21fffafd3cfeaa40
00:02:01.752812,I,0b016cfe2dffd7fddffd9640
00:02:01.753437,I,1e016cfe3affc2fd3efe8740
00:02:01.754000,I,5801c6fe7aff0ffe2cfeab40
00:02:01.754625,I,18018cfe1affeffd23fee640
00:02:01.755187,I,850186fe4dffdefd25febd40
00:02:01.755812,I,3e014cfe27fffafd3cfecb40
00:02:01.756375,I,d700acfe5aff3cfefafdc240
00:02:01.757000,I,850152fe34ff01fe20febb40
00:02:01.757562,I,32015ffe4dff03fe6efebf40
00:02:01.758187,I,8b0165fe40ffeefd4cfe0a41
00:02:01.758750,I,310152fe53ff1ffe68fed440
00:02:01.759375,I,04019ffe9affeafd30fee740
00:02:01.759937,I,450112fe07ffdffd5bfed340
00:02:01.760562,I,5e0172fe60fff2fd33fe9540
00:02:01.761125,I,4b0179fe40fff9fd3dfe9c40
00:02:01.761750,I,6501a6fe40ffb8fd65fe9d40
00:02:01.762312,I,5e019ffe47ffd0fd42fea040
00:02:01.762937,I,64010cfe54ffcafd06fea340
00:02:01.763500,I,3801b2fe34ffe8fd49fe6d40
00:02:01.764125,I,450152fe40ff04fe38fecd40
00:02:01.764687,I,e400a5fe6dfffbfd39fe0041
00:02:01.765312,I,6b0125fe14ff14fe26fee140
00:02:01.765875,I,32014cfe8dff12fe49fe0741
00:02:01.766500,I,f8008cfe4dff0bfe53fe1a41
00:02:01.767062,I,520172fe47ffecfd28fefd40
00:02:01.767625,I,5e0172fefafedafd4efeec40
00:02:01.768250,I,180172fe67ffd8fd32fedc40
00:02:01.768812,I,710165fe2dff1bfe2ffeac40
00:02:01.769437,I,1101a5fe73ff0ffe02fecc40
00:02:01.770000,I,050199fe34ffd6fdf5fdb140
00:02:01.770625,I,180192fe14ffe3fd3ffeb540
00:02:01.771187,I,450172fe5affcefd04fea540
00:02:01.771812,I,450132fe5affdefdfffd8740
00:02:01.772375,I,3801ccfe4dfff5fd53fe9d40
00:02:01.773000,I,2b0172fe5aff1afe2cfe9240
00:02:01.773562,I,5e016cfef4fee0fd18fec340
00:02:01.774187,I,1e0145fe3aff36fef8fdbc40
00:02:01.774750,I,4b015ffe80ffebfd1efeb240
00:02:01.775375,I,fe0099fe40ff08fe43fecc40
00:02:01.775937,I,3e0165fe01ff03fe3ffec140
00:02:01.776562,I,51019ffe5affebfd31feea40
00:02:01.777125,I,85013ffe27ff08fe29feb540
00:02:01.777750,I,25013ffe5afff8fd35feb340
00:02:01.778312,I,38014bfe2dffeffd4efe0a41
00:02:01.778937,I,1e01acfe4dffeffd57fede40
00:02:01.779500,I,5201acfe47fff5fd1efebd40
00:02:01.780125,I,850125fee1fec9fd59feaf40
00:02:01.780687,I,65016cfe1afff3fd52feb040
00:02:01.781312,I,250199fe54fffdfd60fed740
00:02:01.781875,I,e4009ffe67fff2fd67fec040
00:02:01.782500,I,5e0165fe4dffe5fd26fe9640
00:02:01.783062,I,38018cfe3aff02fe3ffe8340
00:02:01.783687,I,25016cfe5aff1afe46fead40
00:02:01.784250,I,31018cfe4dff0efe0bfed540
00:02:01.784875,I,7e01b9fe67ff18fe0afecc40
00:02:01.785437,I,3e0152fe1afff5fd14feea40
00:02:01.786000,I,6b0158fe4dff05fe59feff40
00:02:01.786625,I,04019ffe67ff10fe1bfeeb40
00:02:01.787187,I,3e0172fe6dff08fe50fee940
00:02:01.787812,I,5801acfef4fe0cfe4afe0641
00:02:01.788375,I,180185fe6dff24fe4cfe2041
00:02:01.789000,I,11015ffe4dffdefd10fefe40
00:02:01.789562,I,45018cfe2dff0afe36fecb40
00:02:01.790187,I,6b0199fe34ff01fe15fedf40
00:02:01.790750,I,910172fe4dff22fe46fee840
00:02:01.791375,I,1e0159fe47ffd9fd32fe8640
00:02:01.791937,I,380179fe34ffedfd14fe9d40
00:02:01.792562,I,cb0079fe4dff0ffe32fea640
00:02:01.793125,I,44017ffe4dffc5fdeefda540
00:02:01.793750,I,110159fe2dffd9fd12fe9e40
00:02:01.794312,I,8b0145fefafefefd11fea140
00:02:01.794937,I,650185fe21ffecfd30fe8240
00:02:01.795500,I,510192fe47ff21fe4cfea440
00:02:01.796125,I,650165fe54ff05fe47fec240
00:02:01.796687,I,4b014cfe80fffafd6afead40
00:02:01.797312,I,45014cfe47ffe8fd3afed340
00:02:01.797875,I,310199fe4dffe4fd26fed540
00:02:01.798500,I,3e0145fe60fff0fd09feee40
00:02:01.799062,I,110199fe40ff1afe32feeb40
00:02:01.799687,I,31014cfe5afffcfd67fefa40
00:02:01.800250,I,5e0172fe5aff40fe5cfecd40
00:02:01.800875,I,4b016cfe5aff0efe2efea840
00:02:01.801437,I,78017ffe3aff24fe4bfeaa40
00:02:01.802062,I,65015ffe1affc2fd26feab40
00:02:01.802625,I,65019ffe93ffcdfd5cfed140
00:02:01.803250,I,71015ffe00fff1fd58fec340
00:02:01.803812,I,4501acfe47fff2fd6cfebd40
00:02:01.803937,U,b56201075c0070a8c616e6070a140a0814371a000000b923faff0301ea1df7b88306d9ca9d1a785f0100d3ab0000080700001f0900000b000000f9ffffffeeffffff0d00000089653c00d800000080a81201620000005c414f2100000000000000007e7b
00:02:01.804437,I,2b0198fe80ffcafd55fe9e40
00:02:01.805000,I,380165fe3affcafd24feac40
00:02:01.805625,I,1e01a5fe6dff12fe40feae40
00:02:01.806187,I,310152fe14ff01fe49fed540
00:02:01.806812,I,3101acfe8dffd2fd4bfe0641
00:02:01.807375,I,25010bfe07ff02fe22fe0141
00:02:01.807937,I,4b017ffe60ff20fe18fe1641
00:02:01.808562,I,6b0179fe0eff00fe0efe1141
00:02:01.809125,I,4501bffe47fff3fdf9fdf940
00:02:01.809750,I,580172fe54fff6fd16fed240
00:02:01.810312,I,310172fe4dffeefd2afee540
00:02:01.810937,I,250185fe41ffaefd1ffed840
00:02:01.811500,I,5e0132fe2dff03fe3bfed740
00:02:01.812125,I,7e0172fe54fffdfd37fec540
00:02:01.812687,I,510192fe1affeafdfbfd9140
00:02:01.813312,I,f80058fe73ff09fe13fec340
00:02:01.813875,I,180192fe74ffebfd1cfead40
00:02:01.814500,I,1e0138fe07ffdefd12fe8940
00:02:01.815062,I,58015ffe47ff30fefffdac40
00:02:01.815687,I,58015ffe01fff6fd21fe7c40
00:02:01.816250,I,65016cfe5aff15fe23feb640
00:02:01.816875,I,650165fefafee4fd31fece40
00:02:01.817437,I,5e018cfe67ff32fe1efeb340
00:02:01.818062,I,12015ffe4dffe3fd20feb940
00:02:01.818625,I,3e015ffe4dfff9fd28fe9e40
00:02:01.819250,I,0b0138fe3affd3fd71fed840
00:02:01.819812,I,6b0145fe14ff22fe28feb540
00:02:01.820437,I,310192fe80ff15fe4afeac40
00:02:01.821000,I,2b0138fe3afff5fd2cfe9f40
00:02:01.821625,I,110178fe6dffe6fd64feb240
00:02:01.822187,I,250145fe60ff00fe55fee240
00:02:01.822687,U,b5620136400070a8c616000101000000c03f0000803f81350c40a8e9bebdd831aebf1a63863f8164163f0881ae40c489ed3cb0f254b96a72bebb7a7a913cce32bf3a07de4d3d4526
00:02:01.822812,I,1e01b2fe3aff00fe0dfec340
00:02:01.823375,I,3e017ffe60ffc0fd67feb840
00:02:01.824000,I,5e01b2fe4dffeffd39fece40
00:02:01.824562,I,8b0172fe3aff13fe3ffeba40
00:02:01.825187,I,3e017ffe54ffa4fd3efec040
00:02:01.825750,I,5e0165fe4dffe5fd4ffef740
00:02:01.826375,I,31016cfe74fffcfd35fe0041
00:02:01.826937,I,050159fe4dffebfd0ffef040
00:02:01.827500,I,b201acfe14ff0cfe2ffe0b41
00:02:01.828125,I,2b019ffe6dff3ffe0ffee840
00:02:01.828687,I,3e0172fe0dff33fe12fee940
00:02:01.829312,I,580172fe40ffe5fd07fed040
00:02:01.829875,I,4b0165fe47ffe7fd1dfee140
00:02:01.830500,I,510165fe86ff1bfe24fed740
00:02:01.831062,I,5801acfe0dff16fe12feb940
00:02:01.831687,I,0b01b9fe61ff16fe39fed440
00:02:01.832250,I,450179fe27ffe4fd2afec640
00:02:01.832875,I,580152fe60fff2fd06feac40
00:02:01.833437,I,510179fe0dff0ffe29feb940
00:02:01.834062,I,2b015ffe60ff16fefcfdd040
00:02:01.834625,I,6b0185fe87ff14fe1afec440
00:02:01.835250,I,370172fe00ffe9fd32fea940
00:02:01.835812,I,510172fe60ffeefd3cfe9440
00:02:01.836437,I,2501a5fe54ffecfd00fe8840
00:02:01.837000,I,780179fe6dffe0fd34feac40
00:02:01.837625,I,4b019ffe1affecfd3afebc40
00:02:01.838187,I,510166fe7aff0efe33feaf40
00:02:01.838812,I,3e0152fe21ffe1fd42feb040
00:02:01.839375,I,2b017ffe53ff11fe3ffeba40
00:02:01.840000,I,fe008cfe47ff0dfe14fe9940
00:02:01.840562,I,580178fe21ffebfd41feba40
00:02:01.841187,I,4b01acfe54fff1fd4afec240
00:02:01.841750,I,4b015ffe14ff17fe56fec140
00:02:01.842375,I,2b0192fe9aff1cfe23fef040
00:02:01.842937,I,5e01acfe87ffcefd34fee140
00:02:01.843562,I,850179fe7affc2fd40feca40
00:02:01.844125,I,040132fe0dffd9fd16feb240
00:02:01.844750,I,110172fe67fff6fd6ffec040
00:02:01.845312,I,7e0158fe34ff25fe49feaa40
00:02:01.845937,I,1e0198fe5affe4fd6ffec440
00:02:01.846500,I,5e0146fe80ffe1fd06fedd40
00:02:01.847062,I,6b0166fe2dfff1fd5efee440
00:02:01.847687,I,52013ffe4dfff4fd28fed240
00:02:01.848250,I,4b017ffe3aff03fef7fde240
00:02:01.848875,I,0b019ffe6dffeffd0efedd40
00:02:01.849437,I,3e0172fe3aff02fe76fe9e40
00:02:01.850062,I,5e0172fe40fffffd14fedb40
00:02:01.850625,I,170165fe67ff07fe11febb40
00:02:01.851250,I,3e018cfe47ff0bfe6afec040
00:02:01.851812,I,6b0192fe73ff0cfe32fec040
00:02:01.852437,I,32015ffe40fff0fd4cfec340
00:02:01.853000,I,5e0192fe60ff1bfe06fe9f40
00:02:01.853625,I,18016cfe3aff00fe07feae40
00:02:01.854187,I,980186fe47fffcfd20fea640
00:02:01.854812,I,eb005ffe3afff0fd10fed440
00:02:01.855375,I,380192fe47ff2dfe2ffeb840
00:02:01.856000,I,050165fe2dff2efe22feaa40
00:02:01.856562,I,380145fe54ffecfd34fecb40
00:02:01.857187,I,4b0125fe4dff0cfef8fdd040
00:02:01.857750,I,5e013ffe41ff14fe21fec340
00:02:01.858375,I,3e017ffe47ff17fe03feb440
00:02:01.858937,I,58015ffe54ffa0fd0cfeb140
00:02:01.859562,I,d80079fe5affdbfd21feeb40
00:02:01.860125,I,920152fe27fffefd28feae40
00:02:01.860750,I,f10078fe4dfff9fd70fec340
00:02:01.861312,I,850192fe41fff2fd36fe8b40
00:02:01.861937,I,fe0045fe61ff01fe2efeca40
00:02:01.862500,I,780172fe47ff08fe49febe40
00:02:01.863125,I,52017ffe4dffeefd52fe5a40
00:02:01.863687,I,5e017ffe3aff12fe36fea940
00:02:01.864312,I,110158fe47fffefd3afea040
00:02:01.864875,I,510172fe6dffd6fd58fec640
00:02:01.865500,I,78014cfe3affd5fd4ffed340
00:02:01.866062,I,4501acfe81ffbafd68fee740
00:02:01.866625,I,6b013ffe4dfff5fd14fed240
00:02:01.867250,I,380186fe8dffe0fd44fef040
00:02:01.867812,I,9f0172fe34fff5fd6afef440
00:02:01.868437,I,180118fe47fffcfd5afeea40
00:02:01.869000,I,0b017ffe6dff34fe5cfed840
00:02:01.869625,I,650192fe60fffbfdfefd9640
00:02:01.870187,I,1e0138fe2dfff2fd34fee840
00:02:01.870812,I,3801ccfe3affe9fd03fec340
00:02:01.871375,I,650132fe27fff1fdf5fdae40
00:02:01.872000,I,5e0165fe14ff0afef1fda840
00:02:01.872562,I,780192fe73fff4fd4cfe8a40
00:02:01.873187,I,0b0185fe4dff06fe20fe9a40
00:02:01.873750,I,25016cfe40fffffd37fe9740
00:02:01.874375,I,f80045fe47ff03fe29fe7440
00:02:01.874937,I,2b014cfe87ff17fe48fe9740
00:02:01.875562,I,050179fe27ffecfd2afea640
00:02:01.876125,I,91015ffe2dffbafd30feca40
00:02:01.876750,I,3e01b2fe6dffd9fd1ffec540
00:02:01.877312,I,58016cfe54ff1ffe1dfeb440
00:02:01.877937,I,1e01b2fe3aff21fe0ffec940
00:02:01.878500,I,3e0192fe6dfffffd56feb940
00:02:01.879125,I,6501ccfe4dff1efe4bfea440
00:02:01.879687,I,780112fe61ffe4fd36fea540
00:02:01.880312,I,450192fe47fff7fd54fecc40
00:02:01.880875,I,85012cfe73ff2afe63fed740
00:02:01.881500,I,5e01acfe47ffe5fd4efe9d40
00:02:01.882062,I,250132fe27ffeafd33fe7940
00:02:01.882687,I,650172fe74ffd6fd0efe7b40
00:02:01.883250,I,3e0159fe5affc5fd44fea140
00:02:01.883875,I,320179fe41ff30fe1efea940
00:02:01.884437,I,45016cfe54ffc8fd58feb740
00:02:01.885062,I,31014cfe4dfff2fd41fe9d40
00:02:01.885625,I,f80092fe2dffdefd23feeb40
00:02:01.886187,I,780165fe47fff2fd43fed540
00:02:01.886812,I,980152fe47fff3fd3afeb940
00:02:01.887375,I,250199fe07ffecfd45fe0341
00:02:01.888000,I,fe0072fe67fffafd5bfead40
00:02:01.888562,I,4b0165fe34ff2cfe28feba40
00:02:01.889187,I,2b0165fe34ffd1fd45fefe40
00:02:01.889750,I,45017ffe6dff1afe25fee940
00:02:01.890375,I,450159fe20ff16fe10fee640
00:02:01.890937,I,3e0178fe6dff07fe11fec640
00:02:01.891562,I,450185fe07fff6fd85fecf40
00:02:01.892125,I,3e0198fe1affe4fd14fea440
00:02:01.892750,I,380192fe60ff26fe45fe9d40
00:02:01.893312,I,45017ffe7afffcfd19fedb40
00:02:01.893937,I,2b01b2fe1affe4fd12fed540
00:02:01.894500,I,52016cfe54ffe7fd1efea340
00:02:01.895125,I,3e017ffe0dff0bfe58fead40
00:02:01.895687,I,3e01a6fe40ffeefd1bfe9d40
00:02:01.896312,I,650179fe54ff18fe3efe8740
00:02:01.896875,I,580179fe61ff1bfe0bfee140
00:02:01.897500,I,fe009ffe4dffe4fd40fed340
00:02:01.898062,I,440165fe3affe5fd2bfebe40
00:02:01.898687,I,64016cfe4dffd5fd45fedf40
00:02:01.899250,I,4b0192fe6dff23fe46fec740
00:02:01.899875,I,3e018cfe07ff09fe24fee440
00:02:01.900437,I,3e0145fe3afffdfd5cfeee40
00:02:01.901062,I,45019ffe40ff0efe24fec640
00:02:01.901625,I,910159fe07ffe0fd52fea940
00:02:01.902250,I,24015ffe21fff4fd14fed940
00:02:01.902812,I,5101bffe4dffacfd3afeb240
00:02:01.903437,I,38016cfe20ff06fe35fea640
00:02:01.904000,I,310158fe5aff36fe02feb340
00:02:01.904625,I,18017ffe20ffeafd1afec240
00:02:01.905187,I,2b0192fe1afffafd32fea640
00:02:01.905750,I,450145fe40ffecfd77fed640
00:02:01.906375,I,2501a5fe3afffefd5efe7e40
00:02:01.906937,I,9e0192fe74ffd5fd55fe9240
00:02:01.907562,I,38016cfe14ff24fe30fec240
00:02:01.908125,I,580112fe27ff01fe4cfe0a41
00:02:01.908750,I,1e0172fe67ffeefd40fed740
00:02:01.909312,I,5e0158fe54ff02fe2cfee340
00:02:01.909937,I,fe0099fe80ffdcfd3efecf40
00:02:01.910500,I,51015ffe54fff0fd39fed340
00:02:01.911125,I,2401b9fe6dff0afe27fec540
00:02:01.911687,I,5e0166fe67ff00fe44feb840
00:02:01.912312,I,0b0159fe67fff7fd1cfec640
00:02:01.912875,I,1e017ffe47fffffd22fe8540
00:02:01.913500,I,450159fe67fff8fdf8fd8c40
00:02:01.914062,I,5e0145fe34ff1cfe1bfede40
00:02:01.914687,I,c400a6fe54ff39fe0cfead40
00:02:01.915250,I,31017ffe5aff0cfe2cfea640
00:02:01.915875,I,040192fe53ff0efe0dfea140
00:02:01.916437,I,580166fe40ffe1fde0fdaf40
00:02:01.917062,I,510139fe2dff12fe2dfeb440
00:02:01.917625,I,6b0166fe4dff0ffe1efe7a40
00:02:01.918250,I,de0072fe60ff35fe31fea140
00:02:01.918812,I,710152fef4fe26fe20febb40
00:02:01.919437,I,240186fe54ff02fe40fee940
00:02:01.920000,I,7101acfe67ff0ffe32feaa40
00:02:01.920625,I,240179fe4dff23fe67fee740
00:02:01.921187,I,310199fe74ff04fe65fed540
00:02:01.921812,I,7101b2fe67fff8fd26fee640
00:02:01.922375,I,2b0199fe14ff0afe40fed640
00:02:01.923000,I,250178fe7affe1fd4cfec540
00:02:01.923562,I,4b017ffe27ffe8fd7cfe8d40
00:02:01.924187,I,240165fe60ffebfd5ffe6b40
00:02:01.924750,I,78017ffe6dffdafd29fe8440
00:02:01.925312,I,310172fe1afffffd26fe9340
00:02:01.925937,I,510165fe2dffd7fd59fe8640
00:02:01.926500,I,fe007ffe46ffc8fd0dfec940
00:02:01.927125,I,7e01b2fe27ffc4fd49fed440
00:02:01.927687,I,4b0172fe3afff9fd40feca40
00:02:01.928312,I,5e019ffe5affbefd60fedf40
00:02:01.928875,I,4b0145fe47fff7fd44fece40
00:02:01.929500,I,380199fe0dff1cfe4dfe0341
00:02:01.930062,I,f80079fe5aff08fe1bfee440
00:02:01.930687,I,6b01a5fe5aff27fe32feea40
00:02:01.931250,I,1e0165fe40ff0cfe26fe2c41
00:02:01.931875,I,380199fe93ff06fe10fee540
00:02:01.932437,I,38013ffe6dffb2fd14fee240
00:02:01.933062,I,6b0152fe5affbafdf1fd9d40
00:02:01.933625,I,32016cfe67ff0afe07fe8a40
00:02:01.934250,I,1e0179fe20ffc1fdf9fd8b40
00:02:01.934812,I,3e013ffe60ffc6fd07fe5e40
00:02:01.935437,I,5e01a6fe0dffedfdfafd7540
00:02:01.936000,I,650179fe67ff20fe56feb240
00:02:01.936625,I,5e019ffe4dffc0fd28fea840
00:02:01.937187,I,6501a5fe5affd9fdf9fdbb40
00:02:01.937812,I,510172fe60ff00fe20fea440
00:02:01.938375,I,450192fe54ff22fe42fec540
00:02:01.939000,I,65016cfe47fff9fd36fe9a40
00:02:01.939562,I,d80072fe80fffcfd5efeb940
00:02:01.940187,I,92014cfe40ff1ffe6efef540
00:02:01.940750,I,0b016cfe67ff15fe76feb040
00:02:01.941375,I,510192fe7afffefd69fe9140
00:02:01.941937,I,a5014cfe53ff10fe77fe9640
00:02:01.942562,I,25014cfe5affc4fd3efeca40
00:02:01.943125,I,380192fe3affe7fd3efe8c40
00:02:01.943687,I,640145fe1affc9fd4efea940
00:02:01.944312,I,6501b9fe40ffcafd62fe9b40
00:02:01.944875,I,f10092fe6dffc5fd58fe9a40
00:02:01.945500,I,580159fe54ff14fe58fe8240
00:02:01.946062,I,eb0099fe6dffbefd8ffeab40
00:02:01.946687,I,450179fe01fffafdfcfdec40
00:02:01.947250,I,2b018cfe60ff28fe44feac40
00:02:01.947875,I,650152fe21fffdfd2ffee540
00:02:01.948437,I,780199fe54ff03fe18fed140
00:02:01.949062,I,2b019ffe60ff01fe3ffe1341
00:02:01.949625,I,1e017ffe27ffeefd3dfe2641
00:02:01.950250,I,52016cfe4dff07fe00fede40
00:02:01.950812,I,110186fe1affbcfd23fefe40
00:02:01.951437,I,510159fe40ffe7fd17fe3341
00:02:01.952000,I,85013ffe14ff1cfe39fed040
00:02:01.952625,I,de0059fe6dfff8fd23fed640
00:02:01.953187,I,3e0152fe27ff01fef2fdf040
00:02:01.953812,I,fe0086fe4dffd6fd02fed240
00:02:01.954375,I,fe003ffe5affc8fd17feb040
00:02:01.955000,I,0401c6fe6dffaafd05fec940
00:02:01.955562,I,38018cfe34ff08fe2dfe9340
00:02:01.956187,I,72016cfe21ffd6fd22fe8740
00:02:01.956750,I,2b0166fe47fff7fd3ffe8d40
00:02:01.957375,I,85016cfe2dffdafd0dfe6640
00:02:01.957937,I,91018cfe60ff1cfe54feae40
00:02:01.958562,I,6b0158fe34ff10fe37feab40
00:02:01.959125,I,920165fe40ffebfd35fec140
00:02:01.959750,I,1e014cfe47ff0afe68fed940
00:02:01.960312,I,380158fe54ffeafd18fe9740
00:02:01.960937,I,5f0165fe47ff0efe37fed340
00:02:01.961500,I,520139fe14fff6fd34fed240
00:02:01.962062,I,4b018cfe5affd4fd64fe8840
00:02:01.962687,I,4b015ffe34ffe4fd38fea040
00:02:01.963250,I,05018cfe3afff2fd55fea740
00:02:01.963875,I,450152fe27ffe3fd3efea340
00:02:01.964437,I,4b0138fe2dffe2fd20feba40
00:02:01.965062,I,11015ffe3aff1bfe3dfed740
00:02:01.965625,I,180199fe60ffd3fd11fec140
00:02:01.966250,I,510152fe4dffdbfd56fea640
00:02:01.966812,I,51017ffe2dff20fe63febe40
00:02:01.967437,I,450178fe80ffeefd55fed040
00:02:01.968000,I,450165fe60ffe4fd40fed640
00:02:01.968625,I,58018cfe67ff05fe4dfede40
00:02:01.969187,I,1e014cfe4dffdffd52fed940
00:02:01.969812,I,de0072fe74ff34fe09feda40
00:02:01.970375,I,18014cfe34fff1fdfafdfe40
00:02:01.971000,I,320185fe27ffe9fd47fed940
00:02:01.971562,I,580185fe5afffcfd63fedc40
00:02:01.972187,I,6b013ffe27ffebfd2cfef840
00:02:01.972750,I,ab0152fe87ffddfd34feda40
00:02:01.973375,I,3e017ffe1affd1fd11fe8c40
00:02:01.973937,I,58015ffe1affd4fdfffdb140
00:02:01.974562,I,720192fe27ff07fe0ffe9040
00:02:01.975125,I,2b017ffe3afff8fd1afe8440
00:02:01.975750,I,2b0172fe6dffd8fd13febb40
00:02:01.976312,I,7e014cfe27ffc3fd2efe8c40
00:02:01.976937,I,24018cfea7ffd9fd23fe9e40
00:02:01.977500,I,580165fe21ffdffd5afe8540
00:02:01.978125,I,520152fe21ff07fe52feaa40
00:02:01.978687,I,110158fe74ff04fe5efee840
00:02:01.979250,I,fe0092fe21ff0efe30feb840
00:02:01.979875,I,510165fe5aff1afe2dfec840
00:02:01.980437,I,380118fe60ff02fe38fef040
00:02:01.981062,I,6b0185fe6dff2cfe57fee040
00:02:01.981625,I,38016cfe54fff9fd31fefe40
00:02:01.982250,I,650178fe21ffe7fd18fed440
00:02:01.982812,I,3e015ffe34ff27fe30fef240
00:02:01.983437,I,5e018cfe94ffa1fd46fed640
00:02:01.984000,I,2b0165fe60ff01fe76febd40
00:02:01.984625,I,7e0179fe34fffffd54fe8e40
00:02:01.985187,I,3e017ffe41fffcfd33fe8e40
00:02:01.985812,I,5e016cfe54ff08fe5efe9e40
00:02:01.986375,I,120179fe2dff0efe60fea040
00:02:01.987000,I,180185fe87ffd7fd32fe8740
00:02:01.987562,I,3e016cfe6dffb8fd1efe8e40
00:02:01.988187,I,11015ffe67fff1fd22feba40
00:02:01.988750,I,720152fe54fffafd7bfec440
00:02:01.989375,I,8b017ffe74fff6fd62fed940
00:02:01.989937,I,2501a5fe27fff2fd42fecc40
00:02:01.990562,I,6b0125fe47ff20fe3efe1641
00:02:01.991125,I,5e0192fe41ff25fe28fefe40
00:02:01.991750,I,1e01a5fe67ff10fe4cfe0a41
00:02:01.992312,I,040165fe47ff08fe32fede40
00:02:01.992937,I,3f018cfe60ff24fe25fec540
00:02:01.993500,I,0b0199fe27ff1efe21fedb40
00:02:01.994125,I,180179fe61ff02fe4afed140
00:02:01.994687,I,510138fe54ff2ffe50fed440
00:02:01.995312,I,05018cfe5aff14fe1cfe9540
00:02:01.995875,I,25016cfe40ffe6fdd0fd8340
00:02:01.996500,I,1e015ffe61ff1cfe27fe6d40
00:02:01.997062,I,3e0172fe1afff1fd22fec740
00:02:01.997687,I,2b01a5fe74ff01fe0ffeb240
00:02:01.998250,I,71015ffe81ff21fe94fea140
00:02:01.998812,I,250152fe60ff11fe24fe9340
00:02:01.999437,I,4b015ffe21ffe2fd24fee240
00:02:02.000000,I,1801b9fe80fff8fd31feba40
00:02:02.000625,I,4b0152fe4effeafd52fec340
00:02:02.001187,I,2401bffe7afff9fd54fec640
00:02:02.001812,I,180179fe4dffd6fd1efecd40
00:02:02.002375,I,25016cfe8dfff4fd40fedc40
00:02:02.003000,I,31014cfe01ffe4fd24feaa40
00:02:02.003562,I,3e016cfe40ffe5fd28fec240
00:02:02.004187,I,1e0165fe14ffe5fd55fe9b40
00:02:02.004750,I,6b013ffe1affeafd58fec940
00:02:02.005375,I,5e0138fe40ff2ffe3ffe1841
00:02:02.005937,I,3e0172fe54ffeafd1afee640
00:02:02.006562,I,520179fe80ffc2fd38fef540
00:02:02.007125,I,920165fe34ffd8fd61fed540
00:02:02.007750,I,180192fe5affe0fd42feac40
00:02:02.008312,I,5e015ffe34ffc5fd0cfea140
00:02:02.008937,I,710139fe27fff5fdfdfda640
00:02:02.009500,I,4b0179fe3afff6fd2cfed840
00:02:02.010125,I,3e0199fe40ffd0fd3cfec740
00:02:02.010687,I,44018cfe60ffe6fd5cfed740
00:02:02.011312,I,310186fe3afff2fd46fecb40
00:02:02.011875,I,510125fe5affe9fdf2fdab40
00:02:02.012500,I,240159fec0ffeefd23fed940
00:02:02.013062,I,710172fe67ff10fe4ffed340
00:02:02.013687,I,710193fe73ffcefd10fee340
00:02:02.014250,I,b8014cfe53ff12fe22feed40
00:02:02.014875,I,850165fe01ff48fe33fea740
00:02:02.015437,I,45017ffe47ff11fe38fe8b40
00:02:02.016062,I,f70072fe40ff03fe20fe9540
00:02:02.016625,I,1e016cfe0dfff8fd36fec040
00:02:02.017187,I,4b0159fe86ff0cfe18febd40
00:02:02.017812,I,450179fe33ffd9fd64feba40
00:02:02.018375,I,d8007ffe5affe1fd53fec640
00:02:02.019000,I,38016cfe47fff4fd4afec440
00:02:02.019562,I,51018cfe2dffb2fd50fe7c40
00:02:02.020187,I,fe0092fe4dffe8fd36fe8240
00:02:02.020750,I,78016cfe47ff0afe2afe2541
00:02:02.021375,I,e500acfe34ff0cfe57feb340
00:02:02.021937,I,b20172fe2dff33fe51feb840
00:02:02.022562,I,4b0159fe27ffeafd39feac40
00:02:02.023125,I,3e0152fe60ff3afe49fed940
00:02:02.023750,I,3e0172fe47ff1efe58feaa40
00:02:02.024312,I,3e0152fe73ff46fe49feb140
00:02:02.024937,I,25019ffe40ff20fe6ffe9840
00:02:02.025500,I,310165fe47ffd1fd47fea440
00:02:02.026125,I,380179fe27fff8fd37fec740
00:02:02.026687,I,18016cfe54ff08fe29fe9140
00:02:02.027312,I,650159fe40ff0ffe45fe9040
00:02:02.027875,I,38017ffe40ffeafd2efe6940
00:02:02.028500,I,4501bffe27ff00fe47fe8f40
00:02:02.029062,I,5801a6fe34ffe9fd20fedb40
00:02:02.029687,I,450179fe6dffe3fd35fec940
00:02:02.030250,I,4b0199fe3affbefd3efee740
00:02:02.030875,I,1e017ffe5affdefd32fee540
00:02:02.031437,I,650198fe7affd2fd42fed340
00:02:02.032062,I,5201acfe4dffccfd3cfefe40
00:02:02.032625,I,58018cfe2dfff8fd3bfe0141
00:02:02.033250,I,450185fe6dfffffd11fefd40
00:02:02.033812,I,310132fe34ffe5fd3cfed940
00:02:02.034437,I,250172fe01ffc4fd05fec940
00:02:02.035000,I,de0085fe41ff30fe45fedd40
00:02:02.035625,I,6b0159fe47ff05fe6bfeb640
00:02:02.036187,I,18015ffe60ffd5fd58fea840
00:02:02.036750,I,450158fe21ffeafd12fe9340
00:02:02.037375,I,65016cfe6dffc0fd1afe9b40
00:02:02.037937,I,7201bffe47ffe6fd24feb740
00:02:02.038562,I,2b0172fe34ffccfd22fe8040
00:02:02.039125,I,2b0145fe73ffbafd0cfe8440
00:02:02.039750,I,f80045fe54ff26fe3dfe8b40
00:02:02.040312,I,2501b2fe8dff4bfe12febf40
00:02:02.040937,I,2b018cfe1aff0ffe40feb940
00:02:02.041500,I,2b0186fe41ffeefd06feac40
00:02:02.042125,I,32016cfe3affb8fd3efe9a40
00:02:02.042687,I,180199fe6dffeffd56feb440
00:02:02.043312,I,78012cfe54ff29fe59fedc40
00:02:02.043875,I,850178fe3aff1afe44feee40
00:02:02.044500,I,310185fea0ffe9fd5ffed640
00:02:02.045062,I,380165fe5affbdfd3cfec340
00:02:02.045687,I,1e0192fe6dffcefd35fea840
00:02:02.046250,I,2501b9fe8dffb1fd67fed240
00:02:02.046875,I,450132fe2dffdcfd3ffeb540
00:02:02.047437,I,6b0152fe1affe5fd19fea240
00:02:02.048062,I,110145fe2effeafd34feb640
00:02:02.048625,I,a501b9fe67ffcdfd33fed940
00:02:02.049250,I,d1005ffe34ffebfd37fec740
00:02:02.049812,I,78014cfe27fff6fd1afea940
00:02:02.050437,I,3e0152fe07ff1efe4dfed440
00:02:02.051000,I,580172fe5aff16fe41fedb40
00:02:02.051625,I,6b0158fe5affe5fd52fee340
00:02:02.052187,I,9e015ffefafe1ffe08fe1041
00:02:02.052812,I,4b01c5fe54ff03fe3bfe1e41
00:02:02.053375,I,250179fe54fff6fd30feed40
00:02:02.054000,I,7e0172fe40ff1ffe2efef240
00:02:02.054562,I,92014cfe40ffeafd09fedb40
00:02:02.055125,I,5e0159fe14ff1afe18fed040
00:02:02.055750,I,c500ccfe87ffcffdf8fde740
00:02:02.056312,I,920158feb4fe1afe16fecc40
00:02:02.056937,I,520185fe60ffe9fd57fe7e40
00:02:02.057500,I,380132fe54ff32fe18fe8640
00:02:02.058125,I,4b018cfe5affddfd2afecc40
00:02:02.058687,I,380178fe47ff0cfe33fe7d40
00:02:02.059312,I,6b0152fe41ff27fe20fe9a40
00:02:02.059875,I,3e015ffe87ff23fe23feb740
00:02:02.060500,I,510152fee7fee7fd2dfe9c40
00:02:02.061062,I,38013ffe74fff5fd39fed240
00:02:02.061687,I,f10099fe61ff2afe5dfeb040
