00:41:44.344312,I,fb007dfe63fff8fdb8feca40
00:41:44.179937,U,b56201075c0098aa8d16e6070a140906053719000000566000000303ea1d41ee760657ff911adfec0100f83801008a0500005808000003000000f0ffffffd2ffffff10000000be345a01f200000080a812016c0000005c414f210000000000000000d5cd
00:41:44.344437,I,9b0183fe63ff1dfeaafead40
00:41:44.198687,U,b5620136400098aa8d16000101000000c03f0000803fd448773fa21d503ef4f62abe89b5853f74ec503f92f09140535fa73ceeb12a3b640173bb6033a03c1387033cfc3b6a3da3e1
00:41:44.345062,I,4801cafea2ff08feb2fedf40
00:41:44.345625,I,0e015dfee9fe4ffec8fed340
00:41:44.346250,I,1501cafe63ff1afed4fee940
00:41:44.346812,I,420196fe23ff3dfe9afec640
00:41:44.347437,I,3b016afe16ff24fe8afe0241
00:41:44.348000,I,01018afef6fe4efe96fefa40
00:41:44.348625,I,5501bdfe8fff4cfe72fe9740
00:41:44.349187,I,5b014afe56ff1afea8feaa40
00:41:44.349812,I,3b0189fe49ff22fe87fee840
00:41:44.350375,I,1b0149fe1cfffffd87fee040
00:41:44.351000,I,2201b0fea3ff30fec0fe9940
00:41:44.351562,I,ee009dfe83ff2cfeb8fec840
00:41:44.352187,I,680156fe03ff10feb7fec940
00:41:44.352750,I,ee007dfe2fff4afeb2fe9240
00:41:44.353375,I,080143fe96ff20fed3fede40
00:41:44.353937,I,48019dfe23ffeefda4febe40
00:41:44.354562,I,6e0176fe3cff28fe7bfecb40
00:41:44.355125,I,3b017dfe4fffe9fda7fe8440
00:41:44.355750,I,1b0163fe29ff0dfe84feb040
00:41:44.356312,I,3501aafe5cff1dfeccfeb340
00:41:44.356937,I,5501aafefdfefbfd9cfef540
00:41:44.357500,I,2101a3fe83ffeafda0febe40
00:41:44.358125,I,620169fe10ff26fe84fedf40
00:41:44.358687,I,3b015dfe49ff3cfea0feea40
00:41:44.359312,I,8e0196fe89ff0bfe70fe9e40
00:41:44.359875,I,7b017dfe56ff21fea7fe9c40
00:41:44.360500,I,6e0196fe49ff36fe75fe9640
00:41:44.361062,I,610170fe6fff21fe99fe9540
00:41:44.361687,I,340197fe6fff01fea3fe9640
00:41:44.362250,I,2e0183fe8fff12fe89fec440
00:41:44.362875,I,db00a3fe69ff18fe98febe40
00:41:44.363437,I,88017dfe5cff35fe70fecf40
00:41:44.364062,I,4e017dfe56ff29feaefef040
00:41:44.364625,I,68015dfe49ff4bfe7ffee240
00:41:44.365187,I,3501aafe5cff2cfe67fee540
00:41:44.365812,I,550163fe43ff1bfeaffea640
00:41:44.366375,I,4e0197fe16ff38fea6fec840
00:41:44.367000,I,550190fe49ff32fe9efe7b40
00:41:44.367562,I,480156fefdfeecfd8afed140
00:41:44.368187,I,1b0170fe6fff15fe8dfed940
00:41:44.368750,I,1b0183fe09ff3bfedafea640
00:41:44.369375,I,6e015dfe43ff48fe79fecb40
00:41:44.369937,I,01017dfe6fff1afe60fec440
00:41:44.370562,I,3b0170fe36ff25febbfed540
00:41:44.371125,I,8e0169fe23ff0efe99fecb40
00:41:44.371750,I,7b0169fe69ff02fe68fee840
00:41:44.372312,I,680156fe2fff2dfec0feca40
00:41:44.372937,I,280183fe1cff4efebafeb240
00:41:44.373500,I,1b0197fe6fff01fea1febf40
00:41:44.374125,I,5b0156fe29ff05fe85fec140
00:41:44.374687,I,350183fe4fff41fe9bfeb140
00:41:44.375312,I,81015dfe4fff42fe96fe7f40
00:41:44.375875,I,22013cfe43ff2afe9bfe8940
00:41:44.376500,I,f500d7fe69ff02fec0feab40
00:41:44.377062,I,550190fe83ff23fe8ffeec40
00:41:44.377687,I,21015dfe29ff11feb8fee040
00:41:44.378250,I,ee00bdfe95ff46fe6cfeb140
00:41:44.378875,I,48016afe56ff44fe76fec740
00:41:44.379437,I,550136fe3cffebfd95fed040
00:41:44.380062,I,1b0183fe69ff1cfe72fec840
00:41:44.380625,I,550150fe30ff22fec0fedc40
00:41:44.381250,I,c80097fe69ff17fe9afeb540
00:41:44.381812,I,350163fe10ff06fe8dfec240
00:41:44.382437,I,6e0170fef6fe42fe74feaf40
00:41:44.383000,I,34019dfe7cff54fe7cfef340
00:41:44.383625,I,ee00b0fe56ff41fe61fee440
00:41:44.384187,I,4e0150fe56ff37fe7efed940
00:41:44.384750,I,f50063fe5cff18fea6febf40
00:41:44.385375,I,9b0196fe36ffebfda9feb340
00:41:44.385937,I,55015dfe36ffe8fd94feb040
00:41:44.386562,I,1b0176fe4fff16fecefebc40
00:41:44.387125,I,55017dfe6fff47fe74feac40
00:41:44.387750,I,3b0169fe5cff2afe7efedc40
00:41:44.388312,I,3501b0fe42ff37feb6fe9840
00:41:44.388937,I,1b01b0fe49fffdfd8bfeaf40
00:41:44.389500,I,42013dfe30ff66feaffea740
00:41:44.390125,I,220190fe82ff63fe7dfed740
00:41:44.390687,I,150176fe1cff20fe8ffedf40
00:41:44.391312,I,35018afe7cff74feb8feae40
00:41:44.391875,I,95018afe4fff16fecdfed140
00:41:44.392500,I,4f0196fe3cff31fea8fea840
00:41:44.393062,I,5b0150fe76ff10fe8dfe8e40
00:41:44.393687,I,0e01bdfe5cff5cfeaefedc40
00:41:44.394250,I,0e015dfe16ff73fe93fee240
00:41:44.394875,I,1b0170fe56ff32fe8afedd40
00:41:44.395437,I,1b01b0fe29ff59fee7fec040
00:41:44.396062,I,3b0170fe16ff08febbfedd40
00:41:44.396625,I,ee00a3fe1cff26fe71fed240
00:41:44.397250,I,48017dfe63ff3afe7cfecf40
00:41:44.397812,I,4f01a3fe4fff34febffea740
00:41:44.398437,I,42015dfe3cff36fe84fea040
00:41:44.399000,I,680170fe1dff0cfe7ffea840
00:41:44.399625,I,61019dfe63ff09fe90fea140
00:41:44.400187,I,6e0183fe3cff3cfeaffe9240
00:41:44.400812,I,4e016afe82fff2fd78febe40
00:41:44.401375,I,5b0169fe69ff12fe74feb240
00:41:44.402000,I,4e0150fe56fff8fd9afe9640
00:41:44.402562,I,21019dfe49ff71fe7bfec140
00:41:44.403187,I,080156fe89fff4fda7fe9c40
00:41:44.403750,I,3b0183fe16ffe5fd88fee140
00:41:44.404375,I,5b0163fe89ffdefd90fedf40
00:41:44.404937,I,210170fef6fe0ffe6dfeca40
00:41:44.405500,I,1b0183fe83ff18fe78fe9a40
00:41:44.406125,I,5b0196fe4fff54fea4fecb40
00:41:44.406687,I,8e0190fe3cff36feb2fee940
00:41:44.407312,I,550197fe43ff42fea4fef840
00:41:44.407875,I,2e0176fe56ff51fe84fec540
00:41:44.408500,I,950163fe63ff29fe71feac40
00:41:44.409062,I,0e0196fe30ff81fe7dfea640
00:41:44.409687,I,68013dfe29ff4efe7afe7e40
00:41:44.410250,I,5b0196fe2fff3afeb4fea840
00:41:44.410875,I,6801b7fe42ff3afebcfeaa40
00:41:44.411437,I,f5009dfe23ff0bfeacfea640
00:41:44.412062,I,2e015dfe7cff3dfeaefea940
00:41:44.412625,I,55018afe63ff7efeaefebc40
00:41:44.413250,I,4e0149fe49ff2dfe87febf40
00:41:44.413812,I,6e01b7fe76ff54fea7fe9e40
00:41:44.414437,I,3b0176fe36ff7dfeeffed040
00:41:44.415000,I,0e017dfe43ff44fea5fef740
00:41:44.415625,I,41015dfe4fffeefdb8feee40
00:41:44.416187,I,7b0150fe16ff3efeb0fec440
00:41:44.416812,I,3b0156fe36ff3ffe79fed540
00:41:44.417375,I,6e017dfe56ff59fea6feef40
00:41:44.418000,I,22017dfe2fff06fe78fec640
00:41:44.418562,I,55016afe09ff26fe6afeae40
00:41:44.419187,I,1501cafe89ff1ffe9afed340
00:41:44.419750,I,880156fe30ff15fe75fe8a40
00:41:44.420375,I,3501b0febcff54feb1fec040
00:41:44.420937,I,680150fe49ff42fedcfeba40
00:41:44.421562,I,3b019dfe76ff40feabfec040
00:41:44.422125,I,620130fe1cff61feccfef340
00:41:44.422750,I,280170fe82ff42feadfebe40
00:41:44.423312,I,350176fe4fff24fe9dfef140
00:41:44.423937,I,7b0170fe83ff32fe9ffee740
00:41:44.424500,I,2e0183fe63ff56fe5dfed240
00:41:44.425062,I,140170fe76ff3efe88feb740
00:41:44.425687,I,5501a3fe1cff35fe95feea40
00:41:44.426250,I,4e01aafe6fff0afec1feca40
00:41:44.426875,I,21017dfe43ff10feadfee340
00:41:44.427437,I,8e012afe63ff27fed2feb640
00:41:44.428062,I,6e0196fe6fff43fe77febc40
00:41:44.428625,I,620196fe49ff34fe7cfed940
00:41:44.429250,I,480163fe23ff37fe9efe0241
00:41:44.429812,I,3b01aafe42ff17febcfef840
00:41:44.430437,I,a20190fe7cff1afed7feb740
00:41:44.431000,I,2e01a3fefcfe34fe98fe9640
00:41:44.431625,I,3b0163fe43ff1ffea8fea040
00:41:44.432187,I,08017dfe4fff1cfecefeca40
00:41:44.432812,I,280189fe2fff22fecbfeb840
00:41:44.433375,I,ee0083fe3cff89fee2feef40
00:41:44.434000,I,9501b0fe23ff21fe6bfeb440
00:41:44.434562,I,1b019dfe9cff10feccfea340
00:41:44.435187,I,61017dfe36ff50feaefec940
00:41:44.435750,I,150183fe6fff78fe7dfef140
00:41:44.436375,I,4801c4fe9cff50feb0fec340
00:41:44.436937,I,340190fe4fff3afe8bfebb40
00:41:44.437562,I,e100aafe42ff10feaffeac40
00:41:44.438125,I,ee0097fe56ff21fea0fed840
00:41:44.438750,I,880143fe2fffe7fdb7feae40
00:41:44.439312,I,4e019dfe2fff2afe9afebb40
00:41:44.439937,I,28019dfe69ff25febdfec540
00:41:44.440500,I,0e0190fe56ff53fe87fea440
00:41:44.441125,I,1b0176fe56ff58fe99feca40
00:41:44.441687,I,bb0090fe62ff34fea9fee740
00:41:44.442312,I,5501b0fe49ff1efe8cfed840
00:41:44.442875,I,1b016afe56ff38fe97feba40
00:41:44.443437,I,2801a3fe36ff5cfe8bfed140
00:41:44.444062,I,480143fe2fff44fe9afea240
00:41:44.444625,I,9501b6fe69ff17fea2fe9640
00:41:44.445250,I,6101aafe5cff3dfe82fec440
00:41:44.445812,I,7b013dfe56ff16feaafed540
00:41:44.446437,I,fb0083fe29ff40fe92fece40
00:41:44.447000,I,68019dfe63ff04fe9dfed740
00:41:44.447625,I,7b0150fe56ff27fe9cfee540
00:41:44.448187,I,4801aafe16ff58feaffef140
00:41:44.448812,I,1501b7fe4fff3bfec6feb940
00:41:44.449375,I,28019dfe56ff3dfeacfed540
00:41:44.450000,I,75012afe16ff1cfe9efece40
00:41:44.450562,I,28017dfe56ff3ffe99fecc40
00:41:44.451187,I,68013dfe4fff33feb7feff40
00:41:44.451750,I,080150fe69ff3cfe58feba40
00:41:44.452375,I,4801b6fe6fff26fe8dfea640
00:41:44.452937,I,61017dfe49ff15febefe9e40
00:41:44.453562,I,3b016afe49ff42fec1fea840
00:41:44.454125,I,4e0170fe56ff2ffea1feb240
00:41:44.454750,I,1b01b6fe56ff5ffe8cfed240
00:41:44.455312,I,4f0123fe43ff50fedafea340
00:41:44.455937,I,0801cafe69ff53fea1fecd40
00:41:44.456500,I,620149fe56ff37fe96feb040
00:41:44.457125,I,1b0176fe5cff10fe94feb040
00:41:44.457687,I,3b0176fe49ff17fe80fee440
00:41:44.458312,I,2e017dfe43fff6fd8dfefe40
00:41:44.458875,I,08017dfe56ff25fe88feb740
00:41:44.459500,I,280176fe69fffafdbdfecf40
00:41:44.460062,I,280149fe3cffdefd98fef840
00:41:44.460687,I,28015dfe56ff26fe8efe0c41
00:41:44.461250,I,5b0189fe4fff16fea5fefe40
00:41:44.461875,I,4e0129fe7cff1cfec7fec440
00:41:44.462437,I,88018afe36ff56fea8fef340
00:41:44.463000,I,08017dfe69ff14fe96feea40
00:41:44.463625,I,4e019dfe1cff2bfe93fef740
00:41:44.464187,I,01017dfe49ff28fe97fec540
00:41:44.464812,I,db0090fe69fff7fda0fee240
00:41:44.465375,I,150163fe56ff3ffeb1fede40
00:41:44.466000,I,41017dfe56ff2dfedbfea840
00:41:44.466562,I,21015dfea2ff4cfe88fe8a40
00:41:44.467187,I,75015dfe4fff2dfe6ffea540
00:41:44.467750,I,3501b6fe2fff30fe87fee440
00:41:44.468375,I,0801b6fe82ff2afe6cfeef40
00:41:44.468937,I,75016afe1cff27fe6afea040
00:41:44.469562,I,0e01bdfe83ff46fea6febb40
00:41:44.470125,I,75017dfe09ff12feaafeed40
00:41:44.470750,I,f50077fe69ff25fe99fef340
00:41:44.471312,I,4f0176fe3cff02fe6dfea440
00:41:44.471937,I,0e0189fe23ff13fe9bfeca40
00:41:44.472500,I,820170fe83ff2efeb7fe0a41
00:41:44.473125,I,4e019dfe70ff2bfec0feea40
00:41:44.473687,I,480150fe83ff2bfe8afedb40
00:41:44.474312,I,480196fe56ff0efe82fef740
00:41:44.474875,I,2e0189fe3cffe9fd62fe9b40
00:41:44.475500,I,150170fe4fff1ffe5bfeb240
00:41:44.476062,I,7501c3fe42fff6fd9cfeb740
00:41:44.476687,I,480170fe29fffdfd8efed840
00:41:44.477250,I,4e0163fe36ff44feb6fecd40
00:41:44.477875,I,750150fe6fff39fec1feca40
00:41:44.478437,I,1501d7fe76ff50fea0fed840
00:41:44.479062,I,410190fe30ff60fe64fe0741
00:41:44.479625,I,81016afe62ff39fe9dfed740
00:41:44.480250,I,350150fe50ff19fed2fe1241
00:41:44.480812,I,1b0183fe62fff5fd9afe0241
00:41:44.481375,I,080169fe4fff34fed3fef040
00:41:44.482000,I,4e0163fe6fff09feb1fedb40
00:41:44.482562,I,fb00ddfe6ffff9fda1fee140
00:41:44.483187,I,5b019dfe36fffefd85fedc40
00:41:44.483750,I,f500eafe76ff5cfeb0fec040
00:41:44.484375,I,6e0136fe2fff21feacfedc40
00:41:44.484937,I,7b0170fe69ff34fe90feec40
00:41:44.485562,I,820176fe23ff89fe92fedf40
00:41:44.486125,I,2201c3fe76ff40feb4fe8f40
00:41:44.486750,I,35015dfe69ff0ffec8fe8b40
00:41:44.487312,I,3b01aafe70ff48fe89fea440
00:41:44.487937,I,150176fe3cfffcfdacfe9c40
00:41:44.488500,I,2e014afe43ff18fea2feb040
00:41:44.489125,I,680163fe56ff36fe71feb540
00:41:44.489687,I,220170fe56ff48fe68feba40
00:41:44.490312,I,410150fe43ff45fea3fec340
00:41:44.490875,I,1b015dfe6fff1afe94fe0741
00:41:44.491500,I,1b0177fe29ff3efebcfed840
00:41:44.492062,I,680176fe09ff51fe93feb640
00:41:44.492687,I,1b0183fe75ff2afe7bfee440
00:41:44.493250,I,5b0143fe3cff2efeaffeac40
00:41:44.493875,I,3b018afe69ff64fecffecd40
00:41:44.494437,I,5b01c3fe69ff56fe91fe0f41
00:41:44.495062,I,81019dfe42ff22fea4fed540
00:41:44.495625,I,410197fe82ff0afe9cfee340
00:41:44.496250,I,810170fe3cff12fe93fef340
00:41:44.496812,I,480190fe36ff0ffe3bfef440
00:41:44.497437,I,48018afe62ff1dfe6afef240
00:41:44.498000,I,2801b0fe23ffe0fd9cfed240
00:41:44.498625,I,080183fe76ff32fe98fecb40
00:41:44.499187,I,3401b0fe36ff12fe80feed40
00:41:44.499812,I,2e018afe6fff1cfe7ffeae40
00:41:44.500374,I,410190fe3cff26fec0feba40
00:41:44.500937,I,48017dfe6fff59fec5feca40
00:41:44.501562,I,41016afe62ff36fea8fec940
00:41:44.502125,I,550190fe76ff43fec7feb740
00:41:44.502749,I,28018afe69ff3efea7fedf40
00:41:44.503312,I,1b0149fe5cff37fe89feda40
00:41:44.503937,I,68017dfe49ff30fe90feec40
00:41:44.504499,I,01019dfe7cff23fea9fee940
00:41:44.505125,I,6e0143fe0fffe3fd81feee40
00:41:44.505687,I,3b0190fe6fff0cfeb8fedc40
00:41:44.506312,I,4e01b0fe29ff0ffeabfec240
00:41:44.506874,I,3b01b0fe56ff44fea9feb840
00:41:44.507500,I,4101aafe7cff0dfeaefec340
00:41:44.508062,I,3b0190fe4fff21fe6cfed340
00:41:44.508687,I,2e0170fe62ff5bfe9dfec840
00:41:44.509250,I,75018afe62ff6dfe8efefd40
00:41:44.509875,I,68017dfe23ff30fe89fed940
00:41:44.510437,I,410150fe6fff47fea2fead40
00:41:44.511062,I,48016afe36ff4cfeb0feb140
00:41:44.511625,I,280129fe69ff41feb8febb40
00:41:44.512250,I,7b018afe09ff23fe9afec640
00:41:44.512812,I,41018afe76ff1cfea4fef440
00:41:44.513437,I,8e0177fe29ff35fe87fe0441
00:41:44.514000,I,fb006afe96ff4ffe92fed740
00:41:44.514625,I,150177fe36ff1ffe9bfea940
00:41:44.515187,I,28019dfe42ffecfdc0feeb40
00:41:44.515812,I,2e0150fe56ff67fedffecf40
00:41:44.516375,I,280190fe3cff2cfec6fec040
00:41:44.517000,I,280157fe3cff58fed2feae40
00:41:44.517562,I,1b018afe6fff1bfea6feb540
00:41:44.518187,I,2e01aafe0fff2ffe75fe9c40
00:41:44.518750,I,ee0083fe56ff2bfeabfec440
00:41:44.519375,I,0e018afe5cffeafd78feb940
00:41:44.519937,I,a1015dfe29ff4cfea2fec240
00:41:44.520562,I,61014afe96ff07fe92feb340
00:41:44.521125,I,6e01aafe69ff2dfe7dfef640
00:41:44.521687,I,4e0196fe56ff0ffebafeea40
00:41:44.522312,I,4801b0fe56ff30fe8ffead40
00:41:44.522875,I,5b0163fe6fff1ffeb6fed340
00:41:44.523500,I,0e018afe5cff35feaefece40
00:41:44.524062,I,340150fe1cfffefdb3fece40
00:41:44.524687,I,c7008afe56ff22fe9dfee440
00:41:44.525250,I,55018afe62fffbfd5cfeda40
00:41:44.525875,I,010183fe75ff4efeb6fee740
00:41:44.526437,I,610143fe4ffffefda1fec840
00:41:44.527062,I,2e0176fe3cfff6fdd4feda40
00:41:44.527625,I,5b015dfe2fff56fe96fef140
00:41:44.528250,I,ee0056fe62ff2dfe76feb140
00:41:44.528812,I,55019dfe69ff1bfe97feb640
00:41:44.529437,I,350190fe69ff44feaefedf40
00:41:44.530000,I,610183fe69ff2ffe91feca40
00:41:44.530625,I,55018afe49ff1ffe9afee340
00:41:44.531187,I,750176fe3cff14fef0feb740
00:41:44.531812,I,3501cafe5cff37fec3fea240
00:41:44.532375,I,820149fe69ff5afec4febe40
00:41:44.533000,I,2e01d0fe8fff1cfebffec540
00:41:44.533562,I,08013dfe7cff3efe9efefc40
00:41:44.534187,I,f50083fe5cff3bfe8ffee240
00:41:44.534750,I,48015dfe82ff22fe9efec240
00:41:44.535375,I,620136fe3cfffffdcafef840
00:41:44.535937,I,350196fe56ff17fe82fea640
00:41:44.536562,I,280190fe82ff31fecafea740
00:41:44.537125,I,1b0176fe69fff5fdc8feda40
00:41:44.537750,I,4801d0fe1cff23feb7feca40
00:41:44.538312,I,350183fe7cff46feb0fecd40
00:41:44.538937,I,42017dfe3cff82fec0fed840
00:41:44.539500,I,350156fe49ff6bfe98feed40
00:41:44.540125,I,420170fe63ff2dfe6afebd40
00:41:44.540687,I,410196fe23ff1dfe71fed040
00:41:44.541312,I,55015dfe43ffebfdb2feb640
00:41:44.541875,I,2e0150fea9ff06febafec040
00:41:44.542437,I,1b0156fe5cff41feb4feb040
00:41:44.543062,I,280189fe29ff38fe9ffeb540
00:41:44.543625,I,2801d6fe76ff16feb6fecf40
00:41:44.544250,I,2e0169fe2fff2efeb8feaa40
00:41:44.544812,I,2101cafe89ff33fe90fed840
00:41:44.545437,I,2801a3fe69ff22fe8ffedb40
00:41:44.546000,I,9b0170fe8ffff7fd7afea640
00:41:44.546625,I,1b017dfe30ff74fe6efec840
00:41:44.547187,I,410143fe43ff14fe7efeca40
00:41:44.547812,I,4e0169fe5cff23fe74fed840
00:41:44.548375,I,080183fe56ffd1fd9dfee340
00:41:44.549000,I,2e0163fe4fff17fea4fec140
00:41:44.549562,I,5b0196fe36ff50fe90fef440
00:41:44.550187,I,220170fe10ff71fe8afeea40
00:41:44.550750,I,68019dfe2fff37fe83febe40
00:41:44.551375,I,01017dfe36ff31fe7efec240
00:41:44.551937,I,480170fe4fff23fe95fece40
00:41:44.552562,I,2101a3fe63fff8fd68fed040
00:41:44.553125,I,8e0170fe43ff0ffec3feac40
00:41:44.553750,I,6201bdfe76ff12fe79fe9d40
00:41:44.554312,I,42019dfe49fffefd4dfe9740
00:41:44.554937,I,080196fe1dff33fe7dfe8740
00:41:44.555500,I,55017dfe5cff2cfea4fed840
00:41:44.556125,I,0e01d7fe76fff8fdd3fedc40
00:41:44.556687,I,2e013dfe29ff72fecbfef840
00:41:44.557312,I,2101b0fe6fff55fe7efece40
00:41:44.557875,I,1b0163fe69ff48fe7afed640
00:41:44.558500,I,420183fe49ff12fe8bfea840
00:41:44.559062,I,ce007dfe42ff22fe4efecc40
00:41:44.559687,I,680170fe43ff23fea6fed540
00:41:44.560250,I,6801b7fe56ff1efec0feb340
00:41:44.560875,I,5b018afe49ff1bfea5fec340
00:41:44.561437,I,350176fe49ff35fe98fedb40
00:41:44.562000,I,3501a3fe09ff5ffe7afeca40
00:41:44.562625,I,680196fe69ff29fea4fec440
00:41:44.563187,I,08016afe56ff64feb9fe7e40
00:41:44.563812,I,350176fe4fff27fe7efe8a40
00:41:44.564375,I,4801aafe49ff31fe93fed840
00:41:44.565000,I,150156fe56ff24fe86fea940
00:41:44.565562,I,d5008afe3cff30feb2feaf40
00:41:44.566187,I,5b0183fe82ffd2fd85fe7040
00:41:44.566750,I,610190fe36fff3fdb3fea840
00:41:44.567375,I,75018afe4fff0ffe90fea540
00:41:44.567937,I,7b0163fe03ff41fea2fef640
00:41:44.568562,I,0101c4fe9cff3efe8afed040
00:41:44.569125,I,1b0170fe3cff40fe7bfebe40
00:41:44.569750,I,2e0170fe43ff20fe54feb840
00:41:44.570312,I,61018afe23ff19fe6ffea040
00:41:44.570937,I,1b013dfe69ff11feadfeb240
00:41:44.571500,I,610197fe42fffafdabfed540
00:41:44.572125,I,3b017dfe4fff03feb1fedb40
00:41:44.572687,I,880150fe3cff3efeaefecc40
00:41:44.573312,I,9b0183fe5cff1dfea2fed240
00:41:44.573875,I,1b0197fe8fff35fe8afed040
00:41:44.574500,I,b50163fe49ff3efe97febc40
00:41:44.575062,I,210176fe49ff26feb0fec140
00:41:44.575687,I,21015dfe56ff25fe85feb440
00:41:44.576250,I,e10097fe56ff38feaafeb040
00:41:44.576875,I,680163fe36ff0efeadfe9540
00:41:44.577437,I,2801b0fe3cff0efec2fe9d40
00:41:44.578062,I,1b019dfe49ff07fec6fecc40
00:41:44.578625,I,5501a3fe62ff17fec0feab40
00:41:44.579250,I,db00bdfe9cff4bfe83fe8e40
00:41:44.579812,I,550197fe16ff2bfea2feed40
00:41:44.580375,I,210150fe56ff36fe64fee440
00:41:44.581000,I,ee00b7fe29ff61fe6efebf40
00:41:44.581562,I,9b016afe16ff02fed3fee140
00:41:44.582187,I,210170fe4fff42feabfe0141
00:41:44.582750,I,610143fe36ff30fe83feac40
00:41:44.583375,I,340196fe76ff3efeaefebd40
00:41:44.583937,I,5b0143fe23ff41fea6feb840
00:41:44.584562,I,2e016afe42ff4cfeaffed440
00:41:44.585125,I,010150fe56ff30fec2feb840
00:41:44.585750,I,2e0183fe16ff75fecdfeca40
00:41:44.586312,I,fb009dfe43ff32fe94fe9a40
00:41:44.586937,I,3b0190fe4fff37fe81feae40
00:41:44.587500,I,55015dfe49ff1ffeb7fecb40
00:41:44.588125,I,750143fe6fff63fea2fee440
00:41:44.588687,I,2e0169fe16ff43febbfef240
00:41:44.589312,I,350150fe3cff2afe9efee740
00:41:44.589875,I,35018afe8fff27fe7efed140
00:41:44.590500,I,6e0169fe69ffcefdbffecd40
00:41:44.591062,I,68019dfe56ff31fe72fe9640
00:41:44.591687,I,2801b0fe36ff31fe9bfeb440
00:41:44.592250,I,9b0183fe76ff3efec1fecc40
00:41:44.592875,I,280130fef6fe26fe9ffeb840
00:41:44.593437,I,28017dfe36ff4cfe78fece40
00:41:44.594062,I,48013cfe56ff1bfe82feb140
00:41:44.594625,I,7b016afe1cff40fe99fed940
00:41:44.595250,I,550170fe7cff28fea1feca40
00:41:44.595812,I,e100d7febcff53fedefeb640
00:41:44.596437,I,3b019dfe7cff1efebcfee640
00:41:44.597000,I,2e0190fe6ffffefd97fee440
00:41:44.597625,I,280116fe89ff28fe9cfeff40
00:41:44.598187,I,22019dfe23ff0cfebafebd40
00:41:44.598812,I,42016afe89ff2dfea7feeb40
00:41:44.599375,I,420176fe36ff42fec0fee240
00:41:44.600000,I,7b0176fe63ff50fee0fed440
00:41:44.600562,I,3b0183fe16ff2afeb8fef440
00:41:44.601125,I,8e015dfe49ff1bfeb2febf40
00:41:44.601750,I,280183fe5cff35fea0feb640
00:41:44.602312,I,220190fe56ff23fea8fed840
00:41:44.602937,I,48017dfe69ff2efec4fe1d41
00:41:44.603500,I,550163fe42ffe5fdb2fec840
00:41:44.604125,I,82013cfe4fff3cfe98fec840
00:41:44.604687,I,21019dfe76ff0efec4fec540
00:41:44.605312,I,880176fe62ffd5fd74fe9d40
00:41:44.605875,I,280183fe42ff09fe5ffe9540
00:41:44.606500,I,e10083fe82ff55fec0fe8b40
00:41:44.607062,I,420156fe49ff0ffea6fea040
00:41:44.607687,I,75017dfe56ff1cfec7fece40
00:41:44.608250,I,f50083fe5cff32feacfef440
00:41:44.608875,I,950176fe4fff3dfe9dfecf40
00:41:44.609437,I,080150fe1cff3afeb8fede40
00:41:44.610062,I,55016afe5cff44fef0fe0041
00:41:44.610625,I,680176fe43ff43fe93fe3141
00:41:44.611250,I,210169fe63ff00feaffe0b41
00:41:44.611812,I,410156fe2fff6afee4fec040
00:41:44.612437,I,220169fe69ff4cfe9cfec240
00:41:44.613000,I,280196fe4fff0dfe8dfede40
00:41:44.613625,I,5b018afe42ff12fe9afe8740
00:41:44.614187,I,2e01a3fe5cff2afe78feb540
00:41:44.614812,I,550190fe76ff69fee3fece40
00:41:44.615375,I,4e0169fe5cff62fea2fec740
00:41:44.616000,I,3b019dfe42ff04fe92fec840
00:41:44.616562,I,15016afe43ff50fecbfea940
00:41:44.617187,I,3b01b7fe36ff37fe9cfeb040
00:41:44.617750,I,6e016afe09ff2bfe99fec240
00:41:44.618375,I,2e018afe89ff2afee1feec40
00:41:44.618937,I,350169fe0fff42fed2fe0341
00:41:44.619500,I,0e01b7fec2ff3efe5dfee940
00:41:44.620125,I,48018afe03ff4bfeaefebe40
00:41:44.620687,I,080196fe6fff00fe77fef740
00:41:44.621312,I,210183fe0fff10fe76fec540
00:41:44.621875,I,d500d7fea2ff26fea8fe8240
00:41:44.622500,I,7b0150fe1dff45feb0fec840
00:41:44.623062,I,4801d0fe56ff34fec8fedd40
00:41:44.623687,I,82016afe0fff36fecffeec40
00:41:44.624250,I,f40090fe6fff46fe95fefc40
00:41:44.624875,I,140196fe36ff23feb5fedc40
00:41:44.625437,I,6e0190fe09ff20fe78fecd40
00:41:44.626062,I,020150fe0fff3efe91fed640
00:41:44.626625,I,0101a3fe5cff44fed6fef240
00:41:44.627250,I,150183fe4ffff9fdbdfefd40
00:41:44.627812,I,4f0176fe49ff48fe76feb840
00:41:44.628437,I,0e019dfe42ff19fe96fec140
00:41:44.629000,I,620150fe29ff2cfe7afef140
00:41:44.629625,I,a801c3fe5cff2ffeb4fea540
00:41:44.630187,I,420130fe4fff05fe89fe8840
00:41:44.630812,I,5501aafe49ff5efedafec340
00:41:44.631375,I,4e01a3fe49ff3dfeb9fec740
00:41:44.632000,I,f5009dfe96ff0ffe74fea540
00:41:44.632562,I,42017dfe50ff38fe8efeec40
00:41:44.633187,I,21019dfe56ff0bfeacfef540
00:41:44.633750,I,1b0136fea2ff1cfe9ffebc40
00:41:44.634375,I,35017dfe82ff3bfe92fef040
00:41:44.634937,I,6801b7fe3cff30feaefecc40
00:41:44.635562,I,2e017dfe6fff23feaafee640
00:41:44.636125,I,620190fe4fff28fecdfeef40
00:41:44.636750,I,750156fe62ff4afe78febd40
00:41:44.637312,I,35019dfe29fffafdadfeb940
00:41:44.637875,I,480156fe62ff1efea4fee640
00:41:44.638500,I,2e01eafe8fff44fea9fecb40
00:41:44.639062,I,6e016afe56ff3ffea7fed940
00:41:44.639687,I,2e01b0fe8fff2afeaefec340
00:41:44.640250,I,410176fe3cff52fe83febd40
00:41:44.640875,I,3b0170fe6fff5cfea3fe0041
00:41:44.641437,I,950190fe23ff4efeb0fe0a41
00:41:44.642062,I,1b0190fe56ff3efed1febf40
00:41:44.642625,I,5b017dfe5cff3ffe86feb440
00:41:44.643250,I,410143fe63ff28fe96fee840
00:41:44.643812,I,950150fe1cff24fed0fee440
00:41:44.644437,I,ce007dfe4ffffdfda4fec040
00:41:44.645000,I,5b01bdfe42ffeefd9efef240
00:41:44.645625,I,e8007dfe36ff29feb7fece40
00:41:44.646187,I,210169fe69ff14fe6dfec240
00:41:44.646812,I,1b0190fe29ff59fe86fea940
00:41:44.647375,I,7b0176fe43ff62febcfeb740
00:41:44.648000,I,0e0190fe7cff45fe9dfec040
00:41:44.648562,I,68019dfe43ff28feccfebd40
00:41:44.649187,I,6e016afe4fff2dfec6fef040
00:41:44.649750,I,68019dfe1cfff4fd90fedc40
00:41:44.650375,I,3b017dfe56ff2efe98feca40
00:41:44.650937,I,a2017dfe49ff40fedcfebc40
00:41:44.651562,I,f500d6fe69ff04fe86fed740
00:41:44.652125,I,7501a9fe49ff10fe8bfe0a41
00:41:44.652750,I,480156fe63ff4afe9afee740
00:41:44.653312,I,4201b7fe29ff56fe9efebb40
00:41:44.653937,I,4e0157fe1dff4ffe88fec440
00:41:44.654500,I,14017dfe4fff33fe9efe9f40
00:41:44.655125,I,9b0149fe76ff1cfea9feac40
00:41:44.655687,I,620190fe56ff36feaefed040
00:41:44.656250,I,3b019dfe4fff4cfeb7febe40
00:41:44.656875,I,4e017dfe1cfff7fd87fea740
00:41:44.657437,I,280183fe76ff29feaefecf40
00:41:44.658062,I,af0163fe09ff37fe98fecf40
00:41:44.658625,I,350189fe6fff3dfe9cfeb640
00:41:44.659250,I,fb0083fe1cff11fe68feb840
00:41:44.659812,I,15018afe42ff43fea8fee640
00:41:44.660437,I,420196fe49ff28fe81fed440
00:41:44.661000,I,4e0149fe56ff03fe96fea840
00:41:44.661625,I,810163fe1cff42feddfea240
00:41:44.662187,I,34014afe5cff26fe99fea940
00:41:44.662812,I,2101a3fe69ff51feb3fe0041
00:41:44.663375,I,540123fe2fff1cfeb6fe1e41
00:41:44.664000,I,e8009dfea2ff07febffee440
00:41:44.664562,I,5b0170fe5cff40febefecd40
00:41:44.665187,I,5b0177fe62ff1cfecafefc40
00:41:44.665750,I,61016afe69ff69fe9efee140
00:41:44.666375,I,21019dfe49fff8fd77fec640
00:41:44.666937,I,3b0190fe69ffcafd9cfec740
00:41:44.667562,I,5b0123fe4fffc2fda2fed640
00:41:44.668125,I,0e01a3fe5cff15fe91fea140
00:41:44.668750,I,4e0190fe3cff00fe9afea740
00:41:44.669312,I,4101cafe76ff15fea6fe8840
00:41:44.669937,I,340163fe69ff20fe8cfed840
00:41:44.670500,I,2801aafe69ff24fe92fe0641
00:41:44.671125,I,55014afe2fff23feaefec540
00:41:44.671687,I,2101bdfe2fff5dfea9fedb40
00:41:44.672312,I,5b0176fe49ff96feacfee440
00:41:44.672875,I,14019dfe82ff46fe83fed140
00:41:44.673500,I,5b0177fe09ff2efe84fec640
00:41:44.674062,I,620177fe36ff22feaffe0041
00:41:44.674687,I,35018afe36ff23fea1fe1c41
00:41:44.675250,I,5501b7fe6fff54fe8ffef640
00:41:44.675812,I,140183fe36ff28fe84fea940
00:41:44.676437,I,2e0196fe69ff21febdfeab40
00:41:44.677000,I,fb0076fe43ff54fe6afe8940
00:41:44.677625,I,42015dfe2fff04feabfee040
00:41:44.678187,I,1b0190fe6fff1afea7fedc40
00:41:44.678812,I,75018afe43ff2bfe85fec740
00:41:44.679375,I,7b0130fe95ff2efe7bfebf40
00:41:44.680000,I,5b017dfe6fff05fe71fed340
00:41:44.680562,I,550163fe96ff50fea9fed940
00:41:44.681187,I,2801a3fe82fff3fd8cfecd40
00:41:44.681750,I,350150fe3cff22fe96fefa40
00:41:44.682375,I,48016afe29ff55feb3fe0441
00:41:44.682937,I,150196fe09ff47fe72fef040
00:41:44.683562,I,3b0176fe76fff9fd93fed140
00:41:44.684125,I,6e0176fe1cff30fea9fec040
00:41:44.684750,I,48019dfe69ffd7fdd4fecd40
00:41:44.685312,I,350170fe76ff22fee4fed840
00:41:44.685937,I,820156fe4fffd4fd78fef940
00:41:44.686500,I,a201b6fe63ffedfd72febe40
00:41:44.687125,I,5b0156fe56ff16feacfeb440
00:41:44.687687,I,2e0197fe56ff3ffeedfec340
00:41:44.688312,I,1b0183fe23ff07fe9afebf40
00:41:44.688875,I,fb0049fe49ff4dfe8afec640
00:41:44.689500,I,8f019dfe62ff26fea3fec440
00:41:44.690062,I,5b0163fe69ff1cfe67fedb40
00:41:44.690687,I,4e01b0fe3cff1afe55fef740
00:41:44.691250,I,c80136fe36ff15febafee340
00:41:44.691875,I,4e0183fe69ff12fe81fed840
00:41:44.692437,I,410163fe36ff16fe94feae40
00:41:44.693062,I,48017dfe95ff1bfe6ffebe40
00:41:44.693625,I,41017dfe7cff47febafed440
00:41:44.694250,I,e800aafe36ff29fea9fef240
00:41:44.694812,I,5b0183fe49ff49fe82fec440
00:41:44.695375,I,0e01c3fe9cff75fe7afed240
00:41:44.696000,I,48016afe29ff67fe69fea440
00:41:44.696562,I,2201aafe89ff15feddfecb40
00:41:44.697187,I,550143fe7cff2bfe82feda40
00:41:44.697750,I,680170fe4fff17fe9efeb840
00:41:44.698375,I,48018afe43ff1afe76fead40
00:41:44.698937,I,1b0190fe49ff2ffec7fea040
00:41:44.699562,I,1b0169fe42ff0efebffea340
00:41:44.700125,I,150196fe56ff39fecafed740
00:41:44.700750,I,2201f7fe6fff40fe7cfee240
00:41:44.701312,I,480176fe1cfff2fd8ffeaf40
00:41:44.701937,I,1b0189fe50ff48fec3feb640
00:41:44.702500,I,480190fe5cff72fee2fef740
00:41:44.703125,I,3b0163fe56ff50fea1fee040
00:41:44.703687,I,3b018afe82ff1efe89feda40
00:41:44.704312,I,4101c3fe7cff27fecbfecc40
00:41:44.704875,I,db0090fe43fff3fdbcfed640
00:41:44.705500,I,e80063fe7cfff5fdabfec640
00:41:44.706062,I,010183fe29ff13feaefeef40
00:41:44.706687,I,5b0176fe36fff6fdb9febd40
00:41:44.707250,I,2e0196fe43ff36fec7fea840
00:41:44.707875,I,5b0170fe29ff1efe71fed240
00:41:44.708437,I,fb00eafe76ff2afe87fe1041
00:41:44.709062,I,48015cfe3cff04fe71fee240
00:41:44.709625,I,280170fe5cfff2fd8ffec040
00:41:44.710250,I,280163fe7cff44fe9dfec040
00:41:44.710812,I,140189fef6fef6fd96fed140
00:41:44.711437,I,1b0163fe3cff78fe9dfe7440
00:41:44.712000,I,480163fe36ff4bfed0fed140
00:41:44.712625,I,3b0183fe6fff2efe98febe40
00:41:44.713187,I,ee003dfe03ff3cfeaefebe40
00:41:44.713750,I,2e0163fe76ff4cfe92fedd40
00:41:44.714375,I,5b01aafe43ff21feddfec640
00:41:44.714937,I,f500d0fe6fff14fec1feca40
00:41:44.715562,I,7501a3fe10ff4dfe7cfed040
00:41:44.716125,I,140196fe4fff5bfe7dfee340
00:41:44.716750,I,410176fef6fe2dfe62fec940
00:41:44.717312,I,2e0150fe49ff67feabfedd40
00:41:44.717937,I,280170fe42ff18fe99fedc40
00:41:44.718500,I,550197fe36ff29fe82fecb40
00:41:44.719125,I,41015dfe0fff48fe9efedc40
00:41:44.719687,I,6801b7fe5cff0efeacfed140
00:41:44.720312,I,150190fe3cff11feb5fed940
00:41:44.720875,I,a10156fe2fffeafd9dfece40
00:41:44.721500,I,610150fe16ff1afef7fed540
00:41:44.722062,I,fb0077fe36ffcefdb4fee640
00:41:44.722687,I,6e017dfe2fff0bfea4fefa40
00:41:44.723250,I,4e014afe4fff3efec8feed40
00:41:44.723875,I,0e019dfe2fff3dfeacfeea40
00:41:44.724437,I,a801aafea2ff25feabfece40
00:41:44.725062,I,48012afe2fff72fe98fef840
00:41:44.725625,I,7b018afe3cff3cfeabfeae40
00:41:44.726250,I,4101b7fe89ff49fe8efe8e40
00:41:44.726812,I,48018afe49ff2ffe6ffeee40
00:41:44.727437,I,67017dfe56ff22fe75fee040
00:41:44.728000,I,fb0083fe62ff15fe99fefd40
00:41:44.728625,I,d4007dfe4fff09febefec540
00:41:44.729187,I,0801d0fe43ff27fe77febf40
00:41:44.729812,I,34016afe89ff53fec7feb340
00:41:44.730375,I,3501b0fe42ff4efe85feaa40
00:41:44.731000,I,01018afea9ff2efe91fec440
00:41:44.731562,I,3b015dfe1cff28feb7fedf40
00:41:44.732187,I,28018afe62ff25fed1feab40
00:41:44.732750,I,2e014afe6fff27feacfeaf40
00:41:44.733312,I,680150fe23ff13fea8fec140
00:41:44.733937,I,2101b7fe69ff0dfe88feb740
00:41:44.734500,I,61011dfe3cff26feaefeb840
00:41:44.735125,I,080176fe36ff19feaffeb340
00:41:44.735687,I,3b01a3fe89ff34fe9bfea040
00:41:44.736312,I,010183fe4fff36fed0fed340
00:41:44.736875,I,680156fe36ff3efec4feb940
00:41:44.737500,I,0e0183fe69ff30fec9fec340
00:41:44.738062,I,5b0196fe49ff34fe79feed40
00:41:44.738687,I,3b019dfe69ff0bfea6fec440
00:41:44.739250,I,350150fe56ff26feb7fec740
00:41:44.739875,I,220176fe23ff0bfeb2fea440
00:41:44.740437,I,5b01bdfe4fff04feaafec140
00:41:44.741062,I,5b01a3fe3cff0afe99fee840
00:41:44.741625,I,6f01b6fe63ff2bfe88fec740
00:41:44.742250,I,480190fe5cff45fe87fec440
00:41:44.742812,I,1501a3fe49ff12fe91fe8d40
00:41:44.743437,I,1b0149fe56ff2afed7fed240
00:41:44.744000,I,2201bdfe3cff2afed8fefd40
00:41:44.744625,I,15019dfe62ff25feaefeda40
00:41:44.745187,I,28019dfe42ff27fe98feb640
00:41:44.745812,I,2801d0fe89ff23fea7feae40
00:41:44.746375,I,48017dfe63ffe8fda1fef340
00:41:44.747000,I,d4008afe6fffe8fd96fef140
00:41:44.747562,I,210183fe56ff03fec6fecd40
00:41:44.748187,I,1401b0fe49ff50febefec340
00:41:44.748750,I,7b017dfe7cff3dfe90fe9640
00:41:44.749375,I,4801aafe56ff55fe83fee840
00:41:44.749937,I,820190fe23ff60feaffe0e41
00:41:44.750562,I,3b0183fe43ff10febefef140
00:41:44.751125,I,4e0170fe3cffedfd75feeb40
00:41:44.751750,I,3b0149fe49ff00fe8afef540
00:41:44.752312,I,5b0183fe23ffecfdbbfebf40
00:41:44.752937,I,010183fe7cff06fe62fe9640
00:41:44.753500,I,340176fe23ff5bfe91fea740
00:41:44.754062,I,540189fe5cff3efebefea240
00:41:44.754687,I,2e017dfe2fff6efed5fef140
00:41:44.755250,I,db00b7fe6fff46fe7ffeb340
00:41:44.755875,I,540176fe43ff1ffea4fec940
00:41:44.756437,I,080183fe56ff11fe97fe9d40
00:41:44.757062,I,610156fe75ff22fed5fed640
00:41:44.757625,I,810143fe3cff34feaafee040
00:41:44.758250,I,08019dfe6fff47fec0fe0341
00:41:44.758812,I,1b018afe7cff25fe76fefc40
00:41:44.759437,I,140177fe82ff2ffe9bfec940
00:41:44.760000,I,1b01aafe4fff52fe93fecb40
00:41:44.760625,I,4e015dfe4fff1ffeb6fecf40
00:41:44.761187,I,f400b0fe89ff1cfeaefeda40
00:41:44.761812,I,810163fe69fffefdcdfeda40
00:41:44.762375,I,ee00b0fe49ff14fe92feb640
00:41:44.763000,I,8e015dfe62ff1cfebefe9c40
00:41:44.763562,I,010183fe96ff39fe89fea840
00:41:44.764187,I,68013dfe03ffc5fd92feac40
00:41:44.764750,I,0e01a3fe5cff25fe99fedb40
00:41:44.765375,I,9b0156fe4fff0cfec3fef240
00:41:44.765937,I,0e0163fe8fff1efe96feeb40
00:41:44.766562,I,68017dfe56ff68fec3febb40
00:41:44.767125,I,4e0184fe2fff27fed8feba40
00:41:44.767750,I,2e014afe49ff36fec5fece40
00:41:44.768312,I,5b016afe3cff42fecefedc40
00:41:44.768937,I,480163fe4fff09feb0fec840
00:41:44.769500,I,5b018afe69ff1afe94fed440
00:41:44.770125,I,08019dfe62ff2efe5cfe0a41
00:41:44.770687,I,0e01a3fe49ff0dfeb7fe0041
00:41:44.771312,I,1401a3fe6fff0cfe70fec240
00:41:44.771875,I,34017dfe5cff40feb0feb340
00:41:44.772500,I,410149fe6fff32fed2febd40
00:41:44.773062,I,e800b0fe69ff22fe93fe9440
00:41:44.773687,I,28012afe49ff24fe82feac40
00:41:44.774250,I,0e0150fe69ff5bfe6dfea240
00:41:44.774812,I,68016afe89ff7cfe9dfeb340
00:41:44.775437,I,480156fe49ff12fe9efe9e40
00:41:44.776000,I,2801a3fe5cff28fe67feea40
00:41:44.776625,I,1b01aafe6fff0bfe92febd40
00:41:44.777187,I,550176fe1cff23fea1fecb40
00:41:44.777812,I,350197fe49ff2efe7cfeb940
00:41:44.778375,I,3b0176fe56ff38fea9feb640
00:41:44.779000,I,0101a3fe76ff3dfebbfed440
00:41:44.779562,I,610183fe42ff54fe92fed740
00:41:44.780187,I,88017dfe62ff5cfe82fea540
00:41:44.780750,I,61018afefcfe28fea1feba40
00:41:44.781375,I,01016afe2fff0ffea9fef940
00:41:44.781937,I,140183fe8fff18febefebc40
00:41:44.782562,I,6801b7fe62ff2efecafeca40
00:41:44.783125,I,fb0070fe5cff87fe94fec040
00:41:44.783750,I,140183fe1cff27fe6efecc40
00:41:44.784312,I,210197fe56ff1cfe8afebd40
00:41:44.784937,I,2e018afe6fff35feb8fecb40
00:41:44.785500,I,3b0157fe1cff21fe83feb840
00:41:44.786125,I,61015dfe5cff09fe9ffed540
00:41:44.786687,I,68014afe2fff3efea8fedb40
00:41:44.787312,I,2e0177fe56ff34fea2fede40
00:41:44.787875,I,0e0170fe69ff43fe7ffeb740
00:41:44.788500,I,680143fe3cff3bfeacfed740
00:41:44.789062,I,550190fe75ff5ffeabfec440
00:41:44.789687,I,5401a3fe02ff1dfea7fede40
00:41:44.790250,I,0801a3fe62ff2afeb6feee40
00:41:44.790875,I,48017dfe4fff08feccfef040
00:41:44.791437,I,4101bdfe29ff3cfeb6fec840
00:41:44.792062,I,28019dfe4ffffcfd7bfef840
00:41:44.792625,I,7b016afe56ffc8fd6cfefc40
00:41:44.793250,I,ee006afe89ff07fe78fec240
00:41:44.793812,I,280197fe4fff02fed6fec340
00:41:44.794375,I,680156fe42ff24fea2fee740
00:41:44.795000,I,4e0150fe3cff28feb5fed540
00:41:44.795562,I,3b016afe43ff09fe8cfee640
00:41:44.796187,I,3401a3fe36ff65feaafef540
00:41:44.796750,I,410157fe29ff71fe8ffeb740
00:41:44.797375,I,2e0170fe5cff2efebafeca40
00:41:44.797937,I,54014afe42ff4afebbfee540
00:41:44.798562,I,21017dfe3cff10fe9dfec040
00:41:44.799125,I,350163fe9cff00fe81fecf40
00:41:44.799750,I,3b016afe5cff0efe97fec940
00:41:44.800312,I,0e0177fe03fffefd98feb440
00:41:44.800937,I,3b0164fe5cff0dfebcfec040
00:41:44.801500,I,5b0184fe62ff1bfe9bfeb340
00:41:44.802125,I,48019dfe2fff15fe96feee40
00:41:44.802687,I,4801bdfe7cff42fe76fe0a41
00:41:44.803312,I,47014afe3cff32fe88fec040
00:41:44.803875,I,680176fe6fff21fe9cfec840
00:41:44.804500,I,140183fe43ff58feacfed640
00:41:44.805062,I,3b019dfe42ff27fe9cfee040
00:41:44.805687,I,3501bdfe36ff52fe9efe8140
00:41:44.806250,I,1b01a4fe5cff11fe8afebe40
00:41:44.806875,I,2801a3fe1cff03fe7efeef40
00:41:44.807437,I,3b0163fe5cff17fea1feba40
00:41:44.808062,I,340163fe36ff46fea1feb740
00:41:44.808625,I,2e01d0fe36ff30febefea840
00:41:44.809250,I,480150fe62ff2efea9fed740
00:41:44.809812,I,280183fe5cff1bfea1febb40
00:41:44.810437,I,22015dfe69ff4dfea0fec140
00:41:44.811000,I,550170fe09ff11feb0fe0041
00:41:44.811625,I,810163fe42ff3dfe7cfebe40
00:41:44.812187,I,010190fe69ffedfd85fecb40
00:41:44.812750,I,620149fe3cff19fe5efef140
00:41:44.813375,I,2e01a9fe76ff09feacfe1541
00:41:44.813937,I,3b01a9fe76ff02febffee940
00:41:44.814562,I,1501aafe5cff3cfeaffedf40
00:41:44.815125,I,22016afe49ff1bfe8ffeb940
00:41:44.815750,I,7b0163fe4fff3dfed8fea940
00:41:44.816312,I,95017dfe63ff4ffebcfec640
00:41:44.816937,I,ce00aafe63ff39fed6fec240
00:41:44.817500,I,9b015dfe23ff23feb5fee940
00:41:44.818125,I,2e01a3fe3cff59fea8fead40
00:41:44.818687,I,2e0176fe50ff4bfe6ffea740
00:41:44.819312,I,a80183fe63ffdcfd75feca40
00:41:44.819875,I,42016afe7cff43fe7dfe9a40
00:41:44.820500,I,220189fe6fff19fe5afe8640
00:41:44.821062,I,55013dfe62ff4bfeaffebc40
00:41:44.821687,I,22016afe50fff9fd7efec340
00:41:44.822250,I,22019dfe49ff14fe7bfeca40
00:41:44.822875,I,e80070fe76ff11febefec940
00:41:44.823437,I,5b0190fe42ff3ffeb4fef740
00:41:44.824062,I,4e0170fe95ff44feaefee240
00:41:44.824625,I,3b01aafe69ff4afe95feac40
00:41:44.825250,I,1b0150fe2fffd3fd7ffeb040
00:41:44.825812,I,420176fe23ff3efea3fec840
00:41:44.826437,I,2101a3fe4fff2afe72fed240
00:41:44.827000,I,4e018afe69ff2dfe8cfee140
00:41:44.827625,I,1b0190fed6fe2dfebafeb040
00:41:44.828187,I,3b0183fe5cfffafd94feca40
00:41:44.828812,I,68018afe56fff8fd8cfece40
00:41:44.829375,I,48015dfe1dff2afeacfec240
00:41:44.830000,I,f500aafea9ff2afe95fec440
00:41:44.830562,I,280189fe30ff04fe56fede40
00:41:44.831187,I,2e0176fe3cffeefd93fed740
00:41:44.831750,I,ee0077fe82ff3dfec9fec740
00:41:44.832312,I,1b013dfe69ff3ffe9ffebd40
00:41:44.832937,I,480190fea2ff21fe69fe1841
00:41:44.833500,I,750190fe1cff65fe7dfe0e41
00:41:44.834125,I,6e0197fe36ff27fe94fe1b41
00:41:44.834687,I,1b016afe7cff30fedefe0b41
00:41:44.835312,I,55015dfe56ff35fe9efee640
00:41:44.835875,I,3b01c3fe49ff1dfe85febd40
00:41:44.836500,I,3b018afe36ff3efe8cfecb40
00:41:44.837062,I,010149fe43ff2efe7cfed940
00:41:44.837687,I,3b019dfe3cff78fe98fef640
00:41:44.838250,I,3b0157fe2fff4dfe79fed740
00:41:44.838875,I,2e0177fe82ff43fea6febc40
00:41:44.839437,I,410190fe56ff64fe8efeb640
00:41:44.840062,I,55017dfe0fff20feb3fe9e40
00:41:44.840625,I,54018afe29ff22feb0feae40
00:41:44.841250,I,740177fe36ff18fe89fedd40
00:41:44.841812,I,21015dfe36ff26fe9efe8e40
00:41:44.842437,I,8101a3fe5cff56fe7dfeeb40
00:41:44.843000,I,010170fe56ff37fe8cfe9a40
00:41:44.843625,I,8e01bdfe09ff44feaefec840
00:41:44.844187,I,280150fe49ff40fe9dfe0841
00:41:44.844812,I,68018afe69ff6afe93fec140
00:41:44.845375,I,550183fe7cff3afeaefe1441
00:41:44.846000,I,410176fe6fff32fe60fe0e41
00:41:44.846562,I,48019dfe89ff05fe78fec640
00:41:44.847187,I,4e0130fe23ff1ffea7fec140
00:41:44.847750,I,1b01ddfe82ff29fe7cfe9740
00:41:44.848375,I,610143fe3cff34fec0fea540
00:41:44.848937,I,7b0177fe43ff0afe91febc40
00:41:44.849562,I,ee005dfe62ff36feaafee940
00:41:44.850125,I,6801a3fe3cff18fea5feea40
00:41:44.850750,I,610169fe49ff2afec5feae40
00:41:44.851312,I,620170fe89ff4dfebafee540
00:41:44.851937,I,48015dfe5cff54fe64fee840
00:41:44.852500,I,540183fe5cff50fe6dfec940
00:41:44.853062,I,74016afe16ff3dfe8bfe8d40
00:41:44.853687,I,2e018afe7cff1dfeb5fed240
00:41:44.854250,I,61015dfe10ff2ffea8fee040
00:41:44.854875,I,610190fe49ffedfda6fe0f41
00:41:44.855437,I,3b014afe56ff1cfeb7fef640
00:41:44.856062,I,7501d0fe7cff4cfeb9fe0541
00:41:44.856625,I,350183fe8fff34fe7dfef840
00:41:44.857250,I,4801a3fe75ffe0fd76fe0641
00:41:44.857812,I,5b0156fe69ffeefd94feba40
00:41:44.858437,I,3b01bdfe62ff1cfebffefb40
00:41:44.859000,I,5b018afe2fff40fe98fec240
00:41:44.859625,I,21018afe49ff4bfe87fe9340
00:41:44.860187,I,280163fe29ff3efea0fe8e40
00:41:44.860812,I,2e019dfe69ff61fe8cfeab40
00:41:44.861375,I,680176fe49ff1bfe59fec640
00:41:44.862000,I,7501a3fe89ff5bfeaffec740
00:41:44.862562,I,480190fe42ff3dfeb2fe0241
00:41:44.863187,I,4e01aafea2ff0cfeb6feac40
00:41:44.863750,I,68011dfefcfe50feadfebc40
00:41:44.864375,I,080170fe89ff2dfe5dfeeb40
00:41:44.864937,I,35015dfe16ff48fe9cfeb740
00:41:44.865562,I,f50097fe4fff44feabfec840
00:41:44.866125,I,1401c3fe3cff33fec0fed740
00:41:44.866750,I,68014afe6fff22fe96fed440
00:41:44.867312,I,7b0177fe49fff1fd90fec840
00:41:44.867937,I,41015dfe5cff46fecbfeaa40
00:41:44.868500,I,7b0196fe42ff54feb3fec740
00:41:44.869125,I,41017dfe95fffefdbafea040
00:41:44.869687,I,4e0170fe2fff09fea1feb940
00:41:44.870312,I,f4009dfe56ff09fe86feac40
00:41:44.870875,I,01015dfe2fff2dfe93fe9640
00:41:44.871500,I,1b01d0fef6fe1efebbfeee40
00:41:44.872062,I,f40056fe49ff08fe61fec940
00:41:44.872625,I,750197fe42ff2bfeaafed440
00:41:44.873250,I,0801a3fe89ff32fea1feeb40
00:41:44.873812,I,a80183fe03ff39fe6bfeda40
00:41:44.874437,I,3b012afefdfe3bfe5ffec540
00:41:44.875000,I,d400eafea9ff63fe90fe8940
00:41:44.875625,I,61016afe49ff6cfea4fedd40
00:41:44.876187,I,7b012afe0fff37fe97feec40
00:41:44.876812,I,6801a3fe5cff54fe9efeaa40
00:41:44.877375,I,5401a3fe3cff07fe86feba40
00:41:44.878000,I,4801b0fe63ff60fec4fe0241
00:41:44.878562,I,410176fe36ff25feb0fecc40
00:41:44.879187,I,ce0083fe4fff3cfe9efec440
00:41:44.879750,I,610163fe55ff3efea5fefe40
00:41:44.880375,I,5401aafe5cff39fe9ffed740
00:41:44.880937,I,610177fe62ff45fe9dfe8d40
00:41:44.881562,I,ee00b7fe6fff34fea5feb440
00:41:44.882125,I,210177fe29ff27feccfeba40
00:41:44.882750,I,0e01aafe76ff2dfe96fe8940
00:41:44.883312,I,280136fe29ff43fecefe9b40
00:41:44.883937,I,68016afe49ff1cfe77fea740
00:41:44.884500,I,2e0163fe36ff1dfe66fee640
00:41:44.885125,I,21017dfe69ff1cfe97fec440
00:41:44.885687,I,2e0190fe63ff4bfe7bfedc40
00:41:44.886312,I,2e017dfe10ff25fe95fef640
00:41:44.886875,I,610183fe89ff3cfeaafe0641
00:41:44.887500,I,6e017dfe82ff66fee4fefe40
00:41:44.888062,I,350183fe6fffdafda7feee40
00:41:44.888687,I,f400aafe82fffffdc8fed240
00:41:44.889250,I,480176fe49ff0ffe9cfed240
00:41:44.889875,I,68018afe75fff4fdb9fea140
00:41:44.890437,I,34016afe82ff21fee1feb740
00:41:44.891000,I,5b0137fe5cfffcfd81febe40
00:41:44.891625,I,5b01bdfe4fff4cfe84fecd40
00:41:44.892187,I,680170fe42ff50fe95fee440
00:41:44.892812,I,6e0170fe49ff6bfe61fea840
00:41:44.893375,I,4e0176fe42ff3efea6fea440
00:41:44.894000,I,280183fe43ff58febefeb840
00:41:44.894562,I,410190fe4fff13feadfee640
00:41:44.895187,I,4e0183fe42ff09fec0fec840
00:41:44.895750,I,3b01b0fe5cfff2fdbbfeef40
00:41:44.896375,I,41014afe7cfff7fd78feda40
00:41:44.896937,I,4101aafe62ff03feb8fec440
00:41:44.897562,I,41013dfe3cff1cfea3fef740
00:41:44.898125,I,2101bdfe36ff3bfe85fedd40
00:41:44.898750,I,28018afe2fff1bfea6fe1941
00:41:44.899312,I,5b019dfe2fff5ffeb9fe1641
00:41:44.899937,I,4801b0fe89ff36fea4fef740
00:41:44.900500,I,880190fe09ff01feacfee140
00:41:44.901125,I,61019dfe36ff6cfe9afeb140
00:41:44.901687,I,21015dfe69ff69fe74fea840
00:41:44.902312,I,4801bdfe16fff1fd9ffe8d40
00:41:44.902875,I,2e016afe09ff1efec2fe9940
00:41:44.903500,I,0701a4fe4fff3dfe83fea040
00:41:44.904062,I,3b017dfe2fff73fe98fea640
00:41:44.904687,I,41017dfe42ff5efea7feae40
00:41:44.905250,I,0e0189fe49ff3ffeaafede40
00:41:44.905875,I,4101b0fe75ff0bfec6feda40
00:41:44.906437,I,61017dfe4fff4bfebafee340
00:41:44.907062,I,3b0190fe49ff4afe84fe0a41
00:41:44.907625,I,1b0157fe49ffeafd9afee940
00:41:44.908250,I,480163fe29ff0cfe9dfee640
00:41:44.908812,I,1b0150fe62ff0cfe8dfef540
00:41:44.909437,I,210183fe5cff21fe9efefb40
00:41:44.910000,I,61014afe4fff53fe76fed040
00:41:44.910562,I,1501b0fe2fff08fe79feeb40
00:41:44.911187,I,140136fe62ff6cfe87fed140
00:41:44.911750,I,340190fe6fff04fe92fed940
00:41:44.912375,I,1b0176fe6fff17fe6afefd40
00:41:44.912937,I,75017dfe43ff37fe6ffed640
00:41:44.913562,I,410190fe49ff2afec3fea840
00:41:44.914125,I,1b0190fe7cff0bfea6fec640
00:41:44.914750,I,1b0170fe4fff00fe9efeff40
00:41:44.915312,I,610190fe56ff08fe52fec240
00:41:44.915937,I,0e01aafe2fff2ffeb7fec540
00:41:44.916500,I,5b0143fe29ff1bfe9ffed840
00:41:44.917125,I,1b0183fe4fff87fe85fedc40
00:41:44.917687,I,4101b7fe2fff1dfed7fecc40
00:41:44.918312,I,fb00b0fe62ff24fe7dfedc40
00:41:44.918875,I,5b0183fe6fff0bfe82feda40
00:41:44.919500,I,280183fe56ff27fe7bfed040
00:41:44.920062,I,61013dfe56ff54fe8ffe2141
00:41:44.920687,I,680183fe62ff02fe8efe1241
00:41:44.921250,I,2e0163fe29ff1efe7bfebe40
00:41:44.921875,I,0101d0fe96ff04fe8efeba40
00:41:44.922437,I,68018afe2fff12fe5afeb440
00:41:44.923062,I,ee0070fe3cff5ffe95fed240
00:41:44.923625,I,210190fe4fff35febbfed140
00:41:44.924250,I,3b016afe7cff45feaffee040
00:41:44.924812,I,1b018afe69ff26fe99fee240
00:41:44.925437,I,550183fe69ff4efea5feaa40
00:41:44.926000,I,470156fe23ff15fe86feb040
00:41:44.926625,I,280190fe5cff0efe8efeb840
00:41:44.927187,I,61017dfe3cff1bfea3feb840
00:41:44.927812,I,010163fe62ff2bfe88fec840
00:41:44.928375,I,28018afe16ff33febafee040
00:41:44.928937,I,410163fe75ff27fe93fe1e41
00:41:44.929562,I,41017dfe3cff1cfeb7fef540
00:41:44.930125,I,010190fe75fff5fd9efed340
00:41:44.930750,I,21018afe29ff1efe7cfed540
00:41:44.931312,I,150170fe75ff17fe91febb40
00:41:44.931937,I,3b013dfe42ff1ffeb9fe8f40
00:41:44.932500,I,08017dfe6fff44feadfee140
00:41:44.933125,I,f4005dfe4fff02fe89fed240
00:41:44.933687,I,f40077fe56fffefd7dfe9440
00:41:44.934312,I,a10183fe69ff16fe8efee240
00:41:44.934875,I,410176fe16ff14feb4fec340
00:41:44.935500,I,6e0196fe56ff4cfe98fea740
00:41:44.936062,I,e100b0fe7cff27fe90feb640
00:41:44.936687,I,2e018afe62ff20fe90fece40
00:41:44.937250,I,4e018afe1cff1ffe8cfeba40
00:41:44.937875,I,6e0183fe62ff3cfed4fec940
00:41:44.938437,I,fb0097fe3cff30fe7ffee240
00:41:44.939062,I,01016afe5cff13fea6fef040
00:41:44.939625,I,410190fe4fff63fe89fecc40
00:41:44.940250,I,4e0190fe16ff45fe86fef840
00:41:44.940812,I,34016afe36fff9fdc5fee740
00:41:44.941437,I,5b01b0fe3cffedfdbefed640
00:41:44.942000,I,61018afe5cff23feaefecf40
00:41:44.942625,I,150130fe6fff36fe99fed440
00:41:44.943187,I,41019dfe49fffdfd7bfeac40
00:41:44.943812,I,4101a3fe3cff25fe8cfea540
00:41:44.944375,I,41014afe3cff38feb1fedc40
00:41:44.945000,I,140163fe29ff48fec2fed540
00:41:44.945562,I,210150fe42ff27fe7cfee640
00:41:44.946187,I,2801aafe8fff40fe6cfece40
00:41:44.946750,I,080170fe7cff13fe6cfe1841
00:41:44.947375,I,34019dfe7cff2efe91fefa40
00:41:44.947937,I,ce0083fe5cff29fe9afe9540
00:41:44.948500,I,3b0177fe42ff2cfe94fe9940
00:41:44.949125,I,540143fe69ff5dfebefe9b40
00:41:44.949687,I,6e016afe29ffeafdaffed040
00:41:44.950312,I,0e01cafe5cff21fea4fe9b40
00:41:44.950875,I,5b017dfe82ff35fec2fed540
00:41:44.951500,I,28016afe03ff21fe95fe9940
00:41:44.952062,I,21014afe36ff5afe9dfec740
00:41:44.952687,I,55019dfe5cff51fe84feba40
00:41:44.953250,I,5b0123fe1cff40fea3fed940
00:41:44.953875,I,2101a4feafff56fe76fece40
00:41:44.954437,I,5b019dfe23ff0afe4dfed640
00:41:44.955062,I,940190fe29ff17feb3feb340
00:41:44.955625,I,2e014afe23ff41feb6fed040
00:41:44.956250,I,2101b7fe56ff2afef4fed740
00:41:44.956812,I,3b0156fe3cfff8fd98fe9440
00:41:44.957437,I,6e012afe5cff04fed9feb040
00:41:44.958000,I,680170fe8fff33feb6fecf40
00:41:44.958625,I,fb0050fe36ff49feb6fee840
00:41:44.959187,I,48018afe82ff0afe7afee740
00:41:44.959812,I,34018afe49ff64fea0fed440
00:41:44.960375,I,fb0083fe56ff12fea0fee440
00:41:44.961000,I,5b018afe2fff02fec8feb440
00:41:44.961562,I,950163fe69ff28feb8fecb40
00:41:44.962187,I,210163fe6fff25fe73fec740
00:41:44.962750,I,a201aafe4fff20fe8efeca40
00:41:44.963375,I,340190fe62ff3bfe98fef540
00:41:44.963937,I,5b0183fe69ff3ffed2febd40
00:41:44.964562,I,4e0143fe43ff1dfe7efecc40
00:41:44.965125,I,280196fe6fff09feb4fe1341
00:41:44.965750,I,2e01b7fe56ff08feb9fea940
00:41:44.966312,I,81019dfe4fff4efeeafeb340
00:41:44.966937,I,8e0170fe3cff43fec7fec440
00:41:44.967500,I,3b0197fe42ff13fee1fee540
00:41:44.968062,I,6e0183fe62ff29fe94feb940
00:41:44.968687,I,3b0170fef0fef7fd9afeb440
00:41:44.969250,I,4e017dfe4fff07fea4fe6a40
00:41:44.969875,I,610183fe29ff4afe75feb940
00:41:44.970437,I,4e0150fe49ff30febdfec140
00:41:44.971062,I,5b01b6fea9fffcfda1fee940
00:41:44.971625,I,4e019dfe56ff28feaffeaf40
00:41:44.972250,I,140170fe2fff50fe8cfead40
00:41:44.972812,I,280156fe82ff95febdfeda40
00:41:44.973437,I,01014afe2fff2efe9dfea940
00:41:44.974000,I,4801a3fe9cff44fedafede40
00:41:44.974625,I,e800aafe56ff2cfeadfee740
00:41:44.975187,I,350177fe29ff32feb7fe9740
00:41:44.975812,I,08018afe2fff42fea6fe0241
00:41:44.976375,I,6e0196fe2fff1dfea8fed040
00:41:44.977000,I,e80043fe29ff44fea6fec040
00:41:44.977562,I,d50183fe4fff50fe9efe9940
00:41:44.978187,I,5b0157fe36ff53fe82fe8b40
00:41:44.978750,I,480177fe49ff22fe87fef440
00:41:44.979375,I,480163fe56ff37fe74febc40
00:41:44.979937,I,080176fe29ff3bfe8afeae40
00:41:44.980562,I,fb0083fe5cff5cfe8dfe8240
00:41:44.981125,I,280123fe49ff11feaffecc40
00:41:44.981750,I,410197fe29ff29fedcfed340
00:41:44.982312,I,1b016afe29fffdfdc7fec940
00:41:44.982937,I,14018afe62ff79fe96fece40
00:41:44.983500,I,34015dfe82ff6bfeb1feae40
00:41:44.984125,I,350177fe69ff2efe96fedd40
00:41:44.984687,I,350170fe56ff06fe72fec940
00:41:44.985312,I,610136fe62ff2ffeb8fed240
00:41:44.985875,I,2e01c4fea9ff15feb0fee440
00:41:44.986500,I,350163fe03ff3afe92fef240
00:41:44.987062,I,210183fe56ff00fecbfee240
00:41:44.987687,I,75014afe0fff0ffeaefef240
00:41:44.988250,I,0e01a3feafff39fe89feae40
00:41:44.988812,I,62019dfe1cff2ffe9efedc40
00:41:44.989437,I,2e01b0fe49ff20fe44feef40
00:41:44.990000,I,34017dfe7cff4ffea8feb440
00:41:44.990625,I,6e0176fe49ff32fea3fea140
00:41:44.991187,I,820176fe29fff4fdb8feab40
00:41:44.991812,I,3b0177fe43ff10feaafe9140
00:41:44.992375,I,1401c3fe5cff53feaffea540
00:41:44.993000,I,e80097fe3cff73feb7fef840
00:41:44.993562,I,4e01a3fe56ff48febafefc40
00:41:44.994187,I,0101cafea2ff1dfe84fef240
00:41:44.994750,I,280137fe49ff7afea4fe1641
00:41:44.995375,I,1b01ddfe83ff74feacfe0c41
00:41:44.995937,I,14017dfe82ff41feb3fee340
00:41:44.996562,I,6101aafe03ff1bfe92fef540
00:41:44.997125,I,4e0190fe5cff0cfeb5fed440
00:41:44.997750,I,540177fe56ff40feb4fefc40
00:41:44.998312,I,5401bdfe29ff38fea6feae40
00:41:44.998937,I,f40070fe42ff37fec1febf40
00:41:44.999500,I,8e016afe42ff1afebefea640
00:41:45.000125,I,4e0163fe6fff1bfe93fec540
00:41:45.000687,I,a10197fe43ff1cfeddfecf40
00:41:45.001312,I,680183fe5cfffbfda7fe9940
00:41:45.001875,I,280190fe8fff34fe80fea240
00:41:45.002500,I,3b0170fe09ff4cfe7dfeec40
00:41:45.003062,I,1b01c4fe56ff63fe77fed040
00:41:45.003687,I,ce006afe10ff2cfe66febc40
00:41:45.004250,I,5b0164fe4fff1dfeb6fef040
00:41:45.004875,I,d400aafe09ff00fea1fedc40
00:41:45.005437,I,6e0170fe4fff2afea9febc40
00:41:45.006062,I,01014afe2fff6cfea9fec040
00:41:45.006625,I,34015dfe49ff2ffe61feca40
00:41:45.007250,I,a2015dfe16ff33fe7afeb340
00:41:45.007812,I,610170fe75fffefdb3fe9c40
00:41:45.008375,I,1401d7fe42ff42fe74fea940
00:41:45.009000,I,41013dfe1cff28feaefe0e41
00:41:45.009562,I,0801ddfe82ff4cfe9ffee740
00:41:45.010187,I,35018afe62ff56fe81feda40
00:41:45.010750,I,4e015dfe23ff28feb0fe1341
00:41:45.011375,I,610183fe7cff3ffe79fedb40
00:41:45.011937,I,74018afe56ff2bfe9bfeca40
00:41:45.012562,I,f4007dfe6fff1ffe9cfee040
00:41:45.013125,I,d4008afe63ff22fe94fe9340
00:41:45.013750,I,880150fe49ff42fea4fe5140
00:41:45.014312,I,b400aafea2ff2efecbfe6840
00:41:45.014937,I,8e0149fe6ffff1fdd6fec040
00:41:45.015500,I,07015dfe5cfffefda3fe9e40
00:41:45.016124,I,3b019dfe5cff32feacfec640
00:41:45.016687,I,fb0090fe3cff14fe96fec240
00:41:45.017312,I,550170fe8fff4afe94feef40
00:41:45.017875,I,1b0190fe49ff3efeaffecc40
00:41:45.018500,I,0701b0fe5cff33fe83fee540
00:41:45.019062,I,6e017dfe2fff24fe91feef40
00:41:45.019687,I,410190fe23fff4fda2fed940
00:41:45.020250,I,6e0143fe82ff17fe8efee740
00:41:45.020875,I,41016afe2ffff8fd77fefb40
00:41:45.021437,I,e80050fe5cff3efe90fe7f40
00:41:45.022062,I,62017dfe5cff54fea6febb40
00:41:45.022625,I,ee0089fe69ff24feb7fee240
00:41:45.023250,I,48013dfe1cff4afe9efeed40
00:41:45.023812,I,6e017dfe5cff6ffeb3fe8b40
00:41:45.024437,I,4e019dfe49ff3ffe9bfeaf40
00:41:45.025000,I,2e0190fe36ff4cfe80fec940
00:41:45.025625,I,35019dfe49ff34fe8cfea240
00:41:45.026187,I,150163fe09ff1cfe86fea240
00:41:45.026812,I,ce0090fe4fffddfd92feba40
00:41:45.027375,I,4e019dfe49ff3efeb0feb740
00:41:45.028000,I,6201a9fe29ff19fe90fefc40
00:41:45.028562,I,d500b6fe29ff1afea0fedd40
00:41:45.029125,I,680170fe63ff42febdfec840
00:41:45.029750,I,3b0176fe50ff3dfec9fed840
00:41:45.030312,I,350169fe42ff46fe9dfef540
00:41:45.030937,I,150190fe56ff2afe7afed440
00:41:45.031500,I,55015dfe29ff3bfea0fee240
00:41:45.032125,I,880190fe62ff2dfea0fec240
00:41:45.032687,I,420163fe5cfff9fd9dfe8640
00:41:45.033312,I,3501b6fe63fff4fda8fea240
00:41:45.033875,I,b50189fe16ff4bfec0fea640
00:41:45.034500,I,1501a3fe76ff2ffef7fe8b40
00:41:45.035062,I,6101b0fe36ff21fecdfebc40
00:41:45.035687,I,2e0143fe4fff32fe9dfe9e40
00:41:45.036250,I,410176fe7cff23feb6fea240
00:41:45.036875,I,350163fe36ff11fe7afec040
00:41:45.037437,I,2201d0fe7cff09fec8fef240
00:41:45.038062,I,6e0156fe5cff2afec0feb740
00:41:45.038625,I,0101bdfe5cff6afea7febd40
00:41:45.039250,I,820156fe4fff50fe85feff40
00:41:45.039812,I,fb00aafeafff20feaefeed40
00:41:45.040437,I,e8006afe0fffd2fd7efe0441
00:41:45.041000,I,5b0189fe43ff46fe81fef340
00:41:45.041625,I,080176fe8fff25fe89fe2541
00:41:45.042187,I,680143fe4fff20fe95feb340
00:41:45.042812,I,fb00b7fe2fff48fe78fec740
00:41:45.043375,I,6e0176fe3cff46feacfec640
00:41:45.044000,I,1401b0fe56ff1bfeb9fecb40
00:41:45.044562,I,540183fe56ff06fe5ffeb540
00:41:45.045187,I,1401b7fe2ffff2fd85fee140
00:41:45.045750,I,81016afe7cff5ffe83feb940
00:41:45.046375,I,080183fe62ff88fe86feac40
00:41:45.046937,I,6e01b7fe49ff4afed6feb340
00:41:45.047500,I,15015dfe29ff28feb8feac40
00:41:45.048125,I,350170fe3cff30fea0fec740
00:41:45.048687,I,280150fe56ff44fec8fead40
00:41:45.049312,I,41018afe89ff3dfea5fef140
00:41:45.049875,I,2e018afe49ff1ffed2fef040
00:41:45.050500,I,5b016afe3cff3cfec0fea640
00:41:45.051062,I,680190fe0fff3ffe98fe9640
00:41:45.051687,I,48018afe4fff13fea3feb140
00:41:45.052250,I,4e01a3fe49ff0dfe9afef240
00:41:45.052875,I,3b016afe82ff1ffe8afed140
00:41:45.053437,I,4e01b7fe3cff1afec3feb440
00:41:45.054062,I,55015dfe56ff5bfeccfedb40
00:41:45.054625,I,41016afe56ff2efeacfed240
00:41:45.055250,I,2e0143fe29ff47fed9fec140
00:41:45.055812,I,0e01bdfe6fff30fed3fea640
00:41:45.056437,I,8e015dfe36ff19fe80fe9f40
00:41:45.057000,I,0e01cafe75ff44fe87fec140
00:41:45.057625,I,2e0169fe0fff1efe80fe9440
00:41:45.058187,I,1b015dfe62ff12fe68fe9740
00:41:45.058812,I,6e0190fe42ff57fe97feaa40
00:41:45.059375,I,4e0196fe5cff26feaffebd40
00:41:45.060000,I,3b0183fe5cff06fec4fede40
00:41:45.060562,I,2e016afe49ff0efed0fef140
00:41:45.061187,I,fb00bdfe62ff85fe95feee40
00:41:45.061750,I,140136fe36ff42feb7fef940
00:41:45.062375,I,2801b7fe4fff4dfebbfef340
00:41:45.062937,I,2e01a3fe56ff23fea2fead40
00:41:45.063562,I,54013dfe03ff33fec2fee040
00:41:45.064125,I,480197fe96ff12fe8dfecd40
00:41:45.064750,I,3b015dfe16ff0dfe8efeec40
00:41:45.065312,I,540190fe76ff1afea3fee440
00:41:45.065937,I,3b018afe4fff56fe9afe0141
00:41:45.066500,I,54018afe3cff22fec2fed040
00:41:45.067062,I,5b0129fe49ff07feb1fee340
00:41:45.067687,I,2e01aafe36fff9fdcbfee240
00:41:45.068250,I,540170fe56ff4afea3fe9a40
00:41:45.068875,I,280137fe29ff31fe8efe9540
00:41:45.069437,I,3b019dfe4fff11fea6fec440
00:41:45.070062,I,21018afe4fff12fea0feb540
00:41:45.070625,I,e100aafe43fffdfdb2fec440
00:41:45.071250,I,fb0056fe36ff17feccfeb240
00:41:45.071812,I,d400d0fe62ff19febcfe8e40
00:41:45.072437,I,ee0097fe56ff33feaffe9140
00:41:45.073000,I,ee009dfe62ff55fe6afe7240
00:41:45.073625,I,4e018afe62ff8dfe9efee240
00:41:45.074187,I,4101a3fe56ff5bfeb0fef840
00:41:45.074812,I,340183fe56fffdfd90fecd40
00:41:45.075375,I,2e0156fe56ff5cfed3fee740
00:41:45.076000,I,680156fe49ff1efe68fec240
00:41:45.076562,I,0101a3fe42ff07fe69fec340
00:41:45.077187,I,8801cafe36fffdfdaafedd40
00:41:45.077750,I,680170fe76ff24fefffec740
00:41:45.078375,I,34018afe49ff27fe83fee840
00:41:45.078937,I,0e016afe42ff5afe80fe8f40
00:41:45.079562,I,4e014afe23ff2efebcfeb040
00:41:45.080125,I,55015dfe29ff5bfedffef440
00:41:45.080750,I,610183fe49ff13fedbfeab40
00:41:45.081312,I,880183fe42ff26fe9bfece40
00:41:45.081937,I,61016afe69ff27fe72fece40
00:41:45.082500,I,7b0183fe09ff22feb7feba40
00:41:45.083125,I,340163fe56ff48feb5feb940
00:41:45.083687,I,a80177fe5cff43feb8feed40
00:41:45.084312,I,ee007dfe7cff72febafee740
00:41:45.084875,I,550176fe5cff10fe99febe40
00:41:45.085500,I,28016afe42ff4cfeb3feb040
00:41:45.086062,I,340149fe89ff3cfe84fef640
00:41:45.086625,I,4e016afe49ffdbfd6bfeb440
00:41:45.087250,I,8e0197fe62ff17fe94febf40
00:41:45.087812,I,280190fe49ff44feb9fecf40
00:41:45.088437,I,4e018afe23ff38fea2feb740
00:41:45.089000,I,a1016afe7cffc8fdbafeae40
00:41:45.089625,I,48016afe9cff07fea7fed840
00:41:45.090187,I,d40084fe82ff35fe86fe9b40
00:41:45.090812,I,680177fe4fff2afe5dfed940
00:41:45.091375,I,410190fe62ff0afe7ffeb440
00:41:45.092000,I,28019dfe62ff31feb8fec840
00:41:45.092562,I,d4009dfe5cff25fe9dfec440
00:41:45.093187,I,f4009dfe3cff0bfe96feb740
00:41:45.093750,I,68011dfe1cff50fe8bfeec40
00:41:45.094375,I,4801bdfe4fff0cfe8dfee240
00:41:45.094937,I,280136fe5cffdafd86fedc40
00:41:45.095562,I,21017dfe23ff28feaefeef40
00:41:45.096125,I,0e01ddfe6fff19fe8afef340
00:41:45.096750,I,750156fe36ff44fe7efee240
00:41:45.097312,I,4e018afe36ff4efed8fed340
00:41:45.097937,I,2801aafe63ff41feaafee340
00:41:45.098500,I,ce0077fe69ff59fe89fecd40
00:41:45.099125,I,8f0183fe43ff2ffeb7feb240
00:41:45.099687,I,e8009dfe8fff3dfe8ffea540
00:41:45.100312,I,7b012afe56ff10fe8bfec840
00:41:45.100875,I,420170fe3dff17fe9bfece40
00:41:45.101500,I,620169fe43ff32fe82fee040
00:41:45.102062,I,480176fe3cff2dfec0fedd40
00:41:45.102687,I,140196fe4fff48fea1fef240
00:41:45.103250,I,a20196fe50ff49fea0fee240
00:41:45.103875,I,3b0156fe03ff41fea4feed40
00:41:45.104437,I,0801aafe96fff2fde7fef740
00:41:45.105000,I,550150fe76ff24fedafeaf40
00:41:45.105625,I,2801a3fe76ff3efea7fea740
00:41:45.106187,I,2e0196fe63ff45fe88feee40
00:41:45.106812,I,2e017dfe4fff51febcfe1041
00:41:45.107375,I,2e013dfe4fff30fe8bfef240
00:41:45.108000,I,1b01b0fe29fff5fd76fecc40
00:41:45.108562,I,750176fe49ff6bfe5dfee240
00:41:45.109187,I,3b0196fe82ff22fecffeef40
00:41:45.109750,I,4e0190fe4fff30fedcfed140
00:41:45.110375,I,ee00c3fe63fff9fd74feb640
00:41:45.110937,I,2e013dfe43fff5fd97fe1241
00:41:45.111562,I,ee0083fe69ffe1fd94fef840
00:41:45.112125,I,4e0183fe09ff20fe9afece40
00:41:45.112750,I,15015dfe49ff3cfe8afec740
00:41:45.113312,I,5b017dfe43ffebfd8dfebc40
00:41:45.113937,I,08018afe8fff52fe90fede40
00:41:45.114500,I,75014afe6fff1ffee0fedb40
00:41:45.115125,I,2201cafe7cff23fea6feec40
00:41:45.115687,I,08015dfe96ff4cfeabfef340
00:41:45.116312,I,010149fe69ff31fe8cfef840
00:41:45.116875,I,2e0150fe2ffffefdb4fee840
00:41:45.117500,I,1b01bdfe6ffff6fda0fede40
00:41:45.118062,I,280190fef0fefafd62feb240
00:41:45.118687,I,21019dfe4ffffefd9cfec540
00:41:45.119250,I,3b0196fe42ff37fea0fee140
00:41:45.119875,I,6e01a3fe69ff56fe9afecd40
00:41:45.120437,I,2e0143fe55ff19feb5fef840
00:41:45.121062,I,e80090fe5cff63feb2fefe40
00:41:45.121625,I,7b016afe49ff29fea3fe9a40
00:41:45.122250,I,c70097fe82ff25febdfefa40
00:41:45.122812,I,6e0183fe76ff47fec0feb540
00:41:45.123437,I,8e017dfe49ff12fe81fea740
00:41:45.124000,I,540190fe1cff54febafe1a41
00:41:45.124562,I,410170fe49ff35fe82fed040
00:41:45.125187,I,01018afe3cff21fea2feba40
00:41:45.125750,I,6e017dfe49ff28fe91feb640
00:41:45.126375,I,680190fe63fff9fd9bfeb640
00:41:45.126937,I,1b018afe62ff24fe96fec640
00:41:45.127562,I,88018afe16ff09fe97fee340
00:41:45.128125,I,350170fe56ff23fea2fed040
00:41:45.128750,I,55016afe62ff0bfea6feee40
00:41:45.129312,I,48018afe29ffe0fda7fea840
00:41:45.129937,I,210170fe69ff17fec2fec540
00:41:45.130500,I,2101a4fe16ff2cfebdfead40
00:41:45.131125,I,e80096fe89ff50fea7feca40
00:41:45.131687,I,3b01aafe3cff37feecfeb440
00:41:45.132312,I,0e0177fe3cff35feaafeb240
00:41:45.132875,I,c70084fe09ff4bfeb3fecd40
00:41:45.133500,I,55017dfe4fff1bfe92feec40
00:41:45.134062,I,2801a3fe43ff3ffebafef040
00:41:45.134687,I,6e0170fe36ff6afe8dfec540
00:41:45.135250,I,fa005dfe8fff36fe88fee440
00:41:45.135875,I,7b0170fee9fe34fe90febf40
00:41:45.136437,I,480190fe6fff73fe8afea340
00:41:45.137062,I,fb00a3fe69ff66feb1fec340
00:41:45.137625,I,610123fe03ff48feacfec340
00:41:45.138250,I,9b01a4fe6fff2cfe8afeaa40
00:41:45.138812,I,2801bdfe62ff5cfeb2fedb40
00:41:45.139437,I,610183fe29ff20fe8efed740
00:41:45.140000,I,5b01a3fe4fff51feaafed240
00:41:45.140625,I,41017dfe56ff34fe9ffed840
00:41:45.141187,I,340197fe4fff22fea3fe0541
00:41:45.141812,I,41014afe43ff00fe90fee640
00:41:45.142375,I,3b017dfe76ff28fea0fedf40
00:41:45.143000,I,1b019dfe6fff19febcfe1d41
00:41:45.143562,I,280163fe56ff0dfe70fef340
00:41:45.144187,I,0e015dfe1cff04fea3fed940
00:41:45.144750,I,2e015dfe75ff29febefebc40
00:41:45.145375,I,f400aafe1cff43fe9cfebf40
00:41:45.145937,I,810183fe09ff0cfeaffedd40
00:41:45.146500,I,fb0090fe5cff07feb2feac40
00:41:45.147125,I,41016afe0fff47fec2fe8d40
00:41:45.147687,I,4e01a4fe63ff40fe8efe9440
00:41:45.148312,I,3b014afe3cff72fe98feb840
00:41:45.148875,I,5b01aafe62ff01fea8feff40
00:41:45.149500,I,35017dfe29fffafda8feda40
00:41:45.150062,I,140189fea2ff53feb0feb340
00:41:45.150687,I,fb00aafe6fff18fec4fe9140
00:41:45.151250,I,3b0170fe69ff30feadfeb240
00:41:45.151875,I,4e018afe6fffebfdc2fe0641
00:41:45.152437,I,080157fe3cff20fe9afed040
00:41:45.153062,I,6e0170fe49ff5afe98fec340
00:41:45.153625,I,340130fe36ff22fe9ffeb640
00:41:45.154250,I,340183fe95ff19fee1fe9f40
00:41:45.154812,I,080143fe49ff3bfec5feea40
00:41:45.155437,I,5501c3fe5cff3dfea5fedc40
00:41:45.156000,I,4e0183fe36ff48fe93fedd40
00:41:45.156625,I,210190fe4ffff2fdb8fedc40
00:41:45.157187,I,410177fe3cff1afe99fe9b40
00:41:45.157812,I,41013dfe9cff51fecafe9c40
00:41:45.158375,I,550183fe3cff38febefeb440
00:41:45.159000,I,4e0177fe56ff05fea2fed840
00:41:45.159562,I,410183fe4fff3ffe9efed440
00:41:45.160187,I,4801a3fe75ff18fe94fed440
00:41:45.160750,I,01017dfe75ffe0fda8fee640
00:41:45.161375,I,01015dfe5cfffdfdbafeae40
00:41:45.161937,I,4e01bdfe3cff53feb7feb740
00:41:45.162562,I,41015dfe5cff49fed1feda40
00:41:45.163125,I,fb00d0fe89ff5cfeb6febd40
00:41:45.163750,I,a10170fe43ff29fe83feec40
00:41:45.164312,I,410169fe4fff03feb5fef640
00:41:45.164937,I,35018afe5cff28febafee340
00:41:45.165500,I,f40063fe29ff84fe96fef240
00:41:45.166062,I,3b01bdfe6fff4bfeb4fed240
00:41:45.166687,I,880130fe1cff1cfe9afec240
00:41:45.167250,I,2101ddfe69ff40febdfede40
00:41:45.167875,I,880170fe23ff2dfebafed840
00:41:45.168437,I,54018afe95ff3dfed5fee040
00:41:45.169062,I,0e0176fe36ff55fec8fe1341
00:41:45.169625,I,3b014afe49ff27feb3fec340
00:41:45.170250,I,2e0176fe4fff27fe99fe9540
00:41:45.170812,I,55017dfe49ff32fe96feda40
00:41:45.171437,I,4e0156fe5cff22feb2fecf40
00:41:45.172000,I,2e0170fe9cff34fe8dfed340
00:41:45.172625,I,5401b7fe49fff8fda4fecc40
00:41:45.173187,I,4e0197fe6fff04fe90fed940
00:41:45.173812,I,1b0183fe6fff2bfef5fec740
00:41:45.174375,I,5b0156fe5cff3dfea1fec340
00:41:45.175000,I,68016afe62ff11fe9afed340
00:41:45.175562,I,4e01cafe49ff14fe7cfe0641
00:41:45.176187,I,1b0190fea2ff19fe8afee640
00:41:45.176312,U,b56201075c0080ae8d16e6070a1409060637190000001f6000000303ea1d43ee760657ff911af1ec01000a3901008f0500006008000004000000f6ffffffd4ffffff0b000000be345a01f900000080a812016c0000005c414f210000000000000000ca6e
00:41:45.176750,I,3b018afeddfef3fd98fec640
00:41:45.177375,I,080183fe6fff33fee0fec040
00:41:45.177937,I,080190fe4fff1efec0feda40
00:41:45.178562,I,7b01a3fe29ff26fec5feb840
00:41:45.179125,I,540156fe82ff42febbfeb940
00:41:45.179750,I,21018afe2fff59fe8ffecb40
00:41:45.180312,I,550156fe7cff37fea8fec440
00:41:45.180937,I,2e0183fe42ff30fec0fea140
00:41:45.181500,I,48016afe29ff40feacfebd40
00:41:45.182125,I,5501a3fe6fff3bfeaafebf40
00:41:45.182687,I,210163fe36ff1efeb1fedc40
00:41:45.183312,I,1401ddfe7cffdafda4fe9240
00:41:45.183875,I,4e0130fe29fffbfd90febb40
00:41:45.184500,I,21017dfe95ff0cfe97fe9540
00:41:45.185062,I,4e01b0fe75ff16feb4feb540
00:41:45.185687,I,8e019dfe4fff5cfea8fea940
00:41:45.186250,I,610183fee9fe58fe96feae40
00:41:45.186812,I,2801a3fe69ff34fe85fe0841
00:41:45.187437,I,810130fe1cffdbfd61fef440
00:41:45.188000,I,3b01b0fe49ff27feb0fe0a41
00:41:45.188625,I,610190fe42ff33fe97fec740
00:41:45.189187,I,34018afe16fff9fdbdfedb40
00:41:45.189812,I,3b017dfe82ff47fec2feac40
00:41:45.190375,I,14018afe4fff0efea5fecb40
00:41:45.191000,I,5b0157fe7cfff6fd7bfeea40
00:41:45.191562,I,1b0190fe7cff3dfe98feec40
00:41:45.192187,I,3b01a3fe23ff1efe90fee740
00:41:45.192750,I,4e0177fe89ff26febafede40
00:41:45.193375,I,74014afe76ff26fea7fed040
00:41:45.193937,I,4801d7fe2fff29feaffeb240
00:41:45.194562,I,41017dfe69ffe8fd8bfee240
00:41:45.195062,U,b5620136400080ae8d16000101000000c03f0000803f5e38793f5642503e77d82cbe9881863f3573523fbc219340a497b93cadca403b2cdf74bb07cfae3c7e7b073c302e753de44e
00:41:45.195125,I,3b018afe56ff22fe98fec240
00:41:45.195750,I,21017dfe2fff06fec5fef240
00:41:45.196312,I,610176fe7cff1ffe8bfede40
00:41:45.196937,I,e80083fe49ff23fed5fec240
00:41:45.197500,I,210197fe36ff37feb3fec840
00:41:45.198125,I,150183fe7cff0efe9ffecc40
00:41:45.198687,I,6e017dfe56ff25fe82fe0a41
00:41:45.199312,I,740163fe3cff37fe8efefc40
00:41:45.199875,I,480176fe3cff57fec0fed640
00:41:45.200500,I,2e0150fe1cff44feb7fedf40
00:41:45.201062,I,6e01b0fe3cff3cfeb9fedb40
00:41:45.201687,I,6e017dfe23ff16fea1fec140
00:41:45.202250,I,3b0170fe36ff25feaefeda40
00:41:45.202875,I,3b01bdfe3cff46fe98febc40
00:41:45.203437,I,41017dfe4fff48fe9cfec340
00:41:45.204062,I,2801aafe49ff6efe67febb40
00:41:45.204625,I,e1008afe75ff41fe9bfec040
00:41:45.205250,I,270177fe56ff3afec4fea640
00:41:45.205812,I,140176fe42ff0afeb8fe9540
00:41:45.206375,I,0e0163fe5cff31fe78fef340
00:41:45.207000,I,95015dfe16ff26fe5dfee740
00:41:45.207562,I,6201b0fe82ff0bfea7fea140
00:41:45.208187,I,0e0170fe5cff40febafe9a40
00:41:45.208750,I,480183fe23ff36fecafee440
00:41:45.209375,I,4e017dfe42ff36fe74fee240
00:41:45.209937,I,5b0197fe36ff2efe8afed740
00:41:45.210562,I,01014afe4fff3cfe9dfef840
00:41:45.211125,I,14013dfe23fff7fd97fed740
00:41:45.211750,I,3b017dfe3cff3afecdfed940
00:41:45.212312,I,340176fe6fff31febcfefa40
00:41:45.212937,I,610190fe75ff4cfed5fe0341
00:41:45.213500,I,280163fe7cfff7fd94fee040
00:41:45.214125,I,080197fe56ff35fec9fedb40
00:41:45.214687,I,210150fe49ff04fe97fecd40
00:41:45.215312,I,41017dfe3cff75fea3feb340
00:41:45.215875,I,2e01a3fe6fffd9fdcafed240
00:41:45.216500,I,4801aafe29ff2dfebefeac40
00:41:45.217062,I,480156fe6fff04fee0feb440
00:41:45.217687,I,ee0083fe82ff1efeb8fedf40
00:41:45.218250,I,1b0163fe1cff1bfecffecd40
00:41:45.218875,I,210197fea9ff60feb9febf40
00:41:45.219437,I,61019dfe4fff34fec0feb540
00:41:45.220062,I,28016afe43ff0dfe7cfeec40
00:41:45.220625,I,480190fe69ff0afe78fee640
00:41:45.221250,I,0e0170fe5cff1efe76fec940
00:41:45.221812,I,35017dfe1cffeefda6feea40
00:41:45.222437,I,48016afe42ff40fedcfedf40
00:41:45.223000,I,4101b0fe42ff24fe9afefb40
00:41:45.223625,I,55017dfe29ff5bfe91fef540
00:41:45.224187,I,080190fe69ff3ffe7dfeff40
00:41:45.224812,I,8e018afe16ff10fea6feef40
00:41:45.225375,I,82016afe69fff0fd75fef040
00:41:45.226000,I,4e0190fe69ff0efe99febe40
00:41:45.226562,I,1b0196fe7cff39fe99fede40
00:41:45.227125,I,2101cafe6fff7cfea4fed540
00:41:45.227750,I,7b0116fe2fff16fedefeed40
00:41:45.228312,I,2e019dfe4fff02fea9fecc40
00:41:45.228937,I,0e0176fe56ff25fe71feb840
00:41:45.229500,I,0801aafe95ffd8fdb7fed040
00:41:45.230125,I,4e012afe0fff31fe94fed940
00:41:45.230687,I,1b0190fe8fff3afebbfeb840
00:41:45.231312,I,880176fe56ff3ffea2fec040
00:41:45.231875,I,f4009dfeb5ff1cfec8feed40
00:41:45.232500,I,a10150fe16ff1ffe86fe0b41
00:41:45.233062,I,ee008afe69ff20fec0fe0f41
00:41:45.233687,I,210156fe6ffffffdacfef040
00:41:45.234250,I,1b019dfe62ff24fe85fed840
00:41:45.234875,I,4e01c4fe3cffeffd78febc40
00:41:45.235437,I,080190fe29fff6fd6bfede40
00:41:45.236062,I,6801c3fe9cff38feadfecc40
00:41:45.236625,I,7b0197fe42fff4fdaefe9c40
00:41:45.237250,I,950183fe49ff3bfeadfecd40
00:41:45.237812,I,0e0183fe6fff38fea2febd40
00:41:45.238437,I,550163fef6fe12fe98feb240
00:41:45.239000,I,4e0176fe62ff35feb2fec840
00:41:45.239625,I,48015dfe6fff2efea8fee140
00:41:45.240187,I,48019dfe6fff42fea9fefc40
00:41:45.240812,I,070150fe23ff00fe77fecd40
00:41:45.241375,I,0e01d0febcff12fea4fe0941
00:41:45.242000,I,bb0163fe69ff03fe75fec240
00:41:45.242562,I,2e01b7fe4fffdafdb2fee040
00:41:45.243187,I,4e0184fe3cfffcfdb5fec940
00:41:45.243750,I,210163fe4fffe9fd9afec440
00:41:45.244375,I,6e0190fe69ff38feeffed240
00:41:45.244937,I,7b019dfe56ff26feacfeb140
00:41:45.245562,I,5b013dfe42ff50fe83fea140
00:41:45.246125,I,28018afe6fff44feb9fec640
00:41:45.246750,I,4e014afe6fff49fe84fea040
00:41:45.247312,I,480183fe42ff31fe92fe8840
00:41:45.247937,I,db008afe62ff42fe99feab40
00:41:45.248500,I,4e01aafe36ff09febefec840
00:41:45.249062,I,550190fe5cff3afec1fea940
00:41:45.249687,I,5b0170fe69ff37fe89feac40
00:41:45.250250,I,010170fe55ff16fe96febd40
00:41:45.250875,I,61018afe62ff0ffe88fedc40
00:41:45.251437,I,fb0069fe36ff29fec7fecc40
00:41:45.252062,I,4e01aafe42ff24fe8cfeb940
00:41:45.252624,I,68013dfe6fff77fe8cfec240
00:41:45.253250,I,410156fe29ff3afe9afe7e40
00:41:45.253812,I,fb005dfe9cff50fe91feb440
00:41:45.254437,I,210190fe56ff54fedefed440
00:41:45.255000,I,610190fe4fff06fe88fec440
00:41:45.255625,I,0e0190fe4fff11fe92feb140
00:41:45.256187,I,fb00aafe6fff16fe9bfec240
00:41:45.256812,I,4e0190fe69ff6ffe7cfedb40
00:41:45.257375,I,5b0190fe42ff35fe4ffefc40
00:41:45.257999,I,480196fe03ff35fe78fecb40
00:41:45.258562,I,a801a3fe36ff3dfe65fecd40
00:41:45.259187,I,7b0156fe56ff2cfe90fec140
00:41:45.259750,I,210177fe29ff02feabfe0441
00:41:45.260375,I,410170fe7cff29fe75fec940
00:41:45.260937,I,3b0163fe7cff2efe8bfeba40
00:41:45.261562,I,5501bdfe3cfff4fdc0fe9440
00:41:45.262124,I,0801b7fe6fff35fed9fece40
00:41:45.262750,I,750183fe62ff28fe8afec440
00:41:45.263312,I,210190fe2fff46feacfedc40
00:41:45.263937,I,1b01a3fe89ff7cfea1fecb40
00:41:45.264500,I,ee00a3fe23ff4bfe85fed240
00:41:45.265125,I,280176fe76ff16febbfee040
00:41:45.265687,I,f40070fe16ff3cfebefed140
00:41:45.266312,I,7b0116fe62ff1bfea2febc40
00:41:45.266875,I,2e0190fe49fffefdaafebe40
00:41:45.267500,I,ce0090fe96ff2cfec3fee340
00:41:45.268062,I,5b01bdfe2fff28febdfeb840
00:41:45.268687,I,41016afe4fff0afe8dfea640
00:41:45.269250,I,680197fe4fff4bfea2fed440
00:41:45.269875,I,680190fe23ff7afeaafeb840
00:41:45.270437,I,f5008afe43ff39fec5fede40
00:41:45.271062,I,bb0143fe29ff58fea0fec040
00:41:45.271625,I,210177fe42ff26fed6fecf40
00:41:45.272187,I,410176fe49ff33fef0febd40
00:41:45.272812,I,41019dfe2fff51fe7afea440
00:41:45.273375,I,010143fe56ff1efe4dfed440
00:41:45.274000,I,5501b0fe56ff06feaefeb540
00:41:45.274562,I,4801aafe3cff2bfebffeb440
00:41:45.275187,I,34019dfef6fe2bfe9cfed040
00:41:45.275750,I,340183fe89ff3ffe70fecd40
00:41:45.276375,I,6801aafe7cff28fe68fec540
00:41:45.276937,I,480170fe62ff14fe88fecb40
00:41:45.277562,I,61016afe7cff45fe75fee040
00:41:45.278125,I,2101b7fe69ff37feccfece40
00:41:45.278750,I,c80083fe89ff3dfea6fee740
00:41:45.279312,I,5b0150fe56ff1efe75fec840
00:41:45.279937,I,e100b7fe7cff66fea5feb040
00:41:45.280500,I,e70070fe2fff10fec8fee740
00:41:45.281125,I,e700b0fe89ff34fe96fed040
00:41:45.281687,I,5b0143fe42ff35fe88fec240
00:41:45.282312,I,550190fe2fff09fea7fef540
00:41:45.282875,I,6e0143fe36ff45fe98fee340
00:41:45.283500,I,270190fe5cff05feb0feb940
00:41:45.284062,I,48019dfe36ff0cfeadfee740
00:41:45.284687,I,88017dfe16ff17fe8ffee740
00:41:45.285250,I,140183fe69ff19fe78fee240
00:41:45.285875,I,340183fe2fff21fe8cfefb40
00:41:45.286437,I,c700aafe3cff19fe9afee740
00:41:45.287062,I,4e01b0fe3cfffbfd8cfeee40
00:41:45.287625,I,4801d0fe56ff2ffea2feb340
00:41:45.288250,I,5b0156fe09ff1bfec7fef640
00:41:45.288812,I,54017dfe76ff0ffeb6fef140
00:41:45.289437,I,950136fefcfe1cfe93fee440
00:41:45.290000,I,0701aafe9cff19fe9cfedf40
00:41:45.290625,I,6e0190fe69fffefd9efea840
00:41:45.291187,I,55015dfe5cff44fe93fe7a40
00:41:45.291812,I,2101b6fe3cff09fea8fe8b40
00:41:45.292375,I,95018afe2fff1bfeb8fead40
00:41:45.293000,I,2e0177fe4fff39fea2fee040
00:41:45.293562,I,010163fe4fff15fe94fecd40
00:41:45.294125,I,5b0150fe5cff4afeb9fed840
00:41:45.294750,I,140197fe63ff48fea9fecc40
00:41:45.295312,I,61014afe23ffb0fea6fee240
00:41:45.295937,I,2e0196fe36ff49feb0fee140
00:41:45.296500,I,3501a3fe43ff3afeb9fee740
00:41:45.297125,I,540196fe3cfffffdd6fec140
00:41:45.297687,I,2801a3fe43fffdfdb8fed640
00:41:45.298312,I,6e0156fe23ff0afeacfebe40
00:41:45.298875,I,0e01bdfe56ff14febffec440
00:41:45.299500,I,db008afe43ff1ffe9cfebc40
00:41:45.300062,I,5501aafe16ff25fe86feb140
00:41:45.300687,I,5b0190fe23ff45fe8dfed640
00:41:45.301250,I,5b018afe49ff3afe9cfebb40
00:41:45.301875,I,3b0183fe09ff32fe9dfebd40
00:41:45.302437,I,280190fe42ff40fe6cfec140
00:41:45.303062,I,2e019dfe62ff04fe88fea640
00:41:45.303625,I,7b015dfe09ff1ffeacfe8940
00:41:45.304250,I,280183fe4fff00fea3feac40
00:41:45.304812,I,61017dfe56ff13fe86fe7e40
00:41:45.305437,I,2101c4fe6fff0afe54febb40
00:41:45.306000,I,550183fe56ff6bfebbfed140
00:41:45.306625,I,0101aafe42ff46fe8cfecb40
00:41:45.307187,I,2101a3fe4fff54fe8cfec640
00:41:45.307812,I,4e018afebcff2dfebefed540
00:41:45.308375,I,01014afe56ff36fe64fee640
00:41:45.309000,I,4e0177fe29ff19fe9ffeaa40
00:41:45.309562,I,470197fe69ff21fea3feb040
00:41:45.310187,I,210176fe10ff22feb6fea140
00:41:45.310750,I,4e01a3fe2fff34fec3fecc40
00:41:45.311375,I,2101bdfe29ff43fed1fedc40
00:41:45.311937,I,7b0177fe1cff56fe7cfece40
00:41:45.312562,I,8e01aafe7cff62feb0feee40
00:41:45.313125,I,4e0190fe69ff49feaefed340
00:41:45.313750,I,410190fe5cff09feb2fea440
00:41:45.314312,I,410183fe1cff28febffeb440
00:41:45.314937,I,680190fe49ff17fed9fea840
00:41:45.315500,I,3b0157fe56ff3dfe9efec140
00:41:45.316125,I,3401b7fe43ff08febefec140
00:41:45.316687,I,fb0043fe3cff17fecdfecb40
00:41:45.317250,I,41012afe36ff37fe8bfecd40
00:41:45.317875,I,5b0190fe4fff01fe93fe0b41
00:41:45.318437,I,540170fe69ff32febafed440
00:41:45.319062,I,5b017dfe29ff4cfeb3fe1b41
00:41:45.319625,I,750190fe9cff47fe54fed840
00:41:45.320250,I,08018afe42ff2efea9fed440
00:41:45.320812,I,410176fe69ff2afe9ffe8940
00:41:45.321437,I,010176fe63fffdfd9cfea840
00:41:45.322000,I,4101d0fe62ff32fe7efeb640
00:41:45.322625,I,340190fe09ff3cfea7feca40
00:41:45.323187,I,5b0123fe4fff2dfe6efed840
00:41:45.323812,I,680176fe95ff14fe7efeca40
00:41:45.324375,I,2801f7fea2ff2dfe6afed240
00:41:45.325000,I,b5016afe29ff62fec9fef040
00:41:45.325562,I,4e0177fe69ff2efea4feaf40
00:41:45.326187,I,210157fe3cff47fec9fead40
00:41:45.326750,I,480183fe49fffefdb0fef640
00:41:45.327375,I,2e01a3fe63ff10fe6bfef740
00:41:45.327937,I,4e01e3fe69ff0cfe7ffebc40
00:41:45.328562,I,48016afe2fff28fe62fedd40
00:41:45.329125,I,0801bdfe56ff26feabfecd40
00:41:45.329750,I,480197fe56ff23fed0feb240
00:41:45.330312,I,5b015dfe75ff52fe90feab40
00:41:45.330937,I,fb0090fe75ff13feb9fe8840
00:41:45.331500,I,550143fe29ff20fe76febf40
00:41:45.332125,I,4101cafe23ff3cfe9afeb340
00:41:45.332687,I,2e0170fe75ff16feb5fec640
00:41:45.333312,I,410163fe56ff29fec8feb440
00:41:45.333875,I,010157fe4fff26fec1feda40
00:41:45.334500,I,680156fe29ff4cfe70fed740
00:41:45.335062,I,1b0183fe4fff4ffe98fee140
00:41:45.335687,I,ee0063fe76ff1ffebdfe8040
00:41:45.336250,I,3b018afe5cff45fea5feb640
00:41:45.336875,I,6e018afe23ff04fe9efeac40
00:41:45.337437,I,4801bdfe3cff46fe9dfeb240
00:41:45.338062,I,6801a3fe42fffdfdb2fece40
00:41:45.338625,I,08019dfe4fff1efedafed140
00:41:45.339250,I,6e01a3fe23ff52fea8febe40
00:41:45.339812,I,08016afe09ff3afe96feb240
00:41:45.340437,I,680190feafff50fec4fea540
00:41:45.341000,I,750170fe10ff40fe8cfed740
00:41:45.341625,I,c100b7fe9cfffbfd96fee740
00:41:45.342187,I,3b015dfe3cff1cfea4fefb40
00:41:45.342750,I,4101aafe42ff44fe98feb640
00:41:45.343375,I,7b017dfe29ff0efe74fec940
00:41:45.343937,I,610163fe42fff4fd9ffea840
00:41:45.344562,I,740190fe5cffedfd78feb740
00:41:45.345125,I,28017dfe2fff24fea6febd40
00:41:45.345750,I,48014afe5cff45fe8cfeec40
00:41:45.346312,I,280196fe5cff4afeb1fedd40
00:41:45.346937,I,080177fe36ff2cfea7fe9a40
00:41:45.347500,I,3b01aafe42ff2cfeb8fec840
00:41:45.348125,I,1b0143fe49ff30fedafeb140
00:41:45.348687,I,210163fe03ff2efeb4feda40
00:41:45.349312,I,680190fe4fff2afe96feb240
00:41:45.349875,I,81015dfe49ff35fe9cfedc40
00:41:45.350500,I,0101a3fe49ff07fea1feca40
00:41:45.351062,I,810177fe7cff1dfe81fee040
00:41:45.351687,I,6e018afe43ff24fe74fed540
00:41:45.352250,I,610183fe82ff10fe6efebf40
00:41:45.352875,I,0701a3fe8ffff4fd7afecb40
00:41:45.353437,I,9b019dfe62ff40fe99fed440
00:41:45.354062,I,470157fe09ff32fe8cfee240
00:41:45.354625,I,8101b0fe7cff4dfe97feba40
00:41:45.355250,I,6e015dfe36ff44feb2fe9f40
00:41:45.355812,I,4e0197fe0fff5dfe84fec040
00:41:45.356437,I,c70097fe29ff1cfec1fecc40
00:41:45.357000,I,1b0197fe3cff41febefed540
00:41:45.357625,I,48018afe4fff22fe86feca40
00:41:45.358187,I,48018afe5cff37fe8efee340
00:41:45.358812,I,4101c4fe2fff17fe9afea540
00:41:45.359375,I,81017dfe4fff56fec1feaa40
00:41:45.360000,I,680157fe49ff72feb4fef640
00:41:45.360562,I,f400d0fe43ff46feb6fed340
00:41:45.361187,I,540176fe96ff3efeb2feb640
00:41:45.361750,I,410150fe16ff27fe8dfea240
00:41:45.362375,I,3b01b7fe76ff49fea5fe9a40
00:41:45.362937,I,75018afe36ff06fea8feb940
00:41:45.363500,I,54016afe2fff54fec4febd40
00:41:45.364125,I,21017dfe95ff45fea1fee540
00:41:45.364687,I,4e0183fe49ff35fec3feee40
00:41:45.365312,I,75015dfe36ff1ffeaafe0c41
00:41:45.365875,I,db0097fe29ff25fe9ffee740
00:41:45.366500,I,480163fe43ff1efea0febd40
00:41:45.367062,I,48015dfe1cff0cfe7efebc40
00:41:45.367687,I,550163fe3cff0bfe92fed440
00:41:45.368250,I,410183fe56ff45fe9bfeb140
00:41:45.368875,I,0e01aafe5cff2cfea4feb140
00:41:45.369437,I,5b0183fe49ff05febffe8840
00:41:45.370062,I,1401bdfe89ff36fe98fea840
00:41:45.370625,I,0e014afe42ff4dfeb4fe9c40
00:41:45.371250,I,610156fe43ff3dfe88fe9540
00:41:45.371812,I,08018afe49ff28fec7fea740
00:41:45.372437,I,75016afe5cff48fe8efee340
00:41:45.373000,I,810170fe6fff44fe93fed040
00:41:45.373625,I,4e015dfe2fff06fe93fed040
00:41:45.374187,I,7b0170fe29ff04fe91fed740
00:41:45.374812,I,350157fe62ff3afe99fefd40
00:41:45.375375,I,880170fe5cff08fea3feea40
00:41:45.376000,I,140197fe2fff13fe9dfece40
00:41:45.376562,I,4e0184fe3cff1dfe7bfeed40
00:41:45.377187,I,ee0077fe4fff56fe90fed540
00:41:45.377750,I,480183fe4fff54fe51fead40
00:41:45.378375,I,1b0190fe23ff66feadfea440
00:41:45.378937,I,210136fe2fff19fea8fe7140
00:41:45.379562,I,550177fe62ff07fe91feac40
00:41:45.380125,I,480156fe75ff1afea4fea540
00:41:45.380750,I,480170fe49ff42fedafead40
00:41:45.381312,I,6e016afe3cff2ffe9cfeb640
00:41:45.381937,I,47015dfe35ff24fea0fee640
00:41:45.382500,I,6e0170fe56ff20fe57fedb40
00:41:45.383125,I,7b0156fe16ff0cfeaffee040
00:41:45.383687,I,740183fe3cff66feb7fee940
00:41:45.384312,I,6e01bdfe4fff1cfea2feef40
00:41:45.384875,I,4e01d0fe5cff41fe90fee040
00:41:45.385437,I,4801a3fe62ff33fe92fe0041
00:41:45.386062,I,750197fe4fff37feabfee840
00:41:45.386625,I,4e0190fe3cff07fe80fed540
00:41:45.387250,I,610183fe6fff3afe7cfeb640
00:41:45.387812,I,1501aafe2fffe8fd9efed240
00:41:45.388437,I,280129fe1cff2efea2fef340
00:41:45.389000,I,210197fe42ff43fee0fef740
00:41:45.389625,I,4101a4fe36ffedfdcafed940
00:41:45.390187,I,410176fe1cff37febafee640
00:41:45.390812,I,4e019dfe8fff16fe8dfeef40
00:41:45.391375,I,68017dfe69ff01fea1feaa40
00:41:45.392000,I,4e0190fe49ff34fea1febb40
00:41:45.392562,I,7b0170fea2ff3ffe9cfea440
00:41:45.393187,I,c70097fe5cfff2fdaefeb840
00:41:45.393750,I,480170fe56ff3bfeb7fec240
00:41:45.394375,I,7b019dfe49ff1afe7cfed240
00:41:45.394937,I,5b0190fe9cff25fedffecf40
00:41:45.395562,I,6e0156fe62ff3afe7afeb340
00:41:45.396125,I,010163fe29ff61fec2fec440
00:41:45.396750,I,470176fe2fff39fe9bfef740
00:41:45.397312,I,41015dfe62ff36feb8fe0141
00:41:45.397937,I,48015dfe36ff20fe8cfeee40
00:41:45.398500,I,0e01bdfeb5fff5fd88fee140
00:41:45.399125,I,210150fe3cff53fe8efed940
00:41:45.399687,I,2e0143fe62ff42fe95feaa40
00:41:45.400312,I,620149fe23ff4ffe9ffeaf40
00:41:45.400875,I,0e0150fe89ff75fe7afe8440
00:41:45.401500,I,4801bdfe56ff09fe59febf40
00:41:45.402062,I,340163fe56ff34fe63fec440
00:41:45.402687,I,4e0170fe29ff56fe9afebc40
00:41:45.403250,I,270169fe3cff30feb6febe40
00:41:45.403875,I,280190fe4fff47fe84fe9c40
00:41:45.404437,I,1b017dfe5cff2efe9dfe9a40
00:41:45.405062,I,7b017dfe4fff2afea5feb240
00:41:45.405625,I,2e0129fe62ff01feabfebe40
00:41:45.406250,I,0e015dfe7cff28fec6fed740
00:41:45.406812,I,480156fef6fe1cfeabfeb640
00:41:45.407437,I,480183fe89ff5efeb6feae40
00:41:45.408000,I,610163fe0fff14feaafefa40
00:41:45.408562,I,610149fe56ff26feacfe2641
00:41:45.409187,I,1501a4fe6fff10fe9cfef740
00:41:45.409750,I,7b0190fe5cff49fe8ffecf40
00:41:45.410375,I,950150fe09ff2efe8dfede40
00:41:45.410937,I,74019dfe6fff04febefec940
00:41:45.411562,I,550136fe1cff42fecbfe9d40
00:41:45.412125,I,480190fe62ff16febcfec240
00:41:45.412750,I,5b0136fe49ff3afe7efed440
00:41:45.413312,I,fb0083fe16ff18fe96febb40
00:41:45.413937,I,1b0190fe43ff3cfe58fea940
00:41:45.414500,I,1b01a3fe3cff3ffe93fead40
00:41:45.415125,I,7b0190fe49ff15fecefeb740
00:41:45.415687,I,2e018afe43ff42feb6fee340
00:41:45.416312,I,88019dfe56ff27feb2fec840
00:41:45.416875,I,28013dfe4fffecfd8efea640
00:41:45.417500,I,0e0163fe56ff49fe99feb240
00:41:45.418062,I,210190fe36ff1efe8ffed040
00:41:45.418687,I,1401b0fe56ff27fe73feb840
00:41:45.419250,I,010183fe62ff50febbfec240
00:41:45.419875,I,340143fe36fffffd75feb040
00:41:45.420437,I,0e01bdfe42ff3efebcfeda40
00:41:45.421062,I,55013dfe4fff37feaefead40
00:41:45.421625,I,1b01aafe56ff14fe96fec240
00:41:45.422250,I,4e017dfe49ff40fe68fec640
00:41:45.422812,I,0801cafe56ff1dfeb1fe0c41
00:41:45.423437,I,6e018afe4fff20fe9afeb440
00:41:45.424000,I,48015dfe23ffcafdb2feb640
00:41:45.424625,I,1401b7fe7cff12fea9fe9640
00:41:45.425187,I,740143fe09ff19febafeab40
00:41:45.425812,I,3b017dfe6fff35fe85fec640
00:41:45.426375,I,6e0130fe3cff59feaafead40
00:41:45.427000,I,280190fe5cff32fea3feaa40
00:41:45.427562,I,480170fe49ff06fea8fede40
00:41:45.428187,I,210170fe2fff14fe72feba40
00:41:45.428750,I,750143fe0fff30fe95feab40
00:41:45.429375,I,1b0156fe4fff5cfe83fec740
00:41:45.429937,I,41018afe7cff1ffec5fed140
00:41:45.430500,I,74017dfe62ff19fe98feb840
00:41:45.431125,I,3b0163fe23ff10fea4fee740
00:41:45.431687,I,48018afe09ff51fecafedd40
00:41:45.432312,I,880163fe55ff35fe9afeaf40
00:41:45.432875,I,3b0176fe29ff35fe99fed540
00:41:45.433500,I,68016afe0fff25feb1fecd40
00:41:45.434062,I,68019dfe16ff27feb6fe8440
00:41:45.434687,I,0e01d0fe75ff0efe95fe9d40
00:41:45.435250,I,08016afe42ff2ffe94feb540
00:41:45.435875,I,4e0136fe22ff17fe9dfed140
00:41:45.436437,I,48018afe62ff3bfe91feda40
00:41:45.437062,I,0801bdfe2fff7dfe95fec840
00:41:45.437625,I,47019dfe36ff3afed4fead40
00:41:45.438250,I,fb0077fe5cff45feabfebf40
00:41:45.438812,I,6e0197fe09ff1bfe8cfee340
00:41:45.439437,I,1b0163fe69ff28feaafee240
00:41:45.440000,I,08019dfe49ff30fe5efedf40
00:41:45.440625,I,070183fe4ffff8fd92fef540
00:41:45.441187,I,3b01cafe3cff31fe98feba40
00:41:45.441812,I,e10090fe82ff0dfecffebc40
00:41:45.442375,I,2e0183fe49ff27fec2fec840
00:41:45.443000,I,2e0170fe42ff19fea4fec340
00:41:45.443562,I,550176fe42ff3dfe9afebf40
00:41:45.444187,I,280197fe29ff33feb2febc40
00:41:45.444750,I,4801b0fe89ff31fe92fed740
00:41:45.445375,I,6e0183fe22ff2afe9efece40
00:41:45.445937,I,07019dfe56ff2ffe8afebd40
00:41:45.446562,I,940190fe1cff20fed0fed840
00:41:45.447125,I,3b0190fe23ff5afeb1fed840
00:41:45.447750,I,1b0137fefcfe65fec3fec540
00:41:45.448312,I,3b0177fe89ff74febffeef40
00:41:45.448937,I,610190fe56ff5cfeb0fed440
00:41:45.449500,I,4101b0fe1cff4afebafe2341
00:41:45.450125,I,6801ddfe69ff34fe79fefc40
00:41:45.450687,I,5b017dfe43ff53feb8fee740
00:41:45.451312,I,f400bdfe82ff16fea0fe0441
00:41:45.451875,I,3b0170fe36ff1cfe87feac40
00:41:45.452437,I,270177fe2fff19fe96fe9c40
00:41:45.453062,I,8e0190fe76ff30fe65fe9d40
00:41:45.453625,I,0801a3fe1cff1efe9afea440
00:41:45.454250,I,6e015dfe0fff2ffe8cfeca40
00:41:45.454812,I,550197fe82ff5afebcfef140
00:41:45.455437,I,41017dfe49fff5fdc1fe2641
00:41:45.456000,I,34019dfe2fff43fea8fe1041
00:41:45.456625,I,4201bdfe82ff52fe9afec340
00:41:45.457187,I,2e01aafe96ff2efea8fed640
00:41:45.457812,I,6e0197fe42ffe3fdb3fed640
00:41:45.458375,I,54017dfe75ff2bfeb5fed240
00:41:45.459000,I,5b017dfe6fff37fee8fef340
00:41:45.459562,I,5b017dfe4ffffdfdb9fec340
00:41:45.460187,I,1b01b1fe4fff0afeabfea940
00:41:45.460750,I,fb008afe5cff20fe9efe9040
00:41:45.461375,I,410190fe16ff29fea5fe9e40
00:41:45.461937,I,0801b0fe62ff23fe88fee840
00:41:45.462562,I,21013dfe2fff50fea0fefd40
00:41:45.463125,I,410184fe3cff17fe8ffeea40
00:41:45.463750,I,0e0177fe75ff18feb1fee340
00:41:45.464312,I,5b0163fe2fff09feb1feb040
00:41:45.464937,I,210150fe42ff4efebafebd40
00:41:45.465500,I,3b0130fe49ff1cfeb7febf40
00:41:45.466125,I,1b01d7fe62ffe3fd96fed040
00:41:45.466687,I,21019dfe29fffffd6efe0f41
00:41:45.467312,I,3b01b0fe29ff66feaefe1841
00:41:45.467875,I,1b013dfe6fff26fe63fedd40
00:41:45.468500,I,61014afe43ff3dfe93feb740
00:41:45.469062,I,3b0190fe69ff2afeaffe9740
00:41:45.469687,I,48014afe3cff09fea2feeb40
00:41:45.470250,I,0e0170fe3cff3bfe98feba40
00:41:45.470875,I,fb0050fe6fff4cfeaffe9b40
00:41:45.471437,I,28016afe4fff40fe90feb340
00:41:45.472062,I,21016afe29ff65fe9efeb140
00:41:45.472625,I,0101c4fe7cfff0fdc2feb940
00:41:45.473250,I,8e0190fe49ff2cfeb6fe6f40
00:41:45.473812,I,680136fe3cff31feb8fecf40
00:41:45.474375,I,410183fe42ff14fec6fe0f41
00:41:45.475000,I,8e0170fe1cff08febcfeb040
00:41:45.475562,I,010196fe69fff5fdb9fed940
00:41:45.476187,I,0801aafe69ff20fe9efe9540
00:41:45.476750,I,3b0170fe56fff0fd73fec240
00:41:45.477375,I,2801aafe69ff2cfe83fee240
00:41:45.477937,I,3501aafe43ff20fec7fefb40
00:41:45.478562,I,5b015dfe76ff1efeb9fec040
00:41:45.479125,I,680170fe56ff51fe98febf40
00:41:45.479750,I,7b019dfe2fff3ffe93feb840
00:41:45.480312,I,5b018afe4fff24fe91fe9240
00:41:45.480937,I,4e016afe96ff2efe67feb040
00:41:45.481500,I,280183fe23ff36fedcfe0041
00:41:45.482125,I,680190fe89ff3cfed0fe1b41
00:41:45.482687,I,0e0156fe42ff30fed0fee940
00:41:45.483312,I,750156fe42ffbefdb0feb840
00:41:45.483875,I,2e0176fe5cff08fea9fe9040
00:41:45.484500,I,3b0170fe69ff11feb8fed740
00:41:45.485062,I,340170fe7cfff4fd98fec840
00:41:45.485687,I,21018afe69ff0dfeaafed240
00:41:45.486250,I,08017dfe89ff4ffeabfebd40
00:41:45.486875,I,340157fe16ff2cfe8dfea140
00:41:45.487437,I,3b0177fe43ff2cfe8efead40
00:41:45.488062,I,6e013dfe29ff33feb3feb440
00:41:45.488625,I,140176fe49ff5cfebefeda40
00:41:45.489250,I,4e0177fe23ff30fe8afee340
00:41:45.489812,I,280163fe43ff4bfe86fe0241
00:41:45.490437,I,5b019dfe36ff55febafed040
00:41:45.491000,I,610143fe5cff25feb6feb940
00:41:45.491625,I,5b017dfef0fe17feb2fee940
00:41:45.492187,I,3b0190fe5cff2cfe9efedd40
00:41:45.492812,I,610170fe4fff49fe8ffe1541
00:41:45.493375,I,ee00aafe4fff3ffea5fef940
00:41:45.494000,I,140143fe2fff4dfec7fed940
00:41:45.494562,I,680177fe49ff1cfebdfec140
00:41:45.495187,I,5b01b7fe56ff3dfeb1feb240
00:41:45.495750,I,1b0163fe56ff4ffed6fec540
00:41:45.496375,I,340163fe62ff3bfebcfe0741
00:41:45.496937,I,5b0183fe4fff30fea0fee440
00:41:45.497500,I,68011dfe4fff19fe67feff40
00:41:45.498125,I,08018afe2fff39fe7dfef840
00:41:45.498687,I,28019dfe5cff49feb1fe1441
00:41:45.499312,I,fb006afe69ff00fea3fef640
00:41:45.499875,I,21018afe42ff19fe90feb440
00:41:45.500500,I,34014afe5cff19fea6febb40
00:41:45.501062,I,7501aafe3cfffafda5fee040
00:41:45.501687,I,4e017dfe49ff1bfe8bfed340
00:41:45.502250,I,21018afea2ff12fe19ffdc40
00:41:45.502874,I,7b01a4fe2ffff2fd88fea240
00:41:45.503437,I,480136fe29ff17febdfeab40
00:41:45.504062,I,7501a3fe56ff22fe64feca40
00:41:45.504625,I,280123fe1cff5bfe94fef440
00:41:45.505249,I,54017dfe29ff40fea6fe1841
00:41:45.505812,I,610183fe3cff25fea7fe0741
00:41:45.506437,I,0701bdfe6fff1bfeaafef040
00:41:45.507000,I,41018afe23ff23fec6fece40
00:41:45.507624,I,4e0190fe88ff54feb5fefc40
00:41:45.508187,I,480197fe2fff28fe9efedd40
00:41:45.508812,I,61015dfe56ff30fe90fee340
00:41:45.509374,I,2101c3fe42ff3afe9afef040
00:41:45.510000,I,5b017dfe43ff44fec2fedc40
00:41:45.510562,I,6101a3fe69ff26fec6febe40
00:41:45.511187,I,db0083fe36ff24fe75feb140
00:41:45.511749,I,6e0170fe49ff20fe82fe9540
00:41:45.512375,I,6e014afe56ff46fea6fea640
00:41:45.512937,I,a2015dfe62ff28fe93fe8840
00:41:45.513562,I,8e018afe62ff25feb9fe8d40
00:41:45.514125,I,6e0184fe4fff14fea7fe9840
00:41:45.514750,I,680190fe29ff0cfe7efe8640
00:41:45.515312,I,74016afe43ff4afe88fe9740
00:41:45.515937,I,21017dfe7cff28feb7fee840
00:41:45.516500,I,15019dfe36ff46fe9afeda40
00:41:45.517125,I,14015dfe55ff60fe84fef640
00:41:45.517687,I,210170fe49ff0afe7dfec540
00:41:45.518250,I,410196fe03ff2ffea6fefe40
00:41:45.518875,I,0e0163fe75ff4cfec7fefd40
00:41:45.519437,I,0e016afe42fff1fd9efe1041
00:41:45.520062,I,680170fe76ff32feb1fefb40
00:41:45.520625,I,2801d1fe5cff61fee4feb440
00:41:45.521250,I,810123fe76ff2cfec5feb140
00:41:45.521812,I,5b01ddfe3cff07feaffed240
00:41:45.522437,I,27018afe5cff50fed9fecb40
00:41:45.523000,I,1b015dfe7cff31feb2fefe40
00:41:45.523625,I,34018afe23ff44feb3fe0541
00:41:45.524187,I,14017dfe1cfff3fd9afebb40
00:41:45.524812,I,ee0070fe6fff4bfed7fec740
00:41:45.525375,I,61014afe42ff3ffeb8fead40
00:41:45.526000,I,4e019dfe4fff1bfea7fed040
00:41:45.526562,I,61018afe6fff04fedefeae40
